checkpoint,task,episode_id,block,metric,horizon_idx,value
R0_base_ACT_handsin,bottle_cupnoodles_shelf,0,motion_token,mse,-1,0.32156991958618164
R0_base_ACT_handsin,bottle_cupnoodles_shelf,0,motion_token,mae,-1,0.47524622082710266
R0_base_ACT_handsin,bottle_cupnoodles_shelf,0,motion_token,normalized_mse,-1,57.924705505371094
R0_base_ACT_handsin,bottle_cupnoodles_shelf,0,motion_token,final_position_error,-1,4.4773736000061035
R0_base_ACT_handsin,bottle_cupnoodles_shelf,0,motion_token,mean_squared_jerk_pred,-1,0.2028084397315979
R0_base_ACT_handsin,bottle_cupnoodles_shelf,0,motion_token,mean_squared_jerk_gt,-1,0.0012229096610099077
R0_base_ACT_handsin,bottle_cupnoodles_shelf,0,motion_token,jerk_ratio_pred_over_gt,-1,165.84090076131534
R0_base_ACT_handsin,bottle_cupnoodles_shelf,0,motion_token,chunk_boundary_discontinuity,-1,0.10020467638969421
R0_base_ACT_handsin,bottle_cupnoodles_shelf,0,motion_token,on_grid_fraction,-1,1.0
R0_base_ACT_handsin,bottle_cupnoodles_shelf,0,motion_token,mse_proprio_ablated,-1,0.3214942216873169
R0_base_ACT_handsin,bottle_cupnoodles_shelf,0,motion_token,proprio_leakage_gap,-1,-7.56978988647461e-05
R0_base_ACT_handsin,bottle_cupnoodles_shelf,0,motion_token,mse_at_horizon_idx,0,0.3192814886569977
R0_base_ACT_handsin,bottle_cupnoodles_shelf,0,motion_token,mse_at_horizon_idx,1,0.3212865889072418
R0_base_ACT_handsin,bottle_cupnoodles_shelf,0,motion_token,mse_at_horizon_idx,2,0.32159340381622314
R0_base_ACT_handsin,bottle_cupnoodles_shelf,0,motion_token,mse_at_horizon_idx,3,0.31872889399528503
R0_base_ACT_handsin,bottle_cupnoodles_shelf,0,motion_token,mse_at_horizon_idx,4,0.3222474753856659
R0_base_ACT_handsin,bottle_cupnoodles_shelf,0,motion_token,mse_at_horizon_idx,5,0.31990835070610046
R0_base_ACT_handsin,bottle_cupnoodles_shelf,0,motion_token,mse_at_horizon_idx,6,0.3199504017829895
R0_base_ACT_handsin,bottle_cupnoodles_shelf,0,motion_token,mse_at_horizon_idx,7,0.32209983468055725
R0_base_ACT_handsin,bottle_cupnoodles_shelf,0,motion_token,mse_at_horizon_idx,8,0.3227704167366028
R0_base_ACT_handsin,bottle_cupnoodles_shelf,0,motion_token,mse_at_horizon_idx,9,0.32268381118774414
R0_base_ACT_handsin,bottle_cupnoodles_shelf,0,motion_token,mse_at_horizon_idx,10,0.32345250248908997
R0_base_ACT_handsin,bottle_cupnoodles_shelf,0,motion_token,mse_at_horizon_idx,11,0.3219398260116577
R0_base_ACT_handsin,bottle_cupnoodles_shelf,0,motion_token,mse_at_horizon_idx,12,0.3226169943809509
R0_base_ACT_handsin,bottle_cupnoodles_shelf,0,motion_token,mse_at_horizon_idx,13,0.32403233647346497
R0_base_ACT_handsin,bottle_cupnoodles_shelf,0,motion_token,mse_at_horizon_idx,14,0.322509765625
R0_base_ACT_handsin,bottle_cupnoodles_shelf,0,motion_token,mse_at_horizon_idx,15,0.32299137115478516
R0_base_ACT_handsin,bottle_cupnoodles_shelf,0,motion_token,mse_at_horizon_idx,16,0.3207439184188843
R0_base_ACT_handsin,bottle_cupnoodles_shelf,0,motion_token,mse_at_horizon_idx,17,0.31920215487480164
R0_base_ACT_handsin,bottle_cupnoodles_shelf,0,motion_token,mse_at_horizon_idx,18,0.32046133279800415
R0_base_ACT_handsin,bottle_cupnoodles_shelf,0,motion_token,mse_at_horizon_idx,19,0.3219403922557831
R0_base_ACT_handsin,bottle_cupnoodles_shelf,0,motion_token,mse_at_horizon_idx,20,0.32119375467300415
R0_base_ACT_handsin,bottle_cupnoodles_shelf,0,motion_token,mse_at_horizon_idx,21,0.3220382034778595
R0_base_ACT_handsin,bottle_cupnoodles_shelf,0,motion_token,mse_at_horizon_idx,22,0.3204044699668884
R0_base_ACT_handsin,bottle_cupnoodles_shelf,0,motion_token,mse_at_horizon_idx,23,0.32089942693710327
R0_base_ACT_handsin,bottle_cupnoodles_shelf,0,motion_token,mse_at_horizon_idx,24,0.32230910658836365
R0_base_ACT_handsin,bottle_cupnoodles_shelf,0,motion_token,mse_at_horizon_idx,25,0.3233734667301178
R0_base_ACT_handsin,bottle_cupnoodles_shelf,0,motion_token,mse_at_horizon_idx,26,0.3221661150455475
R0_base_ACT_handsin,bottle_cupnoodles_shelf,0,motion_token,mse_at_horizon_idx,27,0.32291945815086365
R0_base_ACT_handsin,bottle_cupnoodles_shelf,0,motion_token,mse_at_horizon_idx,28,0.32091113924980164
R0_base_ACT_handsin,bottle_cupnoodles_shelf,0,motion_token,mse_at_horizon_idx,29,0.3205156624317169
R0_base_ACT_handsin,bottle_cupnoodles_shelf,0,motion_token,mse_at_horizon_idx,30,0.3237012028694153
R0_base_ACT_handsin,bottle_cupnoodles_shelf,0,motion_token,mse_at_horizon_idx,31,0.3211026191711426
R0_base_ACT_handsin,bottle_cupnoodles_shelf,0,motion_token,mse_at_horizon_idx,32,0.32293200492858887
R0_base_ACT_handsin,bottle_cupnoodles_shelf,0,motion_token,mse_at_horizon_idx,33,0.32041868567466736
R0_base_ACT_handsin,bottle_cupnoodles_shelf,0,motion_token,mse_at_horizon_idx,34,0.32076817750930786
R0_base_ACT_handsin,bottle_cupnoodles_shelf,0,motion_token,mse_at_horizon_idx,35,0.32296377420425415
R0_base_ACT_handsin,bottle_cupnoodles_shelf,0,motion_token,mse_at_horizon_idx,36,0.3199370801448822
R0_base_ACT_handsin,bottle_cupnoodles_shelf,0,motion_token,mse_at_horizon_idx,37,0.32025146484375
R0_base_ACT_handsin,bottle_cupnoodles_shelf,0,motion_token,mse_at_horizon_idx,38,0.32237932085990906
R0_base_ACT_handsin,bottle_cupnoodles_shelf,0,motion_token,mse_at_horizon_idx,39,0.32114943861961365
R0_base_ACT_handsin,bottle_cupnoodles_shelf,0,right_hand_joints,mse,-1,0.2517234683036804
R0_base_ACT_handsin,bottle_cupnoodles_shelf,0,right_hand_joints,mae,-1,0.4231199026107788
R0_base_ACT_handsin,bottle_cupnoodles_shelf,0,right_hand_joints,normalized_mse,-1,1.5499646663665771
R0_base_ACT_handsin,bottle_cupnoodles_shelf,0,right_hand_joints,final_position_error,-1,1.0240663290023804
R0_base_ACT_handsin,bottle_cupnoodles_shelf,0,right_hand_joints,mean_squared_jerk_pred,-1,0.001437604078091681
R0_base_ACT_handsin,bottle_cupnoodles_shelf,0,right_hand_joints,mean_squared_jerk_gt,-1,0.00014900689711794257
R0_base_ACT_handsin,bottle_cupnoodles_shelf,0,right_hand_joints,jerk_ratio_pred_over_gt,-1,9.64790292192839
R0_base_ACT_handsin,bottle_cupnoodles_shelf,0,right_hand_joints,chunk_boundary_discontinuity,-1,0.0029590039048343897
R0_base_ACT_handsin,bottle_cupnoodles_shelf,0,right_hand_joints,mse_proprio_ablated,-1,0.2517138719558716
R0_base_ACT_handsin,bottle_cupnoodles_shelf,0,right_hand_joints,proprio_leakage_gap,-1,-9.59634780883789e-06
R0_base_ACT_handsin,bottle_cupnoodles_shelf,0,right_hand_joints,mse_at_horizon_idx,0,0.2501431405544281
R0_base_ACT_handsin,bottle_cupnoodles_shelf,0,right_hand_joints,mse_at_horizon_idx,1,0.25057893991470337
R0_base_ACT_handsin,bottle_cupnoodles_shelf,0,right_hand_joints,mse_at_horizon_idx,2,0.25306421518325806
R0_base_ACT_handsin,bottle_cupnoodles_shelf,0,right_hand_joints,mse_at_horizon_idx,3,0.2520197629928589
R0_base_ACT_handsin,bottle_cupnoodles_shelf,0,right_hand_joints,mse_at_horizon_idx,4,0.2532002329826355
R0_base_ACT_handsin,bottle_cupnoodles_shelf,0,right_hand_joints,mse_at_horizon_idx,5,0.25180160999298096
R0_base_ACT_handsin,bottle_cupnoodles_shelf,0,right_hand_joints,mse_at_horizon_idx,6,0.25113189220428467
R0_base_ACT_handsin,bottle_cupnoodles_shelf,0,right_hand_joints,mse_at_horizon_idx,7,0.25348812341690063
R0_base_ACT_handsin,bottle_cupnoodles_shelf,0,right_hand_joints,mse_at_horizon_idx,8,0.24890334904193878
R0_base_ACT_handsin,bottle_cupnoodles_shelf,0,right_hand_joints,mse_at_horizon_idx,9,0.25325265526771545
R0_base_ACT_handsin,bottle_cupnoodles_shelf,0,right_hand_joints,mse_at_horizon_idx,10,0.2514091432094574
R0_base_ACT_handsin,bottle_cupnoodles_shelf,0,right_hand_joints,mse_at_horizon_idx,11,0.2507662773132324
R0_base_ACT_handsin,bottle_cupnoodles_shelf,0,right_hand_joints,mse_at_horizon_idx,12,0.25154489278793335
R0_base_ACT_handsin,bottle_cupnoodles_shelf,0,right_hand_joints,mse_at_horizon_idx,13,0.25404852628707886
R0_base_ACT_handsin,bottle_cupnoodles_shelf,0,right_hand_joints,mse_at_horizon_idx,14,0.25272026658058167
R0_base_ACT_handsin,bottle_cupnoodles_shelf,0,right_hand_joints,mse_at_horizon_idx,15,0.25226765871047974
R0_base_ACT_handsin,bottle_cupnoodles_shelf,0,right_hand_joints,mse_at_horizon_idx,16,0.2513056695461273
R0_base_ACT_handsin,bottle_cupnoodles_shelf,0,right_hand_joints,mse_at_horizon_idx,17,0.2504580020904541
R0_base_ACT_handsin,bottle_cupnoodles_shelf,0,right_hand_joints,mse_at_horizon_idx,18,0.24819034337997437
R0_base_ACT_handsin,bottle_cupnoodles_shelf,0,right_hand_joints,mse_at_horizon_idx,19,0.2493860423564911
R0_base_ACT_handsin,bottle_cupnoodles_shelf,0,right_hand_joints,mse_at_horizon_idx,20,0.24908176064491272
R0_base_ACT_handsin,bottle_cupnoodles_shelf,0,right_hand_joints,mse_at_horizon_idx,21,0.2488231360912323
R0_base_ACT_handsin,bottle_cupnoodles_shelf,0,right_hand_joints,mse_at_horizon_idx,22,0.24901577830314636
R0_base_ACT_handsin,bottle_cupnoodles_shelf,0,right_hand_joints,mse_at_horizon_idx,23,0.24800920486450195
R0_base_ACT_handsin,bottle_cupnoodles_shelf,0,right_hand_joints,mse_at_horizon_idx,24,0.24918816983699799
R0_base_ACT_handsin,bottle_cupnoodles_shelf,0,right_hand_joints,mse_at_horizon_idx,25,0.2503625154495239
R0_base_ACT_handsin,bottle_cupnoodles_shelf,0,right_hand_joints,mse_at_horizon_idx,26,0.2520982027053833
R0_base_ACT_handsin,bottle_cupnoodles_shelf,0,right_hand_joints,mse_at_horizon_idx,27,0.25232645869255066
R0_base_ACT_handsin,bottle_cupnoodles_shelf,0,right_hand_joints,mse_at_horizon_idx,28,0.25120022892951965
R0_base_ACT_handsin,bottle_cupnoodles_shelf,0,right_hand_joints,mse_at_horizon_idx,29,0.253325492143631
R0_base_ACT_handsin,bottle_cupnoodles_shelf,0,right_hand_joints,mse_at_horizon_idx,30,0.25088679790496826
R0_base_ACT_handsin,bottle_cupnoodles_shelf,0,right_hand_joints,mse_at_horizon_idx,31,0.25245338678359985
R0_base_ACT_handsin,bottle_cupnoodles_shelf,0,right_hand_joints,mse_at_horizon_idx,32,0.25339433550834656
R0_base_ACT_handsin,bottle_cupnoodles_shelf,0,right_hand_joints,mse_at_horizon_idx,33,0.2536592483520508
R0_base_ACT_handsin,bottle_cupnoodles_shelf,0,right_hand_joints,mse_at_horizon_idx,34,0.25373712182044983
R0_base_ACT_handsin,bottle_cupnoodles_shelf,0,right_hand_joints,mse_at_horizon_idx,35,0.2544029951095581
R0_base_ACT_handsin,bottle_cupnoodles_shelf,0,right_hand_joints,mse_at_horizon_idx,36,0.25413164496421814
R0_base_ACT_handsin,bottle_cupnoodles_shelf,0,right_hand_joints,mse_at_horizon_idx,37,0.254404217004776
R0_base_ACT_handsin,bottle_cupnoodles_shelf,0,right_hand_joints,mse_at_horizon_idx,38,0.25431227684020996
R0_base_ACT_handsin,bottle_cupnoodles_shelf,0,right_hand_joints,mse_at_horizon_idx,39,0.25441455841064453
R0_base_ACT_handsin,bottle_cupnoodles_shelf,0,right_hand_joints,grasp_precision,-1,0.0
R0_base_ACT_handsin,bottle_cupnoodles_shelf,0,right_hand_joints,grasp_recall,-1,0.0
R0_base_ACT_handsin,bottle_cupnoodles_shelf,0,right_hand_joints,grasp_f1,-1,
R0_base_ACT_handsin,bottle_cupnoodles_shelf,0,right_hand_joints,grasp_n_gt_events,-1,5.0
R0_base_ACT_handsin,bottle_cupnoodles_shelf,0,right_hand_joints,grasp_n_pred_events,-1,14.0
R0_base_ACT_handsin,bottle_cupnoodles_shelf,0,right_hand_joints,grasp_onset_timing_error_signed_steps,-1,
R0_base_ACT_handsin,bottle_cupnoodles_shelf,0,right_hand_joints,grasp_spurious_transitions,-1,14.0
R0_base_ACT_handsin,bottle_cupnoodles_shelf,0,all,mse,-1,0.31650859117507935
R0_base_ACT_handsin,bottle_cupnoodles_shelf,0,all,mae,-1,0.471468985080719
R0_base_ACT_handsin,bottle_cupnoodles_shelf,0,all,normalized_mse,-1,53.83963394165039
R0_base_ACT_handsin,bottle_cupnoodles_shelf,0,all,final_position_error,-1,4.592993259429932
R0_base_ACT_handsin,bottle_cupnoodles_shelf,0,all,mean_squared_jerk_pred,-1,0.18821635842323303
R0_base_ACT_handsin,bottle_cupnoodles_shelf,0,all,mean_squared_jerk_gt,-1,0.0011450906749814749
R0_base_ACT_handsin,bottle_cupnoodles_shelf,0,all,jerk_ratio_pred_over_gt,-1,164.36808240210146
R0_base_ACT_handsin,bottle_cupnoodles_shelf,0,all,chunk_boundary_discontinuity,-1,0.09315789490938187
R0_base_ACT_handsin,bottle_cupnoodles_shelf,0,all,mse_proprio_ablated,-1,0.31643766164779663
R0_base_ACT_handsin,bottle_cupnoodles_shelf,0,all,proprio_leakage_gap,-1,-7.092952728271484e-05
R0_base_ACT_handsin,bottle_cupnoodles_shelf,0,all,mse_at_horizon_idx,0,0.3142714500427246
R0_base_ACT_handsin,bottle_cupnoodles_shelf,0,all,mse_at_horizon_idx,1,0.3161628544330597
R0_base_ACT_handsin,bottle_cupnoodles_shelf,0,all,mse_at_horizon_idx,2,0.316627562046051
R0_base_ACT_handsin,bottle_cupnoodles_shelf,0,all,mse_at_horizon_idx,3,0.31389492750167847
R0_base_ACT_handsin,bottle_cupnoodles_shelf,0,all,mse_at_horizon_idx,4,0.3172440528869629
R0_base_ACT_handsin,bottle_cupnoodles_shelf,0,all,mse_at_horizon_idx,5,0.3149730861186981
R0_base_ACT_handsin,bottle_cupnoodles_shelf,0,all,mse_at_horizon_idx,6,0.31496357917785645
R0_base_ACT_handsin,bottle_cupnoodles_shelf,0,all,mse_at_horizon_idx,7,0.3171279728412628
R0_base_ACT_handsin,bottle_cupnoodles_shelf,0,all,mse_at_horizon_idx,8,0.3174177408218384
R0_base_ACT_handsin,bottle_cupnoodles_shelf,0,all,mse_at_horizon_idx,9,0.31765255331993103
R0_base_ACT_handsin,bottle_cupnoodles_shelf,0,all,mse_at_horizon_idx,10,0.3182319700717926
R0_base_ACT_handsin,bottle_cupnoodles_shelf,0,all,mse_at_horizon_idx,11,0.31678229570388794
R0_base_ACT_handsin,bottle_cupnoodles_shelf,0,all,mse_at_horizon_idx,12,0.3174668252468109
R0_base_ACT_handsin,bottle_cupnoodles_shelf,0,all,mse_at_horizon_idx,13,0.3189610540866852
R0_base_ACT_handsin,bottle_cupnoodles_shelf,0,all,mse_at_horizon_idx,14,0.3174525201320648
R0_base_ACT_handsin,bottle_cupnoodles_shelf,0,all,mse_at_horizon_idx,15,0.3178664445877075
R0_base_ACT_handsin,bottle_cupnoodles_shelf,0,all,mse_at_horizon_idx,16,0.3157121539115906
R0_base_ACT_handsin,bottle_cupnoodles_shelf,0,all,mse_at_horizon_idx,17,0.31422069668769836
R0_base_ACT_handsin,bottle_cupnoodles_shelf,0,all,mse_at_horizon_idx,18,0.315224289894104
R0_base_ACT_handsin,bottle_cupnoodles_shelf,0,all,mse_at_horizon_idx,19,0.3166828155517578
R0_base_ACT_handsin,bottle_cupnoodles_shelf,0,all,mse_at_horizon_idx,20,0.31596824526786804
R0_base_ACT_handsin,bottle_cupnoodles_shelf,0,all,mse_at_horizon_idx,21,0.3167327642440796
R0_base_ACT_handsin,bottle_cupnoodles_shelf,0,all,mse_at_horizon_idx,22,0.3152313530445099
R0_base_ACT_handsin,bottle_cupnoodles_shelf,0,all,mse_at_horizon_idx,23,0.31561753153800964
R0_base_ACT_handsin,bottle_cupnoodles_shelf,0,all,mse_at_horizon_idx,24,0.3170104920864105
R0_base_ACT_handsin,bottle_cupnoodles_shelf,0,all,mse_at_horizon_idx,25,0.3180828392505646
R0_base_ACT_handsin,bottle_cupnoodles_shelf,0,all,mse_at_horizon_idx,26,0.3170887529850006
R0_base_ACT_handsin,bottle_cupnoodles_shelf,0,all,mse_at_horizon_idx,27,0.3178040087223053
R0_base_ACT_handsin,bottle_cupnoodles_shelf,0,all,mse_at_horizon_idx,28,0.3158596158027649
R0_base_ACT_handsin,bottle_cupnoodles_shelf,0,all,mse_at_horizon_idx,29,0.31564682722091675
R0_base_ACT_handsin,bottle_cupnoodles_shelf,0,all,mse_at_horizon_idx,30,0.3184248208999634
R0_base_ACT_handsin,bottle_cupnoodles_shelf,0,all,mse_at_horizon_idx,31,0.31612804532051086
R0_base_ACT_handsin,bottle_cupnoodles_shelf,0,all,mse_at_horizon_idx,32,0.31789302825927734
R0_base_ACT_handsin,bottle_cupnoodles_shelf,0,all,mse_at_horizon_idx,33,0.3155810534954071
R0_base_ACT_handsin,bottle_cupnoodles_shelf,0,all,mse_at_horizon_idx,34,0.31591084599494934
R0_base_ACT_handsin,bottle_cupnoodles_shelf,0,all,mse_at_horizon_idx,35,0.3179956078529358
R0_base_ACT_handsin,bottle_cupnoodles_shelf,0,all,mse_at_horizon_idx,36,0.3151685893535614
R0_base_ACT_handsin,bottle_cupnoodles_shelf,0,all,mse_at_horizon_idx,37,0.31547993421554565
R0_base_ACT_handsin,bottle_cupnoodles_shelf,0,all,mse_at_horizon_idx,38,0.31744691729545593
R0_base_ACT_handsin,bottle_cupnoodles_shelf,0,all,mse_at_horizon_idx,39,0.31631359457969666
R0_base_ACT_handsin,cup_wipe_sponge_dryingrack,2,motion_token,mse,-1,0.35311248898506165
R0_base_ACT_handsin,cup_wipe_sponge_dryingrack,2,motion_token,mae,-1,0.5085956454277039
R0_base_ACT_handsin,cup_wipe_sponge_dryingrack,2,motion_token,normalized_mse,-1,111.7862777709961
R0_base_ACT_handsin,cup_wipe_sponge_dryingrack,2,motion_token,final_position_error,-1,4.8472771644592285
R0_base_ACT_handsin,cup_wipe_sponge_dryingrack,2,motion_token,mean_squared_jerk_pred,-1,0.1996230185031891
R0_base_ACT_handsin,cup_wipe_sponge_dryingrack,2,motion_token,mean_squared_jerk_gt,-1,0.0009948730003088713
R0_base_ACT_handsin,cup_wipe_sponge_dryingrack,2,motion_token,jerk_ratio_pred_over_gt,-1,200.65176001480944
R0_base_ACT_handsin,cup_wipe_sponge_dryingrack,2,motion_token,chunk_boundary_discontinuity,-1,0.10141296684741974
R0_base_ACT_handsin,cup_wipe_sponge_dryingrack,2,motion_token,on_grid_fraction,-1,1.0
R0_base_ACT_handsin,cup_wipe_sponge_dryingrack,2,motion_token,mse_proprio_ablated,-1,0.3529813885688782
R0_base_ACT_handsin,cup_wipe_sponge_dryingrack,2,motion_token,proprio_leakage_gap,-1,-0.00013110041618347168
R0_base_ACT_handsin,cup_wipe_sponge_dryingrack,2,motion_token,mse_at_horizon_idx,0,0.352690190076828
R0_base_ACT_handsin,cup_wipe_sponge_dryingrack,2,motion_token,mse_at_horizon_idx,1,0.3534952700138092
R0_base_ACT_handsin,cup_wipe_sponge_dryingrack,2,motion_token,mse_at_horizon_idx,2,0.358796626329422
R0_base_ACT_handsin,cup_wipe_sponge_dryingrack,2,motion_token,mse_at_horizon_idx,3,0.3545474112033844
R0_base_ACT_handsin,cup_wipe_sponge_dryingrack,2,motion_token,mse_at_horizon_idx,4,0.3558553159236908
R0_base_ACT_handsin,cup_wipe_sponge_dryingrack,2,motion_token,mse_at_horizon_idx,5,0.3512485921382904
R0_base_ACT_handsin,cup_wipe_sponge_dryingrack,2,motion_token,mse_at_horizon_idx,6,0.3552740216255188
R0_base_ACT_handsin,cup_wipe_sponge_dryingrack,2,motion_token,mse_at_horizon_idx,7,0.3527337908744812
R0_base_ACT_handsin,cup_wipe_sponge_dryingrack,2,motion_token,mse_at_horizon_idx,8,0.3524867594242096
R0_base_ACT_handsin,cup_wipe_sponge_dryingrack,2,motion_token,mse_at_horizon_idx,9,0.3591541051864624
R0_base_ACT_handsin,cup_wipe_sponge_dryingrack,2,motion_token,mse_at_horizon_idx,10,0.3568318784236908
R0_base_ACT_handsin,cup_wipe_sponge_dryingrack,2,motion_token,mse_at_horizon_idx,11,0.3555762767791748
R0_base_ACT_handsin,cup_wipe_sponge_dryingrack,2,motion_token,mse_at_horizon_idx,12,0.3534952700138092
R0_base_ACT_handsin,cup_wipe_sponge_dryingrack,2,motion_token,mse_at_horizon_idx,13,0.3522094786167145
R0_base_ACT_handsin,cup_wipe_sponge_dryingrack,2,motion_token,mse_at_horizon_idx,14,0.35138243436813354
R0_base_ACT_handsin,cup_wipe_sponge_dryingrack,2,motion_token,mse_at_horizon_idx,15,0.35168153047561646
R0_base_ACT_handsin,cup_wipe_sponge_dryingrack,2,motion_token,mse_at_horizon_idx,16,0.35057371854782104
R0_base_ACT_handsin,cup_wipe_sponge_dryingrack,2,motion_token,mse_at_horizon_idx,17,0.3486084043979645
R0_base_ACT_handsin,cup_wipe_sponge_dryingrack,2,motion_token,mse_at_horizon_idx,18,0.350454717874527
R0_base_ACT_handsin,cup_wipe_sponge_dryingrack,2,motion_token,mse_at_horizon_idx,19,0.352651983499527
R0_base_ACT_handsin,cup_wipe_sponge_dryingrack,2,motion_token,mse_at_horizon_idx,20,0.3533386290073395
R0_base_ACT_handsin,cup_wipe_sponge_dryingrack,2,motion_token,mse_at_horizon_idx,21,0.3519958555698395
R0_base_ACT_handsin,cup_wipe_sponge_dryingrack,2,motion_token,mse_at_horizon_idx,22,0.352560430765152
R0_base_ACT_handsin,cup_wipe_sponge_dryingrack,2,motion_token,mse_at_horizon_idx,23,0.35293275117874146
R0_base_ACT_handsin,cup_wipe_sponge_dryingrack,2,motion_token,mse_at_horizon_idx,24,0.349853515625
R0_base_ACT_handsin,cup_wipe_sponge_dryingrack,2,motion_token,mse_at_horizon_idx,25,0.3525848388671875
R0_base_ACT_handsin,cup_wipe_sponge_dryingrack,2,motion_token,mse_at_horizon_idx,26,0.35383909940719604
R0_base_ACT_handsin,cup_wipe_sponge_dryingrack,2,motion_token,mse_at_horizon_idx,27,0.351583868265152
R0_base_ACT_handsin,cup_wipe_sponge_dryingrack,2,motion_token,mse_at_horizon_idx,28,0.353079229593277
R0_base_ACT_handsin,cup_wipe_sponge_dryingrack,2,motion_token,mse_at_horizon_idx,29,0.3475708067417145
R0_base_ACT_handsin,cup_wipe_sponge_dryingrack,2,motion_token,mse_at_horizon_idx,30,0.3535308837890625
R0_base_ACT_handsin,cup_wipe_sponge_dryingrack,2,motion_token,mse_at_horizon_idx,31,0.3503479063510895
R0_base_ACT_handsin,cup_wipe_sponge_dryingrack,2,motion_token,mse_at_horizon_idx,32,0.35522764921188354
R0_base_ACT_handsin,cup_wipe_sponge_dryingrack,2,motion_token,mse_at_horizon_idx,33,0.3509674072265625
R0_base_ACT_handsin,cup_wipe_sponge_dryingrack,2,motion_token,mse_at_horizon_idx,34,0.35592955350875854
R0_base_ACT_handsin,cup_wipe_sponge_dryingrack,2,motion_token,mse_at_horizon_idx,35,0.35516357421875
R0_base_ACT_handsin,cup_wipe_sponge_dryingrack,2,motion_token,mse_at_horizon_idx,36,0.35254210233688354
R0_base_ACT_handsin,cup_wipe_sponge_dryingrack,2,motion_token,mse_at_horizon_idx,37,0.353982537984848
R0_base_ACT_handsin,cup_wipe_sponge_dryingrack,2,motion_token,mse_at_horizon_idx,38,0.3534301817417145
R0_base_ACT_handsin,cup_wipe_sponge_dryingrack,2,motion_token,mse_at_horizon_idx,39,0.3532043397426605
R0_base_ACT_handsin,cup_wipe_sponge_dryingrack,2,left_hand_joints,mse,-1,0.4703359305858612
R0_base_ACT_handsin,cup_wipe_sponge_dryingrack,2,left_hand_joints,mae,-1,0.5702836513519287
R0_base_ACT_handsin,cup_wipe_sponge_dryingrack,2,left_hand_joints,normalized_mse,-1,2.0800061225891113
R0_base_ACT_handsin,cup_wipe_sponge_dryingrack,2,left_hand_joints,final_position_error,-1,0.051695678383111954
R0_base_ACT_handsin,cup_wipe_sponge_dryingrack,2,left_hand_joints,mean_squared_jerk_pred,-1,0.0014888966688886285
R0_base_ACT_handsin,cup_wipe_sponge_dryingrack,2,left_hand_joints,mean_squared_jerk_gt,-1,0.00030419768881984055
R0_base_ACT_handsin,cup_wipe_sponge_dryingrack,2,left_hand_joints,jerk_ratio_pred_over_gt,-1,4.894503553478407
R0_base_ACT_handsin,cup_wipe_sponge_dryingrack,2,left_hand_joints,chunk_boundary_discontinuity,-1,0.004426576662808657
R0_base_ACT_handsin,cup_wipe_sponge_dryingrack,2,left_hand_joints,mse_proprio_ablated,-1,0.47121602296829224
R0_base_ACT_handsin,cup_wipe_sponge_dryingrack,2,left_hand_joints,proprio_leakage_gap,-1,0.0008800923824310303
R0_base_ACT_handsin,cup_wipe_sponge_dryingrack,2,left_hand_joints,mse_at_horizon_idx,0,0.43159136176109314
R0_base_ACT_handsin,cup_wipe_sponge_dryingrack,2,left_hand_joints,mse_at_horizon_idx,1,0.43592485785484314
R0_base_ACT_handsin,cup_wipe_sponge_dryingrack,2,left_hand_joints,mse_at_horizon_idx,2,0.41855481266975403
R0_base_ACT_handsin,cup_wipe_sponge_dryingrack,2,left_hand_joints,mse_at_horizon_idx,3,0.42588144540786743
R0_base_ACT_handsin,cup_wipe_sponge_dryingrack,2,left_hand_joints,mse_at_horizon_idx,4,0.4301513135433197
R0_base_ACT_handsin,cup_wipe_sponge_dryingrack,2,left_hand_joints,mse_at_horizon_idx,5,0.4279422163963318
R0_base_ACT_handsin,cup_wipe_sponge_dryingrack,2,left_hand_joints,mse_at_horizon_idx,6,0.43446972966194153
R0_base_ACT_handsin,cup_wipe_sponge_dryingrack,2,left_hand_joints,mse_at_horizon_idx,7,0.4408184587955475
R0_base_ACT_handsin,cup_wipe_sponge_dryingrack,2,left_hand_joints,mse_at_horizon_idx,8,0.4380834996700287
R0_base_ACT_handsin,cup_wipe_sponge_dryingrack,2,left_hand_joints,mse_at_horizon_idx,9,0.43858933448791504
R0_base_ACT_handsin,cup_wipe_sponge_dryingrack,2,left_hand_joints,mse_at_horizon_idx,10,0.44602230191230774
R0_base_ACT_handsin,cup_wipe_sponge_dryingrack,2,left_hand_joints,mse_at_horizon_idx,11,0.45080551505088806
R0_base_ACT_handsin,cup_wipe_sponge_dryingrack,2,left_hand_joints,mse_at_horizon_idx,12,0.445576936006546
R0_base_ACT_handsin,cup_wipe_sponge_dryingrack,2,left_hand_joints,mse_at_horizon_idx,13,0.49002641439437866
R0_base_ACT_handsin,cup_wipe_sponge_dryingrack,2,left_hand_joints,mse_at_horizon_idx,14,0.4960048794746399
R0_base_ACT_handsin,cup_wipe_sponge_dryingrack,2,left_hand_joints,mse_at_horizon_idx,15,0.48211902379989624
R0_base_ACT_handsin,cup_wipe_sponge_dryingrack,2,left_hand_joints,mse_at_horizon_idx,16,0.49936288595199585
R0_base_ACT_handsin,cup_wipe_sponge_dryingrack,2,left_hand_joints,mse_at_horizon_idx,17,0.504845380783081
R0_base_ACT_handsin,cup_wipe_sponge_dryingrack,2,left_hand_joints,mse_at_horizon_idx,18,0.499851793050766
R0_base_ACT_handsin,cup_wipe_sponge_dryingrack,2,left_hand_joints,mse_at_horizon_idx,19,0.4881744384765625
R0_base_ACT_handsin,cup_wipe_sponge_dryingrack,2,left_hand_joints,mse_at_horizon_idx,20,0.4943334460258484
R0_base_ACT_handsin,cup_wipe_sponge_dryingrack,2,left_hand_joints,mse_at_horizon_idx,21,0.47829023003578186
R0_base_ACT_handsin,cup_wipe_sponge_dryingrack,2,left_hand_joints,mse_at_horizon_idx,22,0.4977473318576813
R0_base_ACT_handsin,cup_wipe_sponge_dryingrack,2,left_hand_joints,mse_at_horizon_idx,23,0.5000402927398682
R0_base_ACT_handsin,cup_wipe_sponge_dryingrack,2,left_hand_joints,mse_at_horizon_idx,24,0.48915010690689087
R0_base_ACT_handsin,cup_wipe_sponge_dryingrack,2,left_hand_joints,mse_at_horizon_idx,25,0.49655795097351074
R0_base_ACT_handsin,cup_wipe_sponge_dryingrack,2,left_hand_joints,mse_at_horizon_idx,26,0.49574312567710876
R0_base_ACT_handsin,cup_wipe_sponge_dryingrack,2,left_hand_joints,mse_at_horizon_idx,27,0.5072194933891296
R0_base_ACT_handsin,cup_wipe_sponge_dryingrack,2,left_hand_joints,mse_at_horizon_idx,28,0.4929913580417633
R0_base_ACT_handsin,cup_wipe_sponge_dryingrack,2,left_hand_joints,mse_at_horizon_idx,29,0.49615564942359924
R0_base_ACT_handsin,cup_wipe_sponge_dryingrack,2,left_hand_joints,mse_at_horizon_idx,30,0.48533710837364197
R0_base_ACT_handsin,cup_wipe_sponge_dryingrack,2,left_hand_joints,mse_at_horizon_idx,31,0.49066638946533203
R0_base_ACT_handsin,cup_wipe_sponge_dryingrack,2,left_hand_joints,mse_at_horizon_idx,32,0.483256995677948
R0_base_ACT_handsin,cup_wipe_sponge_dryingrack,2,left_hand_joints,mse_at_horizon_idx,33,0.48256421089172363
R0_base_ACT_handsin,cup_wipe_sponge_dryingrack,2,left_hand_joints,mse_at_horizon_idx,34,0.4669906198978424
R0_base_ACT_handsin,cup_wipe_sponge_dryingrack,2,left_hand_joints,mse_at_horizon_idx,35,0.4714440405368805
R0_base_ACT_handsin,cup_wipe_sponge_dryingrack,2,left_hand_joints,mse_at_horizon_idx,36,0.473506361246109
R0_base_ACT_handsin,cup_wipe_sponge_dryingrack,2,left_hand_joints,mse_at_horizon_idx,37,0.468630850315094
R0_base_ACT_handsin,cup_wipe_sponge_dryingrack,2,left_hand_joints,mse_at_horizon_idx,38,0.47691482305526733
R0_base_ACT_handsin,cup_wipe_sponge_dryingrack,2,left_hand_joints,mse_at_horizon_idx,39,0.4635991156101227
R0_base_ACT_handsin,cup_wipe_sponge_dryingrack,2,left_hand_joints,grasp_precision,-1,0.25
R0_base_ACT_handsin,cup_wipe_sponge_dryingrack,2,left_hand_joints,grasp_recall,-1,0.3333333333333333
R0_base_ACT_handsin,cup_wipe_sponge_dryingrack,2,left_hand_joints,grasp_f1,-1,0.28571428571428575
R0_base_ACT_handsin,cup_wipe_sponge_dryingrack,2,left_hand_joints,grasp_n_gt_events,-1,3.0
R0_base_ACT_handsin,cup_wipe_sponge_dryingrack,2,left_hand_joints,grasp_n_pred_events,-1,4.0
R0_base_ACT_handsin,cup_wipe_sponge_dryingrack,2,left_hand_joints,grasp_onset_timing_error_signed_steps,-1,-6.0
R0_base_ACT_handsin,cup_wipe_sponge_dryingrack,2,left_hand_joints,grasp_spurious_transitions,-1,3.0
R0_base_ACT_handsin,cup_wipe_sponge_dryingrack,2,right_hand_joints,mse,-1,0.2690315544605255
R0_base_ACT_handsin,cup_wipe_sponge_dryingrack,2,right_hand_joints,mae,-1,0.48494866490364075
R0_base_ACT_handsin,cup_wipe_sponge_dryingrack,2,right_hand_joints,normalized_mse,-1,1.1701858043670654
R0_base_ACT_handsin,cup_wipe_sponge_dryingrack,2,right_hand_joints,final_position_error,-1,0.23677487671375275
R0_base_ACT_handsin,cup_wipe_sponge_dryingrack,2,right_hand_joints,mean_squared_jerk_pred,-1,0.0016028539976105094
R0_base_ACT_handsin,cup_wipe_sponge_dryingrack,2,right_hand_joints,mean_squared_jerk_gt,-1,0.0003470222873147577
R0_base_ACT_handsin,cup_wipe_sponge_dryingrack,2,right_hand_joints,jerk_ratio_pred_over_gt,-1,4.6188791216072
R0_base_ACT_handsin,cup_wipe_sponge_dryingrack,2,right_hand_joints,chunk_boundary_discontinuity,-1,0.0048822457902133465
R0_base_ACT_handsin,cup_wipe_sponge_dryingrack,2,right_hand_joints,mse_proprio_ablated,-1,0.26901620626449585
R0_base_ACT_handsin,cup_wipe_sponge_dryingrack,2,right_hand_joints,proprio_leakage_gap,-1,-1.5348196029663086e-05
R0_base_ACT_handsin,cup_wipe_sponge_dryingrack,2,right_hand_joints,mse_at_horizon_idx,0,0.25777190923690796
R0_base_ACT_handsin,cup_wipe_sponge_dryingrack,2,right_hand_joints,mse_at_horizon_idx,1,0.2587985396385193
R0_base_ACT_handsin,cup_wipe_sponge_dryingrack,2,right_hand_joints,mse_at_horizon_idx,2,0.2630695700645447
R0_base_ACT_handsin,cup_wipe_sponge_dryingrack,2,right_hand_joints,mse_at_horizon_idx,3,0.26152798533439636
R0_base_ACT_handsin,cup_wipe_sponge_dryingrack,2,right_hand_joints,mse_at_horizon_idx,4,0.2645997107028961
R0_base_ACT_handsin,cup_wipe_sponge_dryingrack,2,right_hand_joints,mse_at_horizon_idx,5,0.2673688530921936
R0_base_ACT_handsin,cup_wipe_sponge_dryingrack,2,right_hand_joints,mse_at_horizon_idx,6,0.2647911608219147
R0_base_ACT_handsin,cup_wipe_sponge_dryingrack,2,right_hand_joints,mse_at_horizon_idx,7,0.2736567556858063
R0_base_ACT_handsin,cup_wipe_sponge_dryingrack,2,right_hand_joints,mse_at_horizon_idx,8,0.2728159427642822
R0_base_ACT_handsin,cup_wipe_sponge_dryingrack,2,right_hand_joints,mse_at_horizon_idx,9,0.27030426263809204
R0_base_ACT_handsin,cup_wipe_sponge_dryingrack,2,right_hand_joints,mse_at_horizon_idx,10,0.2689632475376129
R0_base_ACT_handsin,cup_wipe_sponge_dryingrack,2,right_hand_joints,mse_at_horizon_idx,11,0.27042290568351746
R0_base_ACT_handsin,cup_wipe_sponge_dryingrack,2,right_hand_joints,mse_at_horizon_idx,12,0.26587948203086853
R0_base_ACT_handsin,cup_wipe_sponge_dryingrack,2,right_hand_joints,mse_at_horizon_idx,13,0.2739618122577667
R0_base_ACT_handsin,cup_wipe_sponge_dryingrack,2,right_hand_joints,mse_at_horizon_idx,14,0.27528566122055054
R0_base_ACT_handsin,cup_wipe_sponge_dryingrack,2,right_hand_joints,mse_at_horizon_idx,15,0.2730540633201599
R0_base_ACT_handsin,cup_wipe_sponge_dryingrack,2,right_hand_joints,mse_at_horizon_idx,16,0.27017492055892944
R0_base_ACT_handsin,cup_wipe_sponge_dryingrack,2,right_hand_joints,mse_at_horizon_idx,17,0.2696944773197174
R0_base_ACT_handsin,cup_wipe_sponge_dryingrack,2,right_hand_joints,mse_at_horizon_idx,18,0.26625460386276245
R0_base_ACT_handsin,cup_wipe_sponge_dryingrack,2,right_hand_joints,mse_at_horizon_idx,19,0.2656744122505188
R0_base_ACT_handsin,cup_wipe_sponge_dryingrack,2,right_hand_joints,mse_at_horizon_idx,20,0.26677998900413513
R0_base_ACT_handsin,cup_wipe_sponge_dryingrack,2,right_hand_joints,mse_at_horizon_idx,21,0.2683442533016205
R0_base_ACT_handsin,cup_wipe_sponge_dryingrack,2,right_hand_joints,mse_at_horizon_idx,22,0.2661392092704773
R0_base_ACT_handsin,cup_wipe_sponge_dryingrack,2,right_hand_joints,mse_at_horizon_idx,23,0.26464635133743286
R0_base_ACT_handsin,cup_wipe_sponge_dryingrack,2,right_hand_joints,mse_at_horizon_idx,24,0.26849865913391113
R0_base_ACT_handsin,cup_wipe_sponge_dryingrack,2,right_hand_joints,mse_at_horizon_idx,25,0.26962241530418396
R0_base_ACT_handsin,cup_wipe_sponge_dryingrack,2,right_hand_joints,mse_at_horizon_idx,26,0.2728955149650574
R0_base_ACT_handsin,cup_wipe_sponge_dryingrack,2,right_hand_joints,mse_at_horizon_idx,27,0.2790725529193878
R0_base_ACT_handsin,cup_wipe_sponge_dryingrack,2,right_hand_joints,mse_at_horizon_idx,28,0.2735326290130615
R0_base_ACT_handsin,cup_wipe_sponge_dryingrack,2,right_hand_joints,mse_at_horizon_idx,29,0.27637702226638794
R0_base_ACT_handsin,cup_wipe_sponge_dryingrack,2,right_hand_joints,mse_at_horizon_idx,30,0.2721997797489166
R0_base_ACT_handsin,cup_wipe_sponge_dryingrack,2,right_hand_joints,mse_at_horizon_idx,31,0.27399730682373047
R0_base_ACT_handsin,cup_wipe_sponge_dryingrack,2,right_hand_joints,mse_at_horizon_idx,32,0.2743116021156311
R0_base_ACT_handsin,cup_wipe_sponge_dryingrack,2,right_hand_joints,mse_at_horizon_idx,33,0.26767152547836304
R0_base_ACT_handsin,cup_wipe_sponge_dryingrack,2,right_hand_joints,mse_at_horizon_idx,34,0.2714534401893616
R0_base_ACT_handsin,cup_wipe_sponge_dryingrack,2,right_hand_joints,mse_at_horizon_idx,35,0.2682743966579437
R0_base_ACT_handsin,cup_wipe_sponge_dryingrack,2,right_hand_joints,mse_at_horizon_idx,36,0.2685377597808838
R0_base_ACT_handsin,cup_wipe_sponge_dryingrack,2,right_hand_joints,mse_at_horizon_idx,37,0.272266149520874
R0_base_ACT_handsin,cup_wipe_sponge_dryingrack,2,right_hand_joints,mse_at_horizon_idx,38,0.26571372151374817
R0_base_ACT_handsin,cup_wipe_sponge_dryingrack,2,right_hand_joints,mse_at_horizon_idx,39,0.26872947812080383
R0_base_ACT_handsin,cup_wipe_sponge_dryingrack,2,right_hand_joints,grasp_precision,-1,0.0
R0_base_ACT_handsin,cup_wipe_sponge_dryingrack,2,right_hand_joints,grasp_recall,-1,0.0
R0_base_ACT_handsin,cup_wipe_sponge_dryingrack,2,right_hand_joints,grasp_f1,-1,
R0_base_ACT_handsin,cup_wipe_sponge_dryingrack,2,right_hand_joints,grasp_n_gt_events,-1,3.0
R0_base_ACT_handsin,cup_wipe_sponge_dryingrack,2,right_hand_joints,grasp_n_pred_events,-1,3.0
R0_base_ACT_handsin,cup_wipe_sponge_dryingrack,2,right_hand_joints,grasp_onset_timing_error_signed_steps,-1,
R0_base_ACT_handsin,cup_wipe_sponge_dryingrack,2,right_hand_joints,grasp_spurious_transitions,-1,3.0
R0_base_ACT_handsin,cup_wipe_sponge_dryingrack,2,all,mse,-1,0.3536146283149719
R0_base_ACT_handsin,cup_wipe_sponge_dryingrack,2,all,mae,-1,0.5091720819473267
R0_base_ACT_handsin,cup_wipe_sponge_dryingrack,2,all,normalized_mse,-1,108.44815826416016
R0_base_ACT_handsin,cup_wipe_sponge_dryingrack,2,all,final_position_error,-1,4.853331565856934
R0_base_ACT_handsin,cup_wipe_sponge_dryingrack,2,all,mean_squared_jerk_pred,-1,0.19362066686153412
R0_base_ACT_handsin,cup_wipe_sponge_dryingrack,2,all,mean_squared_jerk_gt,-1,0.0009745923453010619
R0_base_ACT_handsin,cup_wipe_sponge_dryingrack,2,all,jerk_ratio_pred_over_gt,-1,198.6683640550477
R0_base_ACT_handsin,cup_wipe_sponge_dryingrack,2,all,chunk_boundary_discontinuity,-1,0.09848089516162872
R0_base_ACT_handsin,cup_wipe_sponge_dryingrack,2,all,mse_proprio_ablated,-1,0.353500634431839
R0_base_ACT_handsin,cup_wipe_sponge_dryingrack,2,all,proprio_leakage_gap,-1,-0.00011399388313293457
R0_base_ACT_handsin,cup_wipe_sponge_dryingrack,2,all,mse_at_horizon_idx,0,0.3524475395679474
R0_base_ACT_handsin,cup_wipe_sponge_dryingrack,2,all,mse_at_horizon_idx,1,0.3533094525337219
R0_base_ACT_handsin,cup_wipe_sponge_dryingrack,2,all,mse_at_horizon_idx,2,0.3582516610622406
R0_base_ACT_handsin,cup_wipe_sponge_dryingrack,2,all,mse_at_horizon_idx,3,0.35421887040138245
R0_base_ACT_handsin,cup_wipe_sponge_dryingrack,2,all,mse_at_horizon_idx,4,0.3555983304977417
R0_base_ACT_handsin,cup_wipe_sponge_dryingrack,2,all,mse_at_horizon_idx,5,0.35113972425460815
R0_base_ACT_handsin,cup_wipe_sponge_dryingrack,2,all,mse_at_horizon_idx,6,0.3551029562950134
R0_base_ACT_handsin,cup_wipe_sponge_dryingrack,2,all,mse_at_horizon_idx,7,0.35287025570869446
R0_base_ACT_handsin,cup_wipe_sponge_dryingrack,2,all,mse_at_horizon_idx,8,0.35257649421691895
R0_base_ACT_handsin,cup_wipe_sponge_dryingrack,2,all,mse_at_horizon_idx,9,0.3590114712715149
R0_base_ACT_handsin,cup_wipe_sponge_dryingrack,2,all,mse_at_horizon_idx,10,0.3568519055843353
R0_base_ACT_handsin,cup_wipe_sponge_dryingrack,2,all,mse_at_horizon_idx,11,0.35572895407676697
R0_base_ACT_handsin,cup_wipe_sponge_dryingrack,2,all,mse_at_horizon_idx,12,0.3535629212856293
R0_base_ACT_handsin,cup_wipe_sponge_dryingrack,2,all,mse_at_horizon_idx,13,0.35311204195022583
R0_base_ACT_handsin,cup_wipe_sponge_dryingrack,2,all,mse_at_horizon_idx,14,0.35242071747779846
R0_base_ACT_handsin,cup_wipe_sponge_dryingrack,2,all,mse_at_horizon_idx,15,0.35246649384498596
R0_base_ACT_handsin,cup_wipe_sponge_dryingrack,2,all,mse_at_horizon_idx,16,0.3516099750995636
R0_base_ACT_handsin,cup_wipe_sponge_dryingrack,2,all,mse_at_horizon_idx,17,0.3497799336910248
R0_base_ACT_handsin,cup_wipe_sponge_dryingrack,2,all,mse_at_horizon_idx,18,0.35144251585006714
R0_base_ACT_handsin,cup_wipe_sponge_dryingrack,2,all,mse_at_horizon_idx,19,0.3533874750137329
R0_base_ACT_handsin,cup_wipe_sponge_dryingrack,2,all,mse_at_horizon_idx,20,0.35416340827941895
R0_base_ACT_handsin,cup_wipe_sponge_dryingrack,2,all,mse_at_horizon_idx,21,0.3526419401168823
R0_base_ACT_handsin,cup_wipe_sponge_dryingrack,2,all,mse_at_horizon_idx,22,0.35345083475112915
R0_base_ACT_handsin,cup_wipe_sponge_dryingrack,2,all,mse_at_horizon_idx,23,0.3538239598274231
R0_base_ACT_handsin,cup_wipe_sponge_dryingrack,2,all,mse_at_horizon_idx,24,0.35073143243789673
R0_base_ACT_handsin,cup_wipe_sponge_dryingrack,2,all,mse_at_horizon_idx,25,0.35350924730300903
R0_base_ACT_handsin,cup_wipe_sponge_dryingrack,2,all,mse_at_horizon_idx,26,0.3547627925872803
R0_base_ACT_handsin,cup_wipe_sponge_dryingrack,2,all,mse_at_horizon_idx,27,0.35284334421157837
R0_base_ACT_handsin,cup_wipe_sponge_dryingrack,2,all,mse_at_horizon_idx,28,0.35399386286735535
R0_base_ACT_handsin,cup_wipe_sponge_dryingrack,2,all,mse_at_horizon_idx,29,0.34874337911605835
R0_base_ACT_handsin,cup_wipe_sponge_dryingrack,2,all,mse_at_horizon_idx,30,0.35429567098617554
R0_base_ACT_handsin,cup_wipe_sponge_dryingrack,2,all,mse_at_horizon_idx,31,0.3513171076774597
R0_base_ACT_handsin,cup_wipe_sponge_dryingrack,2,all,mse_at_horizon_idx,32,0.3559414744377136
R0_base_ACT_handsin,cup_wipe_sponge_dryingrack,2,all,mse_at_horizon_idx,33,0.35169923305511475
R0_base_ACT_handsin,cup_wipe_sponge_dryingrack,2,all,mse_at_horizon_idx,34,0.35633236169815063
R0_base_ACT_handsin,cup_wipe_sponge_dryingrack,2,all,mse_at_horizon_idx,35,0.35560888051986694
R0_base_ACT_handsin,cup_wipe_sponge_dryingrack,2,all,mse_at_horizon_idx,36,0.3531021177768707
R0_base_ACT_handsin,cup_wipe_sponge_dryingrack,2,all,mse_at_horizon_idx,37,0.3544815182685852
R0_base_ACT_handsin,cup_wipe_sponge_dryingrack,2,all,mse_at_horizon_idx,38,0.35397210717201233
R0_base_ACT_handsin,cup_wipe_sponge_dryingrack,2,all,mse_at_horizon_idx,39,0.35359710454940796
R0_base_ACT_handsin,floor_box_table,16,motion_token,mse,-1,0.36180379986763
R0_base_ACT_handsin,floor_box_table,16,motion_token,mae,-1,0.49897971749305725
R0_base_ACT_handsin,floor_box_table,16,motion_token,normalized_mse,-1,45.52570343017578
R0_base_ACT_handsin,floor_box_table,16,motion_token,final_position_error,-1,4.625
R0_base_ACT_handsin,floor_box_table,16,motion_token,mean_squared_jerk_pred,-1,0.28845202922821045
R0_base_ACT_handsin,floor_box_table,16,motion_token,mean_squared_jerk_gt,-1,0.001409223536029458
R0_base_ACT_handsin,floor_box_table,16,motion_token,jerk_ratio_pred_over_gt,-1,204.6886259371847
R0_base_ACT_handsin,floor_box_table,16,motion_token,chunk_boundary_discontinuity,-1,0.14118818938732147
R0_base_ACT_handsin,floor_box_table,16,motion_token,on_grid_fraction,-1,1.0
R0_base_ACT_handsin,floor_box_table,16,motion_token,mse_proprio_ablated,-1,0.3618355989456177
R0_base_ACT_handsin,floor_box_table,16,motion_token,proprio_leakage_gap,-1,3.17990779876709e-05
R0_base_ACT_handsin,floor_box_table,16,motion_token,mse_at_horizon_idx,0,0.3606540858745575
R0_base_ACT_handsin,floor_box_table,16,motion_token,mse_at_horizon_idx,1,0.36562180519104004
R0_base_ACT_handsin,floor_box_table,16,motion_token,mse_at_horizon_idx,2,0.3598155081272125
R0_base_ACT_handsin,floor_box_table,16,motion_token,mse_at_horizon_idx,3,0.3610309064388275
R0_base_ACT_handsin,floor_box_table,16,motion_token,mse_at_horizon_idx,4,0.3607151210308075
R0_base_ACT_handsin,floor_box_table,16,motion_token,mse_at_horizon_idx,5,0.3556040823459625
R0_base_ACT_handsin,floor_box_table,16,motion_token,mse_at_horizon_idx,6,0.36056652665138245
R0_base_ACT_handsin,floor_box_table,16,motion_token,mse_at_horizon_idx,7,0.35899817943573
R0_base_ACT_handsin,floor_box_table,16,motion_token,mse_at_horizon_idx,8,0.36399245262145996
R0_base_ACT_handsin,floor_box_table,16,motion_token,mse_at_horizon_idx,9,0.36153244972229004
R0_base_ACT_handsin,floor_box_table,16,motion_token,mse_at_horizon_idx,10,0.36684516072273254
R0_base_ACT_handsin,floor_box_table,16,motion_token,mse_at_horizon_idx,11,0.364496648311615
R0_base_ACT_handsin,floor_box_table,16,motion_token,mse_at_horizon_idx,12,0.36386507749557495
R0_base_ACT_handsin,floor_box_table,16,motion_token,mse_at_horizon_idx,13,0.3587646484375
R0_base_ACT_handsin,floor_box_table,16,motion_token,mse_at_horizon_idx,14,0.36573326587677
R0_base_ACT_handsin,floor_box_table,16,motion_token,mse_at_horizon_idx,15,0.3592051565647125
R0_base_ACT_handsin,floor_box_table,16,motion_token,mse_at_horizon_idx,16,0.36130690574645996
R0_base_ACT_handsin,floor_box_table,16,motion_token,mse_at_horizon_idx,17,0.36190396547317505
R0_base_ACT_handsin,floor_box_table,16,motion_token,mse_at_horizon_idx,18,0.3614634573459625
R0_base_ACT_handsin,floor_box_table,16,motion_token,mse_at_horizon_idx,19,0.35780400037765503
R0_base_ACT_handsin,floor_box_table,16,motion_token,mse_at_horizon_idx,20,0.36018967628479004
R0_base_ACT_handsin,floor_box_table,16,motion_token,mse_at_horizon_idx,21,0.35850459337234497
R0_base_ACT_handsin,floor_box_table,16,motion_token,mse_at_horizon_idx,22,0.35880976915359497
R0_base_ACT_handsin,floor_box_table,16,motion_token,mse_at_horizon_idx,23,0.36171025037765503
R0_base_ACT_handsin,floor_box_table,16,motion_token,mse_at_horizon_idx,24,0.35746699571609497
R0_base_ACT_handsin,floor_box_table,16,motion_token,mse_at_horizon_idx,25,0.36129361391067505
R0_base_ACT_handsin,floor_box_table,16,motion_token,mse_at_horizon_idx,26,0.36197033524513245
R0_base_ACT_handsin,floor_box_table,16,motion_token,mse_at_horizon_idx,27,0.36086636781692505
R0_base_ACT_handsin,floor_box_table,16,motion_token,mse_at_horizon_idx,28,0.3628513514995575
R0_base_ACT_handsin,floor_box_table,16,motion_token,mse_at_horizon_idx,29,0.36229407787323
R0_base_ACT_handsin,floor_box_table,16,motion_token,mse_at_horizon_idx,30,0.360773503780365
R0_base_ACT_handsin,floor_box_table,16,motion_token,mse_at_horizon_idx,31,0.36465853452682495
R0_base_ACT_handsin,floor_box_table,16,motion_token,mse_at_horizon_idx,32,0.361811101436615
R0_base_ACT_handsin,floor_box_table,16,motion_token,mse_at_horizon_idx,33,0.36135464906692505
R0_base_ACT_handsin,floor_box_table,16,motion_token,mse_at_horizon_idx,34,0.3652211129665375
R0_base_ACT_handsin,floor_box_table,16,motion_token,mse_at_horizon_idx,35,0.36225956678390503
R0_base_ACT_handsin,floor_box_table,16,motion_token,mse_at_horizon_idx,36,0.3666132092475891
R0_base_ACT_handsin,floor_box_table,16,motion_token,mse_at_horizon_idx,37,0.3653980493545532
R0_base_ACT_handsin,floor_box_table,16,motion_token,mse_at_horizon_idx,38,0.3643798828125
R0_base_ACT_handsin,floor_box_table,16,motion_token,mse_at_horizon_idx,39,0.3643965423107147
R0_base_ACT_handsin,floor_box_table,16,left_hand_joints,mse,-1,0.35226744413375854
R0_base_ACT_handsin,floor_box_table,16,left_hand_joints,mae,-1,0.48872894048690796
R0_base_ACT_handsin,floor_box_table,16,left_hand_joints,normalized_mse,-1,1.5015262365341187
R0_base_ACT_handsin,floor_box_table,16,left_hand_joints,final_position_error,-1,0.21262729167938232
R0_base_ACT_handsin,floor_box_table,16,left_hand_joints,mean_squared_jerk_pred,-1,0.0016001686453819275
R0_base_ACT_handsin,floor_box_table,16,left_hand_joints,mean_squared_jerk_gt,-1,0.00014678640582133085
R0_base_ACT_handsin,floor_box_table,16,left_hand_joints,jerk_ratio_pred_over_gt,-1,10.901340873007415
R0_base_ACT_handsin,floor_box_table,16,left_hand_joints,chunk_boundary_discontinuity,-1,0.006504145450890064
R0_base_ACT_handsin,floor_box_table,16,left_hand_joints,mse_proprio_ablated,-1,0.3523593246936798
R0_base_ACT_handsin,floor_box_table,16,left_hand_joints,proprio_leakage_gap,-1,9.188055992126465e-05
R0_base_ACT_handsin,floor_box_table,16,left_hand_joints,mse_at_horizon_idx,0,0.36164021492004395
R0_base_ACT_handsin,floor_box_table,16,left_hand_joints,mse_at_horizon_idx,1,0.3623049855232239
R0_base_ACT_handsin,floor_box_table,16,left_hand_joints,mse_at_horizon_idx,2,0.3557531535625458
R0_base_ACT_handsin,floor_box_table,16,left_hand_joints,mse_at_horizon_idx,3,0.35480400919914246
R0_base_ACT_handsin,floor_box_table,16,left_hand_joints,mse_at_horizon_idx,4,0.3555016815662384
R0_base_ACT_handsin,floor_box_table,16,left_hand_joints,mse_at_horizon_idx,5,0.35347142815589905
R0_base_ACT_handsin,floor_box_table,16,left_hand_joints,mse_at_horizon_idx,6,0.35471394658088684
R0_base_ACT_handsin,floor_box_table,16,left_hand_joints,mse_at_horizon_idx,7,0.3545434772968292
R0_base_ACT_handsin,floor_box_table,16,left_hand_joints,mse_at_horizon_idx,8,0.35003724694252014
R0_base_ACT_handsin,floor_box_table,16,left_hand_joints,mse_at_horizon_idx,9,0.35064229369163513
R0_base_ACT_handsin,floor_box_table,16,left_hand_joints,mse_at_horizon_idx,10,0.34838351607322693
R0_base_ACT_handsin,floor_box_table,16,left_hand_joints,mse_at_horizon_idx,11,0.34631863236427307
R0_base_ACT_handsin,floor_box_table,16,left_hand_joints,mse_at_horizon_idx,12,0.34029778838157654
R0_base_ACT_handsin,floor_box_table,16,left_hand_joints,mse_at_horizon_idx,13,0.3489377796649933
R0_base_ACT_handsin,floor_box_table,16,left_hand_joints,mse_at_horizon_idx,14,0.3508109152317047
R0_base_ACT_handsin,floor_box_table,16,left_hand_joints,mse_at_horizon_idx,15,0.3485143184661865
R0_base_ACT_handsin,floor_box_table,16,left_hand_joints,mse_at_horizon_idx,16,0.34877896308898926
R0_base_ACT_handsin,floor_box_table,16,left_hand_joints,mse_at_horizon_idx,17,0.34825578331947327
R0_base_ACT_handsin,floor_box_table,16,left_hand_joints,mse_at_horizon_idx,18,0.347336083650589
R0_base_ACT_handsin,floor_box_table,16,left_hand_joints,mse_at_horizon_idx,19,0.3387546241283417
R0_base_ACT_handsin,floor_box_table,16,left_hand_joints,mse_at_horizon_idx,20,0.34711048007011414
R0_base_ACT_handsin,floor_box_table,16,left_hand_joints,mse_at_horizon_idx,21,0.3353627920150757
R0_base_ACT_handsin,floor_box_table,16,left_hand_joints,mse_at_horizon_idx,22,0.34884706139564514
R0_base_ACT_handsin,floor_box_table,16,left_hand_joints,mse_at_horizon_idx,23,0.33962729573249817
R0_base_ACT_handsin,floor_box_table,16,left_hand_joints,mse_at_horizon_idx,24,0.34557589888572693
R0_base_ACT_handsin,floor_box_table,16,left_hand_joints,mse_at_horizon_idx,25,0.34639179706573486
R0_base_ACT_handsin,floor_box_table,16,left_hand_joints,mse_at_horizon_idx,26,0.3439146876335144
R0_base_ACT_handsin,floor_box_table,16,left_hand_joints,mse_at_horizon_idx,27,0.3557449281215668
R0_base_ACT_handsin,floor_box_table,16,left_hand_joints,mse_at_horizon_idx,28,0.3485070466995239
R0_base_ACT_handsin,floor_box_table,16,left_hand_joints,mse_at_horizon_idx,29,0.3552406132221222
R0_base_ACT_handsin,floor_box_table,16,left_hand_joints,mse_at_horizon_idx,30,0.35641786456108093
R0_base_ACT_handsin,floor_box_table,16,left_hand_joints,mse_at_horizon_idx,31,0.3577076494693756
R0_base_ACT_handsin,floor_box_table,16,left_hand_joints,mse_at_horizon_idx,32,0.3548661172389984
R0_base_ACT_handsin,floor_box_table,16,left_hand_joints,mse_at_horizon_idx,33,0.3564363121986389
R0_base_ACT_handsin,floor_box_table,16,left_hand_joints,mse_at_horizon_idx,34,0.34902381896972656
R0_base_ACT_handsin,floor_box_table,16,left_hand_joints,mse_at_horizon_idx,35,0.3529481887817383
R0_base_ACT_handsin,floor_box_table,16,left_hand_joints,mse_at_horizon_idx,36,0.36621829867362976
R0_base_ACT_handsin,floor_box_table,16,left_hand_joints,mse_at_horizon_idx,37,0.3681335747241974
R0_base_ACT_handsin,floor_box_table,16,left_hand_joints,mse_at_horizon_idx,38,0.375374436378479
R0_base_ACT_handsin,floor_box_table,16,left_hand_joints,mse_at_horizon_idx,39,0.3705427050590515
R0_base_ACT_handsin,floor_box_table,16,left_hand_joints,grasp_precision,-1,0.5
R0_base_ACT_handsin,floor_box_table,16,left_hand_joints,grasp_recall,-1,0.3333333333333333
R0_base_ACT_handsin,floor_box_table,16,left_hand_joints,grasp_f1,-1,0.4
R0_base_ACT_handsin,floor_box_table,16,left_hand_joints,grasp_n_gt_events,-1,3.0
R0_base_ACT_handsin,floor_box_table,16,left_hand_joints,grasp_n_pred_events,-1,2.0
R0_base_ACT_handsin,floor_box_table,16,left_hand_joints,grasp_onset_timing_error_signed_steps,-1,0.0
R0_base_ACT_handsin,floor_box_table,16,left_hand_joints,grasp_spurious_transitions,-1,1.0
R0_base_ACT_handsin,floor_box_table,16,right_hand_joints,mse,-1,0.24971924722194672
R0_base_ACT_handsin,floor_box_table,16,right_hand_joints,mae,-1,0.47643470764160156
R0_base_ACT_handsin,floor_box_table,16,right_hand_joints,normalized_mse,-1,1.1006911993026733
R0_base_ACT_handsin,floor_box_table,16,right_hand_joints,final_position_error,-1,0.32989954948425293
R0_base_ACT_handsin,floor_box_table,16,right_hand_joints,mean_squared_jerk_pred,-1,0.0011165541363880038
R0_base_ACT_handsin,floor_box_table,16,right_hand_joints,mean_squared_jerk_gt,-1,0.00017903179104905576
R0_base_ACT_handsin,floor_box_table,16,right_hand_joints,jerk_ratio_pred_over_gt,-1,6.236624958312915
R0_base_ACT_handsin,floor_box_table,16,right_hand_joints,chunk_boundary_discontinuity,-1,0.002573902253061533
R0_base_ACT_handsin,floor_box_table,16,right_hand_joints,mse_proprio_ablated,-1,0.24952970445156097
R0_base_ACT_handsin,floor_box_table,16,right_hand_joints,proprio_leakage_gap,-1,-0.0001895427703857422
R0_base_ACT_handsin,floor_box_table,16,right_hand_joints,mse_at_horizon_idx,0,0.24648790061473846
R0_base_ACT_handsin,floor_box_table,16,right_hand_joints,mse_at_horizon_idx,1,0.2454543262720108
R0_base_ACT_handsin,floor_box_table,16,right_hand_joints,mse_at_horizon_idx,2,0.24567684531211853
R0_base_ACT_handsin,floor_box_table,16,right_hand_joints,mse_at_horizon_idx,3,0.2428538054227829
R0_base_ACT_handsin,floor_box_table,16,right_hand_joints,mse_at_horizon_idx,4,0.243947833776474
R0_base_ACT_handsin,floor_box_table,16,right_hand_joints,mse_at_horizon_idx,5,0.2411780208349228
R0_base_ACT_handsin,floor_box_table,16,right_hand_joints,mse_at_horizon_idx,6,0.23799659311771393
R0_base_ACT_handsin,floor_box_table,16,right_hand_joints,mse_at_horizon_idx,7,0.24345508217811584
R0_base_ACT_handsin,floor_box_table,16,right_hand_joints,mse_at_horizon_idx,8,0.24300749599933624
R0_base_ACT_handsin,floor_box_table,16,right_hand_joints,mse_at_horizon_idx,9,0.23798975348472595
R0_base_ACT_handsin,floor_box_table,16,right_hand_joints,mse_at_horizon_idx,10,0.23968014121055603
R0_base_ACT_handsin,floor_box_table,16,right_hand_joints,mse_at_horizon_idx,11,0.237689808011055
R0_base_ACT_handsin,floor_box_table,16,right_hand_joints,mse_at_horizon_idx,12,0.23959466814994812
R0_base_ACT_handsin,floor_box_table,16,right_hand_joints,mse_at_horizon_idx,13,0.24513402581214905
R0_base_ACT_handsin,floor_box_table,16,right_hand_joints,mse_at_horizon_idx,14,0.24592961370944977
R0_base_ACT_handsin,floor_box_table,16,right_hand_joints,mse_at_horizon_idx,15,0.24791021645069122
R0_base_ACT_handsin,floor_box_table,16,right_hand_joints,mse_at_horizon_idx,16,0.2500230669975281
R0_base_ACT_handsin,floor_box_table,16,right_hand_joints,mse_at_horizon_idx,17,0.2533751428127289
R0_base_ACT_handsin,floor_box_table,16,right_hand_joints,mse_at_horizon_idx,18,0.2486366629600525
R0_base_ACT_handsin,floor_box_table,16,right_hand_joints,mse_at_horizon_idx,19,0.2505466938018799
R0_base_ACT_handsin,floor_box_table,16,right_hand_joints,mse_at_horizon_idx,20,0.24795973300933838
R0_base_ACT_handsin,floor_box_table,16,right_hand_joints,mse_at_horizon_idx,21,0.253937304019928
R0_base_ACT_handsin,floor_box_table,16,right_hand_joints,mse_at_horizon_idx,22,0.25461071729660034
R0_base_ACT_handsin,floor_box_table,16,right_hand_joints,mse_at_horizon_idx,23,0.25299957394599915
R0_base_ACT_handsin,floor_box_table,16,right_hand_joints,mse_at_horizon_idx,24,0.24754522740840912
R0_base_ACT_handsin,floor_box_table,16,right_hand_joints,mse_at_horizon_idx,25,0.25420838594436646
R0_base_ACT_handsin,floor_box_table,16,right_hand_joints,mse_at_horizon_idx,26,0.2551257014274597
R0_base_ACT_handsin,floor_box_table,16,right_hand_joints,mse_at_horizon_idx,27,0.26690220832824707
R0_base_ACT_handsin,floor_box_table,16,right_hand_joints,mse_at_horizon_idx,28,0.2606450319290161
R0_base_ACT_handsin,floor_box_table,16,right_hand_joints,mse_at_horizon_idx,29,0.2602486312389374
R0_base_ACT_handsin,floor_box_table,16,right_hand_joints,mse_at_horizon_idx,30,0.2580384910106659
R0_base_ACT_handsin,floor_box_table,16,right_hand_joints,mse_at_horizon_idx,31,0.2549527585506439
R0_base_ACT_handsin,floor_box_table,16,right_hand_joints,mse_at_horizon_idx,32,0.2584989070892334
R0_base_ACT_handsin,floor_box_table,16,right_hand_joints,mse_at_horizon_idx,33,0.24883033335208893
R0_base_ACT_handsin,floor_box_table,16,right_hand_joints,mse_at_horizon_idx,34,0.2503187656402588
R0_base_ACT_handsin,floor_box_table,16,right_hand_joints,mse_at_horizon_idx,35,0.2543039619922638
R0_base_ACT_handsin,floor_box_table,16,right_hand_joints,mse_at_horizon_idx,36,0.2575804889202118
R0_base_ACT_handsin,floor_box_table,16,right_hand_joints,mse_at_horizon_idx,37,0.258983314037323
R0_base_ACT_handsin,floor_box_table,16,right_hand_joints,mse_at_horizon_idx,38,0.25347134470939636
R0_base_ACT_handsin,floor_box_table,16,right_hand_joints,mse_at_horizon_idx,39,0.25414103269577026
R0_base_ACT_handsin,floor_box_table,16,right_hand_joints,grasp_precision,-1,0.2
R0_base_ACT_handsin,floor_box_table,16,right_hand_joints,grasp_recall,-1,0.3333333333333333
R0_base_ACT_handsin,floor_box_table,16,right_hand_joints,grasp_f1,-1,0.25
R0_base_ACT_handsin,floor_box_table,16,right_hand_joints,grasp_n_gt_events,-1,3.0
R0_base_ACT_handsin,floor_box_table,16,right_hand_joints,grasp_n_pred_events,-1,5.0
R0_base_ACT_handsin,floor_box_table,16,right_hand_joints,grasp_onset_timing_error_signed_steps,-1,0.0
R0_base_ACT_handsin,floor_box_table,16,right_hand_joints,grasp_spurious_transitions,-1,4.0
R0_base_ACT_handsin,floor_box_table,16,all,mse,-1,0.35996106266975403
R0_base_ACT_handsin,floor_box_table,16,all,mae,-1,0.4984828233718872
R0_base_ACT_handsin,floor_box_table,16,all,normalized_mse,-1,44.18549346923828
R0_base_ACT_handsin,floor_box_table,16,all,final_position_error,-1,4.641623497009277
R0_base_ACT_handsin,floor_box_table,16,all,mean_squared_jerk_pred,-1,0.2797521948814392
R0_base_ACT_handsin,floor_box_table,16,all,mean_squared_jerk_gt,-1,0.0013714564265683293
R0_base_ACT_handsin,floor_box_table,16,all,jerk_ratio_pred_over_gt,-1,203.9818323513476
R0_base_ACT_handsin,floor_box_table,16,all,chunk_boundary_discontinuity,-1,0.13704729080200195
R0_base_ACT_handsin,floor_box_table,16,all,mse_proprio_ablated,-1,0.3599904179573059
R0_base_ACT_handsin,floor_box_table,16,all,proprio_leakage_gap,-1,2.9355287551879883e-05
R0_base_ACT_handsin,floor_box_table,16,all,mse_at_horizon_idx,0,0.3589392602443695
R0_base_ACT_handsin,floor_box_table,16,all,mse_at_horizon_idx,1,0.3637508451938629
R0_base_ACT_handsin,floor_box_table,16,all,mse_at_horizon_idx,2,0.35802459716796875
R0_base_ACT_handsin,floor_box_table,16,all,mse_at_horizon_idx,3,0.3591459393501282
R0_base_ACT_handsin,floor_box_table,16,all,mse_at_horizon_idx,4,0.3588669002056122
R0_base_ACT_handsin,floor_box_table,16,all,mse_at_horizon_idx,5,0.35383808612823486
R0_base_ACT_handsin,floor_box_table,16,all,mse_at_horizon_idx,6,0.3586207330226898
R0_base_ACT_handsin,floor_box_table,16,all,mse_at_horizon_idx,7,0.35718005895614624
R0_base_ACT_handsin,floor_box_table,16,all,mse_at_horizon_idx,8,0.3619479238986969
R0_base_ACT_handsin,floor_box_table,16,all,mse_at_horizon_idx,9,0.359495609998703
R0_base_ACT_handsin,floor_box_table,16,all,mse_at_horizon_idx,10,0.36463871598243713
R0_base_ACT_handsin,floor_box_table,16,all,mse_at_horizon_idx,11,0.3622998893260956
R0_base_ACT_handsin,floor_box_table,16,all,mse_at_horizon_idx,12,0.36162513494491577
R0_base_ACT_handsin,floor_box_table,16,all,mse_at_horizon_idx,13,0.3568940758705139
R0_base_ACT_handsin,floor_box_table,16,all,mse_at_horizon_idx,14,0.36369195580482483
R0_base_ACT_handsin,floor_box_table,16,all,mse_at_horizon_idx,15,0.35735684633255005
R0_base_ACT_handsin,floor_box_table,16,all,mse_at_horizon_idx,16,0.3594309687614441
R0_base_ACT_handsin,floor_box_table,16,all,mse_at_horizon_idx,17,0.36005282402038574
R0_base_ACT_handsin,floor_box_table,16,all,mse_at_horizon_idx,18,0.3595398962497711
R0_base_ACT_handsin,floor_box_table,16,all,mse_at_horizon_idx,19,0.35589027404785156
R0_base_ACT_handsin,floor_box_table,16,all,mse_at_horizon_idx,20,0.35829105973243713
R0_base_ACT_handsin,floor_box_table,16,all,mse_at_horizon_idx,21,0.3565696179866791
R0_base_ACT_handsin,floor_box_table,16,all,mse_at_horizon_idx,22,0.35708004236221313
R0_base_ACT_handsin,floor_box_table,16,all,mse_at_horizon_idx,23,0.35972851514816284
R0_base_ACT_handsin,floor_box_table,16,all,mse_at_horizon_idx,24,0.355621337890625
R0_base_ACT_handsin,floor_box_table,16,all,mse_at_horizon_idx,25,0.35944533348083496
R0_base_ACT_handsin,floor_box_table,16,all,mse_at_horizon_idx,26,0.3600778877735138
R0_base_ACT_handsin,floor_box_table,16,all,mse_at_horizon_idx,27,0.3593650758266449
R0_base_ACT_handsin,floor_box_table,16,all,mse_at_horizon_idx,28,0.361085444688797
R0_base_ACT_handsin,floor_box_table,16,all,mse_at_horizon_idx,29,0.3606410622596741
R0_base_ACT_handsin,floor_box_table,16,all,mse_at_horizon_idx,30,0.3591509163379669
R0_base_ACT_handsin,floor_box_table,16,all,mse_at_horizon_idx,31,0.3628910183906555
R0_base_ACT_handsin,floor_box_table,16,all,mse_at_horizon_idx,32,0.3601405620574951
R0_base_ACT_handsin,floor_box_table,16,all,mse_at_horizon_idx,33,0.3595752418041229
R0_base_ACT_handsin,floor_box_table,16,all,mse_at_horizon_idx,34,0.3632347583770752
R0_base_ACT_handsin,floor_box_table,16,all,mse_at_horizon_idx,35,0.360482782125473
R0_base_ACT_handsin,floor_box_table,16,all,mse_at_horizon_idx,36,0.36495524644851685
R0_base_ACT_handsin,floor_box_table,16,all,mse_at_horizon_idx,37,0.3638272285461426
R0_base_ACT_handsin,floor_box_table,16,all,mse_at_horizon_idx,38,0.36286604404449463
R0_base_ACT_handsin,floor_box_table,16,all,mse_at_horizon_idx,39,0.362819105386734
R0_base_ACT_handsout,bottle_cupnoodles_shelf,0,motion_token,mse,-1,0.2824889123439789
R0_base_ACT_handsout,bottle_cupnoodles_shelf,0,motion_token,mae,-1,0.4393692910671234
R0_base_ACT_handsout,bottle_cupnoodles_shelf,0,motion_token,normalized_mse,-1,53.86248779296875
R0_base_ACT_handsout,bottle_cupnoodles_shelf,0,motion_token,final_position_error,-1,4.464267730712891
R0_base_ACT_handsout,bottle_cupnoodles_shelf,0,motion_token,mean_squared_jerk_pred,-1,0.1300077587366104
R0_base_ACT_handsout,bottle_cupnoodles_shelf,0,motion_token,mean_squared_jerk_gt,-1,0.0012229096610099077
R0_base_ACT_handsout,bottle_cupnoodles_shelf,0,motion_token,jerk_ratio_pred_over_gt,-1,106.31019026315234
R0_base_ACT_handsout,bottle_cupnoodles_shelf,0,motion_token,chunk_boundary_discontinuity,-1,0.06313376128673553
R0_base_ACT_handsout,bottle_cupnoodles_shelf,0,motion_token,on_grid_fraction,-1,1.0
R0_base_ACT_handsout,bottle_cupnoodles_shelf,0,motion_token,mse_proprio_ablated,-1,0.28247490525245667
R0_base_ACT_handsout,bottle_cupnoodles_shelf,0,motion_token,proprio_leakage_gap,-1,-1.4007091522216797e-05
R0_base_ACT_handsout,bottle_cupnoodles_shelf,0,motion_token,mse_at_horizon_idx,0,0.28273463249206543
R0_base_ACT_handsout,bottle_cupnoodles_shelf,0,motion_token,mse_at_horizon_idx,1,0.2837705910205841
R0_base_ACT_handsout,bottle_cupnoodles_shelf,0,motion_token,mse_at_horizon_idx,2,0.2830439507961273
R0_base_ACT_handsout,bottle_cupnoodles_shelf,0,motion_token,mse_at_horizon_idx,3,0.2788044810295105
R0_base_ACT_handsout,bottle_cupnoodles_shelf,0,motion_token,mse_at_horizon_idx,4,0.28094151616096497
R0_base_ACT_handsout,bottle_cupnoodles_shelf,0,motion_token,mse_at_horizon_idx,5,0.28203025460243225
R0_base_ACT_handsout,bottle_cupnoodles_shelf,0,motion_token,mse_at_horizon_idx,6,0.2850935757160187
R0_base_ACT_handsout,bottle_cupnoodles_shelf,0,motion_token,mse_at_horizon_idx,7,0.28284597396850586
R0_base_ACT_handsout,bottle_cupnoodles_shelf,0,motion_token,mse_at_horizon_idx,8,0.2849385142326355
R0_base_ACT_handsout,bottle_cupnoodles_shelf,0,motion_token,mse_at_horizon_idx,9,0.2808689475059509
R0_base_ACT_handsout,bottle_cupnoodles_shelf,0,motion_token,mse_at_horizon_idx,10,0.28206324577331543
R0_base_ACT_handsout,bottle_cupnoodles_shelf,0,motion_token,mse_at_horizon_idx,11,0.28290867805480957
R0_base_ACT_handsout,bottle_cupnoodles_shelf,0,motion_token,mse_at_horizon_idx,12,0.28525522351264954
R0_base_ACT_handsout,bottle_cupnoodles_shelf,0,motion_token,mse_at_horizon_idx,13,0.2834497392177582
R0_base_ACT_handsout,bottle_cupnoodles_shelf,0,motion_token,mse_at_horizon_idx,14,0.2824541926383972
R0_base_ACT_handsout,bottle_cupnoodles_shelf,0,motion_token,mse_at_horizon_idx,15,0.28457432985305786
R0_base_ACT_handsout,bottle_cupnoodles_shelf,0,motion_token,mse_at_horizon_idx,16,0.2821395993232727
R0_base_ACT_handsout,bottle_cupnoodles_shelf,0,motion_token,mse_at_horizon_idx,17,0.28113964200019836
R0_base_ACT_handsout,bottle_cupnoodles_shelf,0,motion_token,mse_at_horizon_idx,18,0.28558349609375
R0_base_ACT_handsout,bottle_cupnoodles_shelf,0,motion_token,mse_at_horizon_idx,19,0.28129348158836365
R0_base_ACT_handsout,bottle_cupnoodles_shelf,0,motion_token,mse_at_horizon_idx,20,0.281527578830719
R0_base_ACT_handsout,bottle_cupnoodles_shelf,0,motion_token,mse_at_horizon_idx,21,0.2826053202152252
R0_base_ACT_handsout,bottle_cupnoodles_shelf,0,motion_token,mse_at_horizon_idx,22,0.28151002526283264
R0_base_ACT_handsout,bottle_cupnoodles_shelf,0,motion_token,mse_at_horizon_idx,23,0.281011700630188
R0_base_ACT_handsout,bottle_cupnoodles_shelf,0,motion_token,mse_at_horizon_idx,24,0.2833143174648285
R0_base_ACT_handsout,bottle_cupnoodles_shelf,0,motion_token,mse_at_horizon_idx,25,0.2819088399410248
R0_base_ACT_handsout,bottle_cupnoodles_shelf,0,motion_token,mse_at_horizon_idx,26,0.2814222276210785
R0_base_ACT_handsout,bottle_cupnoodles_shelf,0,motion_token,mse_at_horizon_idx,27,0.2828795611858368
R0_base_ACT_handsout,bottle_cupnoodles_shelf,0,motion_token,mse_at_horizon_idx,28,0.28327253460884094
R0_base_ACT_handsout,bottle_cupnoodles_shelf,0,motion_token,mse_at_horizon_idx,29,0.2816345989704132
R0_base_ACT_handsout,bottle_cupnoodles_shelf,0,motion_token,mse_at_horizon_idx,30,0.28251585364341736
R0_base_ACT_handsout,bottle_cupnoodles_shelf,0,motion_token,mse_at_horizon_idx,31,0.28384941816329956
R0_base_ACT_handsout,bottle_cupnoodles_shelf,0,motion_token,mse_at_horizon_idx,32,0.2803378105163574
R0_base_ACT_handsout,bottle_cupnoodles_shelf,0,motion_token,mse_at_horizon_idx,33,0.28260448575019836
R0_base_ACT_handsout,bottle_cupnoodles_shelf,0,motion_token,mse_at_horizon_idx,34,0.2806195914745331
R0_base_ACT_handsout,bottle_cupnoodles_shelf,0,motion_token,mse_at_horizon_idx,35,0.28418806195259094
R0_base_ACT_handsout,bottle_cupnoodles_shelf,0,motion_token,mse_at_horizon_idx,36,0.2819523215293884
R0_base_ACT_handsout,bottle_cupnoodles_shelf,0,motion_token,mse_at_horizon_idx,37,0.28165382146835327
R0_base_ACT_handsout,bottle_cupnoodles_shelf,0,motion_token,mse_at_horizon_idx,38,0.2844347059726715
R0_base_ACT_handsout,bottle_cupnoodles_shelf,0,motion_token,mse_at_horizon_idx,39,0.2803269624710083
R0_base_ACT_handsout,bottle_cupnoodles_shelf,0,left_hand_joints,mse,-1,0.019089631736278534
R0_base_ACT_handsout,bottle_cupnoodles_shelf,0,left_hand_joints,mae,-1,0.11027364432811737
R0_base_ACT_handsout,bottle_cupnoodles_shelf,0,left_hand_joints,normalized_mse,-1,
R0_base_ACT_handsout,bottle_cupnoodles_shelf,0,left_hand_joints,final_position_error,-1,0.41774773597717285
R0_base_ACT_handsout,bottle_cupnoodles_shelf,0,left_hand_joints,mean_squared_jerk_pred,-1,0.0020420001819729805
R0_base_ACT_handsout,bottle_cupnoodles_shelf,0,left_hand_joints,mean_squared_jerk_gt,-1,0.0
R0_base_ACT_handsout,bottle_cupnoodles_shelf,0,left_hand_joints,jerk_ratio_pred_over_gt,-1,
R0_base_ACT_handsout,bottle_cupnoodles_shelf,0,left_hand_joints,chunk_boundary_discontinuity,-1,0.00387992593459785
R0_base_ACT_handsout,bottle_cupnoodles_shelf,0,left_hand_joints,mse_proprio_ablated,-1,0.01906745322048664
R0_base_ACT_handsout,bottle_cupnoodles_shelf,0,left_hand_joints,proprio_leakage_gap,-1,-2.2178515791893005e-05
R0_base_ACT_handsout,bottle_cupnoodles_shelf,0,left_hand_joints,mse_at_horizon_idx,0,0.020003696903586388
R0_base_ACT_handsout,bottle_cupnoodles_shelf,0,left_hand_joints,mse_at_horizon_idx,1,0.01860152930021286
R0_base_ACT_handsout,bottle_cupnoodles_shelf,0,left_hand_joints,mse_at_horizon_idx,2,0.018515218049287796
R0_base_ACT_handsout,bottle_cupnoodles_shelf,0,left_hand_joints,mse_at_horizon_idx,3,0.01892743818461895
R0_base_ACT_handsout,bottle_cupnoodles_shelf,0,left_hand_joints,mse_at_horizon_idx,4,0.01883671246469021
R0_base_ACT_handsout,bottle_cupnoodles_shelf,0,left_hand_joints,mse_at_horizon_idx,5,0.018901020288467407
R0_base_ACT_handsout,bottle_cupnoodles_shelf,0,left_hand_joints,mse_at_horizon_idx,6,0.019452834501862526
R0_base_ACT_handsout,bottle_cupnoodles_shelf,0,left_hand_joints,mse_at_horizon_idx,7,0.019263407215476036
R0_base_ACT_handsout,bottle_cupnoodles_shelf,0,left_hand_joints,mse_at_horizon_idx,8,0.019197244197130203
R0_base_ACT_handsout,bottle_cupnoodles_shelf,0,left_hand_joints,mse_at_horizon_idx,9,0.02035723812878132
R0_base_ACT_handsout,bottle_cupnoodles_shelf,0,left_hand_joints,mse_at_horizon_idx,10,0.01856033317744732
R0_base_ACT_handsout,bottle_cupnoodles_shelf,0,left_hand_joints,mse_at_horizon_idx,11,0.020360158756375313
R0_base_ACT_handsout,bottle_cupnoodles_shelf,0,left_hand_joints,mse_at_horizon_idx,12,0.018932480365037918
R0_base_ACT_handsout,bottle_cupnoodles_shelf,0,left_hand_joints,mse_at_horizon_idx,13,0.01938970759510994
R0_base_ACT_handsout,bottle_cupnoodles_shelf,0,left_hand_joints,mse_at_horizon_idx,14,0.01908748969435692
R0_base_ACT_handsout,bottle_cupnoodles_shelf,0,left_hand_joints,mse_at_horizon_idx,15,0.018753178417682648
R0_base_ACT_handsout,bottle_cupnoodles_shelf,0,left_hand_joints,mse_at_horizon_idx,16,0.01881689392030239
R0_base_ACT_handsout,bottle_cupnoodles_shelf,0,left_hand_joints,mse_at_horizon_idx,17,0.019110482186079025
R0_base_ACT_handsout,bottle_cupnoodles_shelf,0,left_hand_joints,mse_at_horizon_idx,18,0.019133904948830605
R0_base_ACT_handsout,bottle_cupnoodles_shelf,0,left_hand_joints,mse_at_horizon_idx,19,0.017840664833784103
R0_base_ACT_handsout,bottle_cupnoodles_shelf,0,left_hand_joints,mse_at_horizon_idx,20,0.018748681992292404
R0_base_ACT_handsout,bottle_cupnoodles_shelf,0,left_hand_joints,mse_at_horizon_idx,21,0.01890517957508564
R0_base_ACT_handsout,bottle_cupnoodles_shelf,0,left_hand_joints,mse_at_horizon_idx,22,0.02011307142674923
R0_base_ACT_handsout,bottle_cupnoodles_shelf,0,left_hand_joints,mse_at_horizon_idx,23,0.01993543654680252
R0_base_ACT_handsout,bottle_cupnoodles_shelf,0,left_hand_joints,mse_at_horizon_idx,24,0.021081604063510895
R0_base_ACT_handsout,bottle_cupnoodles_shelf,0,left_hand_joints,mse_at_horizon_idx,25,0.019286775961518288
R0_base_ACT_handsout,bottle_cupnoodles_shelf,0,left_hand_joints,mse_at_horizon_idx,26,0.018719017505645752
R0_base_ACT_handsout,bottle_cupnoodles_shelf,0,left_hand_joints,mse_at_horizon_idx,27,0.01954754628241062
R0_base_ACT_handsout,bottle_cupnoodles_shelf,0,left_hand_joints,mse_at_horizon_idx,28,0.02041483484208584
R0_base_ACT_handsout,bottle_cupnoodles_shelf,0,left_hand_joints,mse_at_horizon_idx,29,0.018634315580129623
R0_base_ACT_handsout,bottle_cupnoodles_shelf,0,left_hand_joints,mse_at_horizon_idx,30,0.01866196095943451
R0_base_ACT_handsout,bottle_cupnoodles_shelf,0,left_hand_joints,mse_at_horizon_idx,31,0.01806548796594143
R0_base_ACT_handsout,bottle_cupnoodles_shelf,0,left_hand_joints,mse_at_horizon_idx,32,0.018089327961206436
R0_base_ACT_handsout,bottle_cupnoodles_shelf,0,left_hand_joints,mse_at_horizon_idx,33,0.019755765795707703
R0_base_ACT_handsout,bottle_cupnoodles_shelf,0,left_hand_joints,mse_at_horizon_idx,34,0.018975645303726196
R0_base_ACT_handsout,bottle_cupnoodles_shelf,0,left_hand_joints,mse_at_horizon_idx,35,0.01769912987947464
R0_base_ACT_handsout,bottle_cupnoodles_shelf,0,left_hand_joints,mse_at_horizon_idx,36,0.01999465748667717
R0_base_ACT_handsout,bottle_cupnoodles_shelf,0,left_hand_joints,mse_at_horizon_idx,37,0.018425649031996727
R0_base_ACT_handsout,bottle_cupnoodles_shelf,0,left_hand_joints,mse_at_horizon_idx,38,0.01705392636358738
R0_base_ACT_handsout,bottle_cupnoodles_shelf,0,left_hand_joints,mse_at_horizon_idx,39,0.019407689571380615
R0_base_ACT_handsout,bottle_cupnoodles_shelf,0,left_hand_joints,grasp_precision,-1,0.0
R0_base_ACT_handsout,bottle_cupnoodles_shelf,0,left_hand_joints,grasp_recall,-1,
R0_base_ACT_handsout,bottle_cupnoodles_shelf,0,left_hand_joints,grasp_f1,-1,
R0_base_ACT_handsout,bottle_cupnoodles_shelf,0,left_hand_joints,grasp_n_gt_events,-1,0.0
R0_base_ACT_handsout,bottle_cupnoodles_shelf,0,left_hand_joints,grasp_n_pred_events,-1,13.0
R0_base_ACT_handsout,bottle_cupnoodles_shelf,0,left_hand_joints,grasp_onset_timing_error_signed_steps,-1,
R0_base_ACT_handsout,bottle_cupnoodles_shelf,0,left_hand_joints,grasp_spurious_transitions,-1,13.0
R0_base_ACT_handsout,bottle_cupnoodles_shelf,0,right_hand_joints,mse,-1,0.009664314799010754
R0_base_ACT_handsout,bottle_cupnoodles_shelf,0,right_hand_joints,mae,-1,0.08136506378650665
R0_base_ACT_handsout,bottle_cupnoodles_shelf,0,right_hand_joints,normalized_mse,-1,
R0_base_ACT_handsout,bottle_cupnoodles_shelf,0,right_hand_joints,final_position_error,-1,0.23593468964099884
R0_base_ACT_handsout,bottle_cupnoodles_shelf,0,right_hand_joints,mean_squared_jerk_pred,-1,0.002147870836779475
R0_base_ACT_handsout,bottle_cupnoodles_shelf,0,right_hand_joints,mean_squared_jerk_gt,-1,0.0
R0_base_ACT_handsout,bottle_cupnoodles_shelf,0,right_hand_joints,jerk_ratio_pred_over_gt,-1,
R0_base_ACT_handsout,bottle_cupnoodles_shelf,0,right_hand_joints,chunk_boundary_discontinuity,-1,0.0041143265552818775
R0_base_ACT_handsout,bottle_cupnoodles_shelf,0,right_hand_joints,mse_proprio_ablated,-1,0.009622784331440926
R0_base_ACT_handsout,bottle_cupnoodles_shelf,0,right_hand_joints,proprio_leakage_gap,-1,-4.1530467569828033e-05
R0_base_ACT_handsout,bottle_cupnoodles_shelf,0,right_hand_joints,mse_at_horizon_idx,0,0.009318666532635689
R0_base_ACT_handsout,bottle_cupnoodles_shelf,0,right_hand_joints,mse_at_horizon_idx,1,0.00969915185123682
R0_base_ACT_handsout,bottle_cupnoodles_shelf,0,right_hand_joints,mse_at_horizon_idx,2,0.00976160354912281
R0_base_ACT_handsout,bottle_cupnoodles_shelf,0,right_hand_joints,mse_at_horizon_idx,3,0.009623740799725056
R0_base_ACT_handsout,bottle_cupnoodles_shelf,0,right_hand_joints,mse_at_horizon_idx,4,0.00974720437079668
R0_base_ACT_handsout,bottle_cupnoodles_shelf,0,right_hand_joints,mse_at_horizon_idx,5,0.009553566575050354
R0_base_ACT_handsout,bottle_cupnoodles_shelf,0,right_hand_joints,mse_at_horizon_idx,6,0.00967893935739994
R0_base_ACT_handsout,bottle_cupnoodles_shelf,0,right_hand_joints,mse_at_horizon_idx,7,0.009502763859927654
R0_base_ACT_handsout,bottle_cupnoodles_shelf,0,right_hand_joints,mse_at_horizon_idx,8,0.009241186082363129
R0_base_ACT_handsout,bottle_cupnoodles_shelf,0,right_hand_joints,mse_at_horizon_idx,9,0.009438881650567055
R0_base_ACT_handsout,bottle_cupnoodles_shelf,0,right_hand_joints,mse_at_horizon_idx,10,0.009682181291282177
R0_base_ACT_handsout,bottle_cupnoodles_shelf,0,right_hand_joints,mse_at_horizon_idx,11,0.009168789722025394
R0_base_ACT_handsout,bottle_cupnoodles_shelf,0,right_hand_joints,mse_at_horizon_idx,12,0.009679810144007206
R0_base_ACT_handsout,bottle_cupnoodles_shelf,0,right_hand_joints,mse_at_horizon_idx,13,0.009596578776836395
R0_base_ACT_handsout,bottle_cupnoodles_shelf,0,right_hand_joints,mse_at_horizon_idx,14,0.008862173184752464
R0_base_ACT_handsout,bottle_cupnoodles_shelf,0,right_hand_joints,mse_at_horizon_idx,15,0.009598788805305958
R0_base_ACT_handsout,bottle_cupnoodles_shelf,0,right_hand_joints,mse_at_horizon_idx,16,0.010419690981507301
R0_base_ACT_handsout,bottle_cupnoodles_shelf,0,right_hand_joints,mse_at_horizon_idx,17,0.009747731499373913
R0_base_ACT_handsout,bottle_cupnoodles_shelf,0,right_hand_joints,mse_at_horizon_idx,18,0.00963832437992096
R0_base_ACT_handsout,bottle_cupnoodles_shelf,0,right_hand_joints,mse_at_horizon_idx,19,0.009553800337016582
R0_base_ACT_handsout,bottle_cupnoodles_shelf,0,right_hand_joints,mse_at_horizon_idx,20,0.010338198393583298
R0_base_ACT_handsout,bottle_cupnoodles_shelf,0,right_hand_joints,mse_at_horizon_idx,21,0.009523998014628887
R0_base_ACT_handsout,bottle_cupnoodles_shelf,0,right_hand_joints,mse_at_horizon_idx,22,0.01006763894110918
R0_base_ACT_handsout,bottle_cupnoodles_shelf,0,right_hand_joints,mse_at_horizon_idx,23,0.010001016780734062
R0_base_ACT_handsout,bottle_cupnoodles_shelf,0,right_hand_joints,mse_at_horizon_idx,24,0.009794333949685097
R0_base_ACT_handsout,bottle_cupnoodles_shelf,0,right_hand_joints,mse_at_horizon_idx,25,0.00925690121948719
R0_base_ACT_handsout,bottle_cupnoodles_shelf,0,right_hand_joints,mse_at_horizon_idx,26,0.00982094556093216
R0_base_ACT_handsout,bottle_cupnoodles_shelf,0,right_hand_joints,mse_at_horizon_idx,27,0.009391315281391144
R0_base_ACT_handsout,bottle_cupnoodles_shelf,0,right_hand_joints,mse_at_horizon_idx,28,0.009585105814039707
R0_base_ACT_handsout,bottle_cupnoodles_shelf,0,right_hand_joints,mse_at_horizon_idx,29,0.009903399273753166
R0_base_ACT_handsout,bottle_cupnoodles_shelf,0,right_hand_joints,mse_at_horizon_idx,30,0.00980530958622694
R0_base_ACT_handsout,bottle_cupnoodles_shelf,0,right_hand_joints,mse_at_horizon_idx,31,0.009095692075788975
R0_base_ACT_handsout,bottle_cupnoodles_shelf,0,right_hand_joints,mse_at_horizon_idx,32,0.00941274594515562
R0_base_ACT_handsout,bottle_cupnoodles_shelf,0,right_hand_joints,mse_at_horizon_idx,33,0.010540720075368881
R0_base_ACT_handsout,bottle_cupnoodles_shelf,0,right_hand_joints,mse_at_horizon_idx,34,0.009948818944394588
R0_base_ACT_handsout,bottle_cupnoodles_shelf,0,right_hand_joints,mse_at_horizon_idx,35,0.009585505351424217
R0_base_ACT_handsout,bottle_cupnoodles_shelf,0,right_hand_joints,mse_at_horizon_idx,36,0.009464776143431664
R0_base_ACT_handsout,bottle_cupnoodles_shelf,0,right_hand_joints,mse_at_horizon_idx,37,0.01017176266759634
R0_base_ACT_handsout,bottle_cupnoodles_shelf,0,right_hand_joints,mse_at_horizon_idx,38,0.009532209485769272
R0_base_ACT_handsout,bottle_cupnoodles_shelf,0,right_hand_joints,mse_at_horizon_idx,39,0.00985159631818533
R0_base_ACT_handsout,bottle_cupnoodles_shelf,0,right_hand_joints,grasp_precision,-1,0.0
R0_base_ACT_handsout,bottle_cupnoodles_shelf,0,right_hand_joints,grasp_recall,-1,
R0_base_ACT_handsout,bottle_cupnoodles_shelf,0,right_hand_joints,grasp_f1,-1,
R0_base_ACT_handsout,bottle_cupnoodles_shelf,0,right_hand_joints,grasp_n_gt_events,-1,0.0
R0_base_ACT_handsout,bottle_cupnoodles_shelf,0,right_hand_joints,grasp_n_pred_events,-1,4.0
R0_base_ACT_handsout,bottle_cupnoodles_shelf,0,right_hand_joints,grasp_onset_timing_error_signed_steps,-1,
R0_base_ACT_handsout,bottle_cupnoodles_shelf,0,right_hand_joints,grasp_spurious_transitions,-1,4.0
R0_base_ACT_handsout,bottle_cupnoodles_shelf,0,all,mse,-1,0.2343662679195404
R0_base_ACT_handsout,bottle_cupnoodles_shelf,0,all,mae,-1,0.3777064383029938
R0_base_ACT_handsout,bottle_cupnoodles_shelf,0,all,normalized_mse,-1,53.86248779296875
R0_base_ACT_handsout,bottle_cupnoodles_shelf,0,all,final_position_error,-1,4.489974021911621
R0_base_ACT_handsout,bottle_cupnoodles_shelf,0,all,mean_squared_jerk_pred,-1,0.10704904794692993
R0_base_ACT_handsout,bottle_cupnoodles_shelf,0,all,mean_squared_jerk_gt,-1,0.0010034131119027734
R0_base_ACT_handsout,bottle_cupnoodles_shelf,0,all,jerk_ratio_pred_over_gt,-1,106.68492037535039
R0_base_ACT_handsout,bottle_cupnoodles_shelf,0,all,chunk_boundary_discontinuity,-1,0.05251949280500412
R0_base_ACT_handsout,bottle_cupnoodles_shelf,0,all,mse_proprio_ablated,-1,0.23434904217720032
R0_base_ACT_handsout,bottle_cupnoodles_shelf,0,all,proprio_leakage_gap,-1,-1.722574234008789e-05
R0_base_ACT_handsout,bottle_cupnoodles_shelf,0,all,mse_at_horizon_idx,0,0.2346188873052597
R0_base_ACT_handsout,bottle_cupnoodles_shelf,0,all,mse_at_horizon_idx,1,0.235377237200737
R0_base_ACT_handsout,bottle_cupnoodles_shelf,0,all,mse_at_horizon_idx,2,0.23477882146835327
R0_base_ACT_handsout,bottle_cupnoodles_shelf,0,all,mse_at_horizon_idx,3,0.2313249111175537
R0_base_ACT_handsout,bottle_cupnoodles_shelf,0,all,mse_at_horizon_idx,4,0.2330813854932785
R0_base_ACT_handsout,bottle_cupnoodles_shelf,0,all,mse_at_horizon_idx,5,0.23396308720111847
R0_base_ACT_handsout,bottle_cupnoodles_shelf,0,all,mse_at_horizon_idx,6,0.23653730750083923
R0_base_ACT_handsout,bottle_cupnoodles_shelf,0,all,mse_at_horizon_idx,7,0.23466035723686218
R0_base_ACT_handsout,bottle_cupnoodles_shelf,0,all,mse_at_horizon_idx,8,0.23634786903858185
R0_base_ACT_handsout,bottle_cupnoodles_shelf,0,all,mse_at_horizon_idx,9,0.2331305891275406
R0_base_ACT_handsout,bottle_cupnoodles_shelf,0,all,mse_at_horizon_idx,10,0.23397110402584076
R0_base_ACT_handsout,bottle_cupnoodles_shelf,0,all,mse_at_horizon_idx,11,0.2347802072763443
R0_base_ACT_handsout,bottle_cupnoodles_shelf,0,all,mse_at_horizon_idx,12,0.2366233468055725
R0_base_ACT_handsout,bottle_cupnoodles_shelf,0,all,mse_at_horizon_idx,13,0.2351754903793335
R0_base_ACT_handsout,bottle_cupnoodles_shelf,0,all,mse_at_horizon_idx,14,0.23426558077335358
R0_base_ACT_handsout,bottle_cupnoodles_shelf,0,all,mse_at_horizon_idx,15,0.23604129254817963
R0_base_ACT_handsout,bottle_cupnoodles_shelf,0,all,mse_at_horizon_idx,16,0.23412296175956726
R0_base_ACT_handsout,bottle_cupnoodles_shelf,0,all,mse_at_horizon_idx,17,0.23326849937438965
R0_base_ACT_handsout,bottle_cupnoodles_shelf,0,all,mse_at_horizon_idx,18,0.23690705001354218
R0_base_ACT_handsout,bottle_cupnoodles_shelf,0,all,mse_at_horizon_idx,19,0.23326338827610016
R0_base_ACT_handsout,bottle_cupnoodles_shelf,0,all,mse_at_horizon_idx,20,0.23360733687877655
R0_base_ACT_handsout,bottle_cupnoodles_shelf,0,all,mse_at_horizon_idx,21,0.2344326376914978
R0_base_ACT_handsout,bottle_cupnoodles_shelf,0,all,mse_at_horizon_idx,22,0.23369112610816956
R0_base_ACT_handsout,bottle_cupnoodles_shelf,0,all,mse_at_horizon_idx,23,0.23326031863689423
R0_base_ACT_handsout,bottle_cupnoodles_shelf,0,all,mse_at_horizon_idx,24,0.23523393273353577
R0_base_ACT_handsout,bottle_cupnoodles_shelf,0,all,mse_at_horizon_idx,25,0.2338714599609375
R0_base_ACT_handsout,bottle_cupnoodles_shelf,0,all,mse_at_horizon_idx,26,0.2334718108177185
R0_base_ACT_handsout,bottle_cupnoodles_shelf,0,all,mse_at_horizon_idx,27,0.23470334708690643
R0_base_ACT_handsout,bottle_cupnoodles_shelf,0,all,mse_at_horizon_idx,28,0.23512105643749237
R0_base_ACT_handsout,bottle_cupnoodles_shelf,0,all,mse_at_horizon_idx,29,0.23364587128162384
R0_base_ACT_handsout,bottle_cupnoodles_shelf,0,all,mse_at_horizon_idx,30,0.2343626171350479
R0_base_ACT_handsout,bottle_cupnoodles_shelf,0,all,mse_at_horizon_idx,31,0.23533962666988373
R0_base_ACT_handsout,bottle_cupnoodles_shelf,0,all,mse_at_horizon_idx,32,0.23248891532421112
R0_base_ACT_handsout,bottle_cupnoodles_shelf,0,all,mse_at_horizon_idx,33,0.2345995157957077
R0_base_ACT_handsout,bottle_cupnoodles_shelf,0,all,mse_at_horizon_idx,34,0.23284773528575897
R0_base_ACT_handsout,bottle_cupnoodles_shelf,0,all,mse_at_horizon_idx,35,0.23562854528427124
R0_base_ACT_handsout,bottle_cupnoodles_shelf,0,all,mse_at_horizon_idx,36,0.23398932814598083
R0_base_ACT_handsout,bottle_cupnoodles_shelf,0,all,mse_at_horizon_idx,37,0.2336670309305191
R0_base_ACT_handsout,bottle_cupnoodles_shelf,0,all,mse_at_horizon_idx,38,0.23576825857162476
R0_base_ACT_handsout,bottle_cupnoodles_shelf,0,all,mse_at_horizon_idx,39,0.2326376885175705
R0_base_ACT_handsout,cup_wipe_sponge_dryingrack,2,motion_token,mse,-1,0.2446328103542328
R0_base_ACT_handsout,cup_wipe_sponge_dryingrack,2,motion_token,mae,-1,0.3955594599246979
R0_base_ACT_handsout,cup_wipe_sponge_dryingrack,2,motion_token,normalized_mse,-1,70.76103210449219
R0_base_ACT_handsout,cup_wipe_sponge_dryingrack,2,motion_token,final_position_error,-1,3.697549819946289
R0_base_ACT_handsout,cup_wipe_sponge_dryingrack,2,motion_token,mean_squared_jerk_pred,-1,0.12323970347642899
R0_base_ACT_handsout,cup_wipe_sponge_dryingrack,2,motion_token,mean_squared_jerk_gt,-1,0.0009948730003088713
R0_base_ACT_handsout,cup_wipe_sponge_dryingrack,2,motion_token,jerk_ratio_pred_over_gt,-1,123.87480958691975
R0_base_ACT_handsout,cup_wipe_sponge_dryingrack,2,motion_token,chunk_boundary_discontinuity,-1,0.06768798828125
R0_base_ACT_handsout,cup_wipe_sponge_dryingrack,2,motion_token,on_grid_fraction,-1,1.0
R0_base_ACT_handsout,cup_wipe_sponge_dryingrack,2,motion_token,mse_proprio_ablated,-1,0.24452756345272064
R0_base_ACT_handsout,cup_wipe_sponge_dryingrack,2,motion_token,proprio_leakage_gap,-1,-0.000105246901512146
R0_base_ACT_handsout,cup_wipe_sponge_dryingrack,2,motion_token,mse_at_horizon_idx,0,0.250031977891922
R0_base_ACT_handsout,cup_wipe_sponge_dryingrack,2,motion_token,mse_at_horizon_idx,1,0.2462041974067688
R0_base_ACT_handsout,cup_wipe_sponge_dryingrack,2,motion_token,mse_at_horizon_idx,2,0.242582768201828
R0_base_ACT_handsout,cup_wipe_sponge_dryingrack,2,motion_token,mse_at_horizon_idx,3,0.244384765625
R0_base_ACT_handsout,cup_wipe_sponge_dryingrack,2,motion_token,mse_at_horizon_idx,4,0.2416875958442688
R0_base_ACT_handsout,cup_wipe_sponge_dryingrack,2,motion_token,mse_at_horizon_idx,5,0.2410452663898468
R0_base_ACT_handsout,cup_wipe_sponge_dryingrack,2,motion_token,mse_at_horizon_idx,6,0.2441813200712204
R0_base_ACT_handsout,cup_wipe_sponge_dryingrack,2,motion_token,mse_at_horizon_idx,7,0.2432134747505188
R0_base_ACT_handsout,cup_wipe_sponge_dryingrack,2,motion_token,mse_at_horizon_idx,8,0.2429722398519516
R0_base_ACT_handsout,cup_wipe_sponge_dryingrack,2,motion_token,mse_at_horizon_idx,9,0.2435884028673172
R0_base_ACT_handsout,cup_wipe_sponge_dryingrack,2,motion_token,mse_at_horizon_idx,10,0.2420450896024704
R0_base_ACT_handsout,cup_wipe_sponge_dryingrack,2,motion_token,mse_at_horizon_idx,11,0.242158442735672
R0_base_ACT_handsout,cup_wipe_sponge_dryingrack,2,motion_token,mse_at_horizon_idx,12,0.2412777841091156
R0_base_ACT_handsout,cup_wipe_sponge_dryingrack,2,motion_token,mse_at_horizon_idx,13,0.24442139267921448
R0_base_ACT_handsout,cup_wipe_sponge_dryingrack,2,motion_token,mse_at_horizon_idx,14,0.24765625596046448
R0_base_ACT_handsout,cup_wipe_sponge_dryingrack,2,motion_token,mse_at_horizon_idx,15,0.23955993354320526
R0_base_ACT_handsout,cup_wipe_sponge_dryingrack,2,motion_token,mse_at_horizon_idx,16,0.24411925673484802
R0_base_ACT_handsout,cup_wipe_sponge_dryingrack,2,motion_token,mse_at_horizon_idx,17,0.24408569931983948
R0_base_ACT_handsout,cup_wipe_sponge_dryingrack,2,motion_token,mse_at_horizon_idx,18,0.24618224799633026
R0_base_ACT_handsout,cup_wipe_sponge_dryingrack,2,motion_token,mse_at_horizon_idx,19,0.2409210205078125
R0_base_ACT_handsout,cup_wipe_sponge_dryingrack,2,motion_token,mse_at_horizon_idx,20,0.24179688096046448
R0_base_ACT_handsout,cup_wipe_sponge_dryingrack,2,motion_token,mse_at_horizon_idx,21,0.24634094536304474
R0_base_ACT_handsout,cup_wipe_sponge_dryingrack,2,motion_token,mse_at_horizon_idx,22,0.24489136040210724
R0_base_ACT_handsout,cup_wipe_sponge_dryingrack,2,motion_token,mse_at_horizon_idx,23,0.246856689453125
R0_base_ACT_handsout,cup_wipe_sponge_dryingrack,2,motion_token,mse_at_horizon_idx,24,0.24428710341453552
R0_base_ACT_handsout,cup_wipe_sponge_dryingrack,2,motion_token,mse_at_horizon_idx,25,0.24733582139015198
R0_base_ACT_handsout,cup_wipe_sponge_dryingrack,2,motion_token,mse_at_horizon_idx,26,0.24475708603858948
R0_base_ACT_handsout,cup_wipe_sponge_dryingrack,2,motion_token,mse_at_horizon_idx,27,0.24895325303077698
R0_base_ACT_handsout,cup_wipe_sponge_dryingrack,2,motion_token,mse_at_horizon_idx,28,0.24517822265625
R0_base_ACT_handsout,cup_wipe_sponge_dryingrack,2,motion_token,mse_at_horizon_idx,29,0.24596253037452698
R0_base_ACT_handsout,cup_wipe_sponge_dryingrack,2,motion_token,mse_at_horizon_idx,30,0.24625854194164276
R0_base_ACT_handsout,cup_wipe_sponge_dryingrack,2,motion_token,mse_at_horizon_idx,31,0.24299010634422302
R0_base_ACT_handsout,cup_wipe_sponge_dryingrack,2,motion_token,mse_at_horizon_idx,32,0.24680176377296448
R0_base_ACT_handsout,cup_wipe_sponge_dryingrack,2,motion_token,mse_at_horizon_idx,33,0.2475433349609375
R0_base_ACT_handsout,cup_wipe_sponge_dryingrack,2,motion_token,mse_at_horizon_idx,34,0.24718017876148224
R0_base_ACT_handsout,cup_wipe_sponge_dryingrack,2,motion_token,mse_at_horizon_idx,35,0.24653014540672302
R0_base_ACT_handsout,cup_wipe_sponge_dryingrack,2,motion_token,mse_at_horizon_idx,36,0.2451171875
R0_base_ACT_handsout,cup_wipe_sponge_dryingrack,2,motion_token,mse_at_horizon_idx,37,0.246124267578125
R0_base_ACT_handsout,cup_wipe_sponge_dryingrack,2,motion_token,mse_at_horizon_idx,38,0.24359130859375
R0_base_ACT_handsout,cup_wipe_sponge_dryingrack,2,motion_token,mse_at_horizon_idx,39,0.2452392578125
R0_base_ACT_handsout,cup_wipe_sponge_dryingrack,2,left_hand_joints,mse,-1,0.01968098059296608
R0_base_ACT_handsout,cup_wipe_sponge_dryingrack,2,left_hand_joints,mae,-1,0.11675795167684555
R0_base_ACT_handsout,cup_wipe_sponge_dryingrack,2,left_hand_joints,normalized_mse,-1,
R0_base_ACT_handsout,cup_wipe_sponge_dryingrack,2,left_hand_joints,final_position_error,-1,0.30253008008003235
R0_base_ACT_handsout,cup_wipe_sponge_dryingrack,2,left_hand_joints,mean_squared_jerk_pred,-1,0.0021571649704128504
R0_base_ACT_handsout,cup_wipe_sponge_dryingrack,2,left_hand_joints,mean_squared_jerk_gt,-1,0.0
R0_base_ACT_handsout,cup_wipe_sponge_dryingrack,2,left_hand_joints,jerk_ratio_pred_over_gt,-1,
R0_base_ACT_handsout,cup_wipe_sponge_dryingrack,2,left_hand_joints,chunk_boundary_discontinuity,-1,0.004807660821825266
R0_base_ACT_handsout,cup_wipe_sponge_dryingrack,2,left_hand_joints,mse_proprio_ablated,-1,0.019734244793653488
R0_base_ACT_handsout,cup_wipe_sponge_dryingrack,2,left_hand_joints,proprio_leakage_gap,-1,5.326420068740845e-05
R0_base_ACT_handsout,cup_wipe_sponge_dryingrack,2,left_hand_joints,mse_at_horizon_idx,0,0.019376104697585106
R0_base_ACT_handsout,cup_wipe_sponge_dryingrack,2,left_hand_joints,mse_at_horizon_idx,1,0.019282177090644836
R0_base_ACT_handsout,cup_wipe_sponge_dryingrack,2,left_hand_joints,mse_at_horizon_idx,2,0.019234172999858856
R0_base_ACT_handsout,cup_wipe_sponge_dryingrack,2,left_hand_joints,mse_at_horizon_idx,3,0.01919136941432953
R0_base_ACT_handsout,cup_wipe_sponge_dryingrack,2,left_hand_joints,mse_at_horizon_idx,4,0.019805405288934708
R0_base_ACT_handsout,cup_wipe_sponge_dryingrack,2,left_hand_joints,mse_at_horizon_idx,5,0.019281670451164246
R0_base_ACT_handsout,cup_wipe_sponge_dryingrack,2,left_hand_joints,mse_at_horizon_idx,6,0.019203374162316322
R0_base_ACT_handsout,cup_wipe_sponge_dryingrack,2,left_hand_joints,mse_at_horizon_idx,7,0.020368065685033798
R0_base_ACT_handsout,cup_wipe_sponge_dryingrack,2,left_hand_joints,mse_at_horizon_idx,8,0.019318601116538048
R0_base_ACT_handsout,cup_wipe_sponge_dryingrack,2,left_hand_joints,mse_at_horizon_idx,9,0.01973089762032032
R0_base_ACT_handsout,cup_wipe_sponge_dryingrack,2,left_hand_joints,mse_at_horizon_idx,10,0.018592949956655502
R0_base_ACT_handsout,cup_wipe_sponge_dryingrack,2,left_hand_joints,mse_at_horizon_idx,11,0.019999142736196518
R0_base_ACT_handsout,cup_wipe_sponge_dryingrack,2,left_hand_joints,mse_at_horizon_idx,12,0.020153334364295006
R0_base_ACT_handsout,cup_wipe_sponge_dryingrack,2,left_hand_joints,mse_at_horizon_idx,13,0.0196538008749485
R0_base_ACT_handsout,cup_wipe_sponge_dryingrack,2,left_hand_joints,mse_at_horizon_idx,14,0.0195405762642622
R0_base_ACT_handsout,cup_wipe_sponge_dryingrack,2,left_hand_joints,mse_at_horizon_idx,15,0.01985216699540615
R0_base_ACT_handsout,cup_wipe_sponge_dryingrack,2,left_hand_joints,mse_at_horizon_idx,16,0.020124400034546852
R0_base_ACT_handsout,cup_wipe_sponge_dryingrack,2,left_hand_joints,mse_at_horizon_idx,17,0.01939970627427101
R0_base_ACT_handsout,cup_wipe_sponge_dryingrack,2,left_hand_joints,mse_at_horizon_idx,18,0.020526409149169922
R0_base_ACT_handsout,cup_wipe_sponge_dryingrack,2,left_hand_joints,mse_at_horizon_idx,19,0.018643662333488464
R0_base_ACT_handsout,cup_wipe_sponge_dryingrack,2,left_hand_joints,mse_at_horizon_idx,20,0.019870737567543983
R0_base_ACT_handsout,cup_wipe_sponge_dryingrack,2,left_hand_joints,mse_at_horizon_idx,21,0.020191960036754608
R0_base_ACT_handsout,cup_wipe_sponge_dryingrack,2,left_hand_joints,mse_at_horizon_idx,22,0.020331446081399918
R0_base_ACT_handsout,cup_wipe_sponge_dryingrack,2,left_hand_joints,mse_at_horizon_idx,23,0.02039947919547558
R0_base_ACT_handsout,cup_wipe_sponge_dryingrack,2,left_hand_joints,mse_at_horizon_idx,24,0.02096799574792385
R0_base_ACT_handsout,cup_wipe_sponge_dryingrack,2,left_hand_joints,mse_at_horizon_idx,25,0.019439954310655594
R0_base_ACT_handsout,cup_wipe_sponge_dryingrack,2,left_hand_joints,mse_at_horizon_idx,26,0.018728692084550858
R0_base_ACT_handsout,cup_wipe_sponge_dryingrack,2,left_hand_joints,mse_at_horizon_idx,27,0.0196517501026392
R0_base_ACT_handsout,cup_wipe_sponge_dryingrack,2,left_hand_joints,mse_at_horizon_idx,28,0.020232507959008217
R0_base_ACT_handsout,cup_wipe_sponge_dryingrack,2,left_hand_joints,mse_at_horizon_idx,29,0.019623754546046257
R0_base_ACT_handsout,cup_wipe_sponge_dryingrack,2,left_hand_joints,mse_at_horizon_idx,30,0.01955573633313179
R0_base_ACT_handsout,cup_wipe_sponge_dryingrack,2,left_hand_joints,mse_at_horizon_idx,31,0.019681699573993683
R0_base_ACT_handsout,cup_wipe_sponge_dryingrack,2,left_hand_joints,mse_at_horizon_idx,32,0.01952289417386055
R0_base_ACT_handsout,cup_wipe_sponge_dryingrack,2,left_hand_joints,mse_at_horizon_idx,33,0.01915186457335949
R0_base_ACT_handsout,cup_wipe_sponge_dryingrack,2,left_hand_joints,mse_at_horizon_idx,34,0.02007545717060566
R0_base_ACT_handsout,cup_wipe_sponge_dryingrack,2,left_hand_joints,mse_at_horizon_idx,35,0.01965724304318428
R0_base_ACT_handsout,cup_wipe_sponge_dryingrack,2,left_hand_joints,mse_at_horizon_idx,36,0.020365286618471146
R0_base_ACT_handsout,cup_wipe_sponge_dryingrack,2,left_hand_joints,mse_at_horizon_idx,37,0.019603725522756577
R0_base_ACT_handsout,cup_wipe_sponge_dryingrack,2,left_hand_joints,mse_at_horizon_idx,38,0.01900191232562065
R0_base_ACT_handsout,cup_wipe_sponge_dryingrack,2,left_hand_joints,mse_at_horizon_idx,39,0.02002289704978466
R0_base_ACT_handsout,cup_wipe_sponge_dryingrack,2,left_hand_joints,grasp_precision,-1,0.0
R0_base_ACT_handsout,cup_wipe_sponge_dryingrack,2,left_hand_joints,grasp_recall,-1,
R0_base_ACT_handsout,cup_wipe_sponge_dryingrack,2,left_hand_joints,grasp_f1,-1,
R0_base_ACT_handsout,cup_wipe_sponge_dryingrack,2,left_hand_joints,grasp_n_gt_events,-1,0.0
R0_base_ACT_handsout,cup_wipe_sponge_dryingrack,2,left_hand_joints,grasp_n_pred_events,-1,5.0
R0_base_ACT_handsout,cup_wipe_sponge_dryingrack,2,left_hand_joints,grasp_onset_timing_error_signed_steps,-1,
R0_base_ACT_handsout,cup_wipe_sponge_dryingrack,2,left_hand_joints,grasp_spurious_transitions,-1,5.0
R0_base_ACT_handsout,cup_wipe_sponge_dryingrack,2,right_hand_joints,mse,-1,0.00860369112342596
R0_base_ACT_handsout,cup_wipe_sponge_dryingrack,2,right_hand_joints,mae,-1,0.07574624568223953
R0_base_ACT_handsout,cup_wipe_sponge_dryingrack,2,right_hand_joints,normalized_mse,-1,
R0_base_ACT_handsout,cup_wipe_sponge_dryingrack,2,right_hand_joints,final_position_error,-1,0.2552911043167114
R0_base_ACT_handsout,cup_wipe_sponge_dryingrack,2,right_hand_joints,mean_squared_jerk_pred,-1,0.0022840697783976793
R0_base_ACT_handsout,cup_wipe_sponge_dryingrack,2,right_hand_joints,mean_squared_jerk_gt,-1,0.0
R0_base_ACT_handsout,cup_wipe_sponge_dryingrack,2,right_hand_joints,jerk_ratio_pred_over_gt,-1,
R0_base_ACT_handsout,cup_wipe_sponge_dryingrack,2,right_hand_joints,chunk_boundary_discontinuity,-1,0.006402340717613697
R0_base_ACT_handsout,cup_wipe_sponge_dryingrack,2,right_hand_joints,mse_proprio_ablated,-1,0.008535534143447876
R0_base_ACT_handsout,cup_wipe_sponge_dryingrack,2,right_hand_joints,proprio_leakage_gap,-1,-6.815697997808456e-05
R0_base_ACT_handsout,cup_wipe_sponge_dryingrack,2,right_hand_joints,mse_at_horizon_idx,0,0.008010316640138626
R0_base_ACT_handsout,cup_wipe_sponge_dryingrack,2,right_hand_joints,mse_at_horizon_idx,1,0.008357491344213486
R0_base_ACT_handsout,cup_wipe_sponge_dryingrack,2,right_hand_joints,mse_at_horizon_idx,2,0.00805739313364029
R0_base_ACT_handsout,cup_wipe_sponge_dryingrack,2,right_hand_joints,mse_at_horizon_idx,3,0.00851108506321907
R0_base_ACT_handsout,cup_wipe_sponge_dryingrack,2,right_hand_joints,mse_at_horizon_idx,4,0.008978049270808697
R0_base_ACT_handsout,cup_wipe_sponge_dryingrack,2,right_hand_joints,mse_at_horizon_idx,5,0.00842761155217886
R0_base_ACT_handsout,cup_wipe_sponge_dryingrack,2,right_hand_joints,mse_at_horizon_idx,6,0.008489608764648438
R0_base_ACT_handsout,cup_wipe_sponge_dryingrack,2,right_hand_joints,mse_at_horizon_idx,7,0.009073405526578426
R0_base_ACT_handsout,cup_wipe_sponge_dryingrack,2,right_hand_joints,mse_at_horizon_idx,8,0.008649669587612152
R0_base_ACT_handsout,cup_wipe_sponge_dryingrack,2,right_hand_joints,mse_at_horizon_idx,9,0.008957374840974808
R0_base_ACT_handsout,cup_wipe_sponge_dryingrack,2,right_hand_joints,mse_at_horizon_idx,10,0.008166410028934479
R0_base_ACT_handsout,cup_wipe_sponge_dryingrack,2,right_hand_joints,mse_at_horizon_idx,11,0.008741406723856926
R0_base_ACT_handsout,cup_wipe_sponge_dryingrack,2,right_hand_joints,mse_at_horizon_idx,12,0.008728657849133015
R0_base_ACT_handsout,cup_wipe_sponge_dryingrack,2,right_hand_joints,mse_at_horizon_idx,13,0.008312932215631008
R0_base_ACT_handsout,cup_wipe_sponge_dryingrack,2,right_hand_joints,mse_at_horizon_idx,14,0.00872411672025919
R0_base_ACT_handsout,cup_wipe_sponge_dryingrack,2,right_hand_joints,mse_at_horizon_idx,15,0.008376827463507652
R0_base_ACT_handsout,cup_wipe_sponge_dryingrack,2,right_hand_joints,mse_at_horizon_idx,16,0.008926885202527046
R0_base_ACT_handsout,cup_wipe_sponge_dryingrack,2,right_hand_joints,mse_at_horizon_idx,17,0.008787641301751137
R0_base_ACT_handsout,cup_wipe_sponge_dryingrack,2,right_hand_joints,mse_at_horizon_idx,18,0.008932380937039852
R0_base_ACT_handsout,cup_wipe_sponge_dryingrack,2,right_hand_joints,mse_at_horizon_idx,19,0.00842624343931675
R0_base_ACT_handsout,cup_wipe_sponge_dryingrack,2,right_hand_joints,mse_at_horizon_idx,20,0.008809870108962059
R0_base_ACT_handsout,cup_wipe_sponge_dryingrack,2,right_hand_joints,mse_at_horizon_idx,21,0.008737696334719658
R0_base_ACT_handsout,cup_wipe_sponge_dryingrack,2,right_hand_joints,mse_at_horizon_idx,22,0.008776144124567509
R0_base_ACT_handsout,cup_wipe_sponge_dryingrack,2,right_hand_joints,mse_at_horizon_idx,23,0.00832319911569357
R0_base_ACT_handsout,cup_wipe_sponge_dryingrack,2,right_hand_joints,mse_at_horizon_idx,24,0.009454826824367046
R0_base_ACT_handsout,cup_wipe_sponge_dryingrack,2,right_hand_joints,mse_at_horizon_idx,25,0.008190101012587547
R0_base_ACT_handsout,cup_wipe_sponge_dryingrack,2,right_hand_joints,mse_at_horizon_idx,26,0.008335758931934834
R0_base_ACT_handsout,cup_wipe_sponge_dryingrack,2,right_hand_joints,mse_at_horizon_idx,27,0.009556470438838005
R0_base_ACT_handsout,cup_wipe_sponge_dryingrack,2,right_hand_joints,mse_at_horizon_idx,28,0.008595767430961132
R0_base_ACT_handsout,cup_wipe_sponge_dryingrack,2,right_hand_joints,mse_at_horizon_idx,29,0.008725257590413094
R0_base_ACT_handsout,cup_wipe_sponge_dryingrack,2,right_hand_joints,mse_at_horizon_idx,30,0.009324556216597557
R0_base_ACT_handsout,cup_wipe_sponge_dryingrack,2,right_hand_joints,mse_at_horizon_idx,31,0.008822174742817879
R0_base_ACT_handsout,cup_wipe_sponge_dryingrack,2,right_hand_joints,mse_at_horizon_idx,32,0.008447066880762577
R0_base_ACT_handsout,cup_wipe_sponge_dryingrack,2,right_hand_joints,mse_at_horizon_idx,33,0.008035516366362572
R0_base_ACT_handsout,cup_wipe_sponge_dryingrack,2,right_hand_joints,mse_at_horizon_idx,34,0.008465936407446861
R0_base_ACT_handsout,cup_wipe_sponge_dryingrack,2,right_hand_joints,mse_at_horizon_idx,35,0.00846491102129221
R0_base_ACT_handsout,cup_wipe_sponge_dryingrack,2,right_hand_joints,mse_at_horizon_idx,36,0.008600358851253986
R0_base_ACT_handsout,cup_wipe_sponge_dryingrack,2,right_hand_joints,mse_at_horizon_idx,37,0.00803426094353199
R0_base_ACT_handsout,cup_wipe_sponge_dryingrack,2,right_hand_joints,mse_at_horizon_idx,38,0.008325000293552876
R0_base_ACT_handsout,cup_wipe_sponge_dryingrack,2,right_hand_joints,mse_at_horizon_idx,39,0.008522262796759605
R0_base_ACT_handsout,cup_wipe_sponge_dryingrack,2,right_hand_joints,grasp_precision,-1,0.0
R0_base_ACT_handsout,cup_wipe_sponge_dryingrack,2,right_hand_joints,grasp_recall,-1,
R0_base_ACT_handsout,cup_wipe_sponge_dryingrack,2,right_hand_joints,grasp_f1,-1,
R0_base_ACT_handsout,cup_wipe_sponge_dryingrack,2,right_hand_joints,grasp_n_gt_events,-1,0.0
R0_base_ACT_handsout,cup_wipe_sponge_dryingrack,2,right_hand_joints,grasp_n_pred_events,-1,6.0
R0_base_ACT_handsout,cup_wipe_sponge_dryingrack,2,right_hand_joints,grasp_onset_timing_error_signed_steps,-1,
R0_base_ACT_handsout,cup_wipe_sponge_dryingrack,2,right_hand_joints,grasp_spurious_transitions,-1,6.0
R0_base_ACT_handsout,cup_wipe_sponge_dryingrack,2,all,mse,-1,0.20326271653175354
R0_base_ACT_handsout,cup_wipe_sponge_dryingrack,2,all,mae,-1,0.341837614774704
R0_base_ACT_handsout,cup_wipe_sponge_dryingrack,2,all,normalized_mse,-1,70.76103210449219
R0_base_ACT_handsout,cup_wipe_sponge_dryingrack,2,all,final_position_error,-1,3.7186789512634277
R0_base_ACT_handsout,cup_wipe_sponge_dryingrack,2,all,mean_squared_jerk_pred,-1,0.10151833295822144
R0_base_ACT_handsout,cup_wipe_sponge_dryingrack,2,all,mean_squared_jerk_gt,-1,0.0008163060992956161
R0_base_ACT_handsout,cup_wipe_sponge_dryingrack,2,all,jerk_ratio_pred_over_gt,-1,124.36307047787683
R0_base_ACT_handsout,cup_wipe_sponge_dryingrack,2,all,chunk_boundary_discontinuity,-1,0.05654488876461983
R0_base_ACT_handsout,cup_wipe_sponge_dryingrack,2,all,mse_proprio_ablated,-1,0.20317502319812775
R0_base_ACT_handsout,cup_wipe_sponge_dryingrack,2,all,proprio_leakage_gap,-1,-8.769333362579346e-05
R0_base_ACT_handsout,cup_wipe_sponge_dryingrack,2,all,mse_at_horizon_idx,0,0.20761220157146454
R0_base_ACT_handsout,cup_wipe_sponge_dryingrack,2,all,mse_at_horizon_idx,1,0.2044941782951355
R0_base_ACT_handsout,cup_wipe_sponge_dryingrack,2,all,mse_at_horizon_idx,2,0.20149151980876923
R0_base_ACT_handsout,cup_wipe_sponge_dryingrack,2,all,mse_at_horizon_idx,3,0.20300695300102234
R0_base_ACT_handsout,cup_wipe_sponge_dryingrack,2,all,mse_at_horizon_idx,4,0.2008909285068512
R0_base_ACT_handsout,cup_wipe_sponge_dryingrack,2,all,mse_at_horizon_idx,5,0.2002674788236618
R0_base_ACT_handsout,cup_wipe_sponge_dryingrack,2,all,mse_at_horizon_idx,6,0.20283916592597961
R0_base_ACT_handsout,cup_wipe_sponge_dryingrack,2,all,mse_at_horizon_idx,7,0.2022019624710083
R0_base_ACT_handsout,cup_wipe_sponge_dryingrack,2,all,mse_at_horizon_idx,8,0.20187179744243622
R0_base_ACT_handsout,cup_wipe_sponge_dryingrack,2,all,mse_at_horizon_idx,9,0.20244203507900238
R0_base_ACT_handsout,cup_wipe_sponge_dryingrack,2,all,mse_at_horizon_idx,10,0.2010025680065155
R0_base_ACT_handsout,cup_wipe_sponge_dryingrack,2,all,mse_at_horizon_idx,11,0.20127339661121368
R0_base_ACT_handsout,cup_wipe_sponge_dryingrack,2,all,mse_at_horizon_idx,12,0.20056350529193878
R0_base_ACT_handsout,cup_wipe_sponge_dryingrack,2,all,mse_at_horizon_idx,13,0.20306074619293213
R0_base_ACT_handsout,cup_wipe_sponge_dryingrack,2,all,mse_at_horizon_idx,14,0.20574168860912323
R0_base_ACT_handsout,cup_wipe_sponge_dryingrack,2,all,mse_at_horizon_idx,15,0.19909536838531494
R0_base_ACT_handsout,cup_wipe_sponge_dryingrack,2,all,mse_at_horizon_idx,16,0.2029101401567459
R0_base_ACT_handsout,cup_wipe_sponge_dryingrack,2,all,mse_at_horizon_idx,17,0.20280508697032928
R0_base_ACT_handsout,cup_wipe_sponge_dryingrack,2,all,mse_at_horizon_idx,18,0.20463940501213074
R0_base_ACT_handsout,cup_wipe_sponge_dryingrack,2,all,mse_at_horizon_idx,19,0.200108140707016
R0_base_ACT_handsout,cup_wipe_sponge_dryingrack,2,all,mse_at_horizon_idx,20,0.2009713351726532
R0_base_ACT_handsout,cup_wipe_sponge_dryingrack,2,all,mse_at_horizon_idx,21,0.20472213625907898
R0_base_ACT_handsout,cup_wipe_sponge_dryingrack,2,all,mse_at_horizon_idx,22,0.20354871451854706
R0_base_ACT_handsout,cup_wipe_sponge_dryingrack,2,all,mse_at_horizon_idx,23,0.20512676239013672
R0_base_ACT_handsout,cup_wipe_sponge_dryingrack,2,all,mse_at_horizon_idx,24,0.20317097008228302
R0_base_ACT_handsout,cup_wipe_sponge_dryingrack,2,all,mse_at_horizon_idx,25,0.2054218351840973
R0_base_ACT_handsout,cup_wipe_sponge_dryingrack,2,all,mse_at_horizon_idx,26,0.20325517654418945
R0_base_ACT_handsout,cup_wipe_sponge_dryingrack,2,all,mse_at_horizon_idx,27,0.20689058303833008
R0_base_ACT_handsout,cup_wipe_sponge_dryingrack,2,all,mse_at_horizon_idx,28,0.20375902950763702
R0_base_ACT_handsout,cup_wipe_sponge_dryingrack,2,all,mse_at_horizon_idx,29,0.20435956120491028
R0_base_ACT_handsout,cup_wipe_sponge_dryingrack,2,all,mse_at_horizon_idx,30,0.2046501189470291
R0_base_ACT_handsout,cup_wipe_sponge_dryingrack,2,all,mse_at_horizon_idx,31,0.20193453133106232
R0_base_ACT_handsout,cup_wipe_sponge_dryingrack,2,all,mse_at_horizon_idx,32,0.20501413941383362
R0_base_ACT_handsout,cup_wipe_sponge_dryingrack,2,all,mse_at_horizon_idx,33,0.2055523842573166
R0_base_ACT_handsout,cup_wipe_sponge_dryingrack,2,all,mse_at_horizon_idx,34,0.20537590980529785
R0_base_ACT_handsout,cup_wipe_sponge_dryingrack,2,all,mse_at_horizon_idx,35,0.2048049420118332
R0_base_ACT_handsout,cup_wipe_sponge_dryingrack,2,all,mse_at_horizon_idx,36,0.203721284866333
R0_base_ACT_handsout,cup_wipe_sponge_dryingrack,2,all,mse_at_horizon_idx,37,0.20442846417427063
R0_base_ACT_handsout,cup_wipe_sponge_dryingrack,2,all,mse_at_horizon_idx,38,0.20232219994068146
R0_base_ACT_handsout,cup_wipe_sponge_dryingrack,2,all,mse_at_horizon_idx,39,0.20378370583057404
R0_base_ACT_handsout,floor_box_table,16,motion_token,mse,-1,0.2717805504798889
R0_base_ACT_handsout,floor_box_table,16,motion_token,mae,-1,0.41606786847114563
R0_base_ACT_handsout,floor_box_table,16,motion_token,normalized_mse,-1,31.14699935913086
R0_base_ACT_handsout,floor_box_table,16,motion_token,final_position_error,-1,4.209364414215088
R0_base_ACT_handsout,floor_box_table,16,motion_token,mean_squared_jerk_pred,-1,0.08291421830654144
R0_base_ACT_handsout,floor_box_table,16,motion_token,mean_squared_jerk_gt,-1,0.001409223536029458
R0_base_ACT_handsout,floor_box_table,16,motion_token,jerk_ratio_pred_over_gt,-1,58.83681061711151
R0_base_ACT_handsout,floor_box_table,16,motion_token,chunk_boundary_discontinuity,-1,0.07267344743013382
R0_base_ACT_handsout,floor_box_table,16,motion_token,on_grid_fraction,-1,1.0
R0_base_ACT_handsout,floor_box_table,16,motion_token,mse_proprio_ablated,-1,0.2717416286468506
R0_base_ACT_handsout,floor_box_table,16,motion_token,proprio_leakage_gap,-1,-3.892183303833008e-05
R0_base_ACT_handsout,floor_box_table,16,motion_token,mse_at_horizon_idx,0,0.2717417776584625
R0_base_ACT_handsout,floor_box_table,16,motion_token,mse_at_horizon_idx,1,0.273737370967865
R0_base_ACT_handsout,floor_box_table,16,motion_token,mse_at_horizon_idx,2,0.27213719487190247
R0_base_ACT_handsout,floor_box_table,16,motion_token,mse_at_horizon_idx,3,0.27388066053390503
R0_base_ACT_handsout,floor_box_table,16,motion_token,mse_at_horizon_idx,4,0.2712880074977875
R0_base_ACT_handsout,floor_box_table,16,motion_token,mse_at_horizon_idx,5,0.27546226978302
R0_base_ACT_handsout,floor_box_table,16,motion_token,mse_at_horizon_idx,6,0.27530571818351746
R0_base_ACT_handsout,floor_box_table,16,motion_token,mse_at_horizon_idx,7,0.2738116681575775
R0_base_ACT_handsout,floor_box_table,16,motion_token,mse_at_horizon_idx,8,0.2717868983745575
R0_base_ACT_handsout,floor_box_table,16,motion_token,mse_at_horizon_idx,9,0.273493230342865
R0_base_ACT_handsout,floor_box_table,16,motion_token,mse_at_horizon_idx,10,0.27333399653434753
R0_base_ACT_handsout,floor_box_table,16,motion_token,mse_at_horizon_idx,11,0.27406907081604004
R0_base_ACT_handsout,floor_box_table,16,motion_token,mse_at_horizon_idx,12,0.27151888608932495
R0_base_ACT_handsout,floor_box_table,16,motion_token,mse_at_horizon_idx,13,0.2696533203125
R0_base_ACT_handsout,floor_box_table,16,motion_token,mse_at_horizon_idx,14,0.27017611265182495
R0_base_ACT_handsout,floor_box_table,16,motion_token,mse_at_horizon_idx,15,0.27199652791023254
R0_base_ACT_handsout,floor_box_table,16,motion_token,mse_at_horizon_idx,16,0.27070948481559753
R0_base_ACT_handsout,floor_box_table,16,motion_token,mse_at_horizon_idx,17,0.271662175655365
R0_base_ACT_handsout,floor_box_table,16,motion_token,mse_at_horizon_idx,18,0.27156397700309753
R0_base_ACT_handsout,floor_box_table,16,motion_token,mse_at_horizon_idx,19,0.27400273084640503
R0_base_ACT_handsout,floor_box_table,16,motion_token,mse_at_horizon_idx,20,0.2715533673763275
R0_base_ACT_handsout,floor_box_table,16,motion_token,mse_at_horizon_idx,21,0.27152949571609497
R0_base_ACT_handsout,floor_box_table,16,motion_token,mse_at_horizon_idx,22,0.27181607484817505
R0_base_ACT_handsout,floor_box_table,16,motion_token,mse_at_horizon_idx,23,0.27278733253479004
R0_base_ACT_handsout,floor_box_table,16,motion_token,mse_at_horizon_idx,24,0.27095627784729004
R0_base_ACT_handsout,floor_box_table,16,motion_token,mse_at_horizon_idx,25,0.27134373784065247
R0_base_ACT_handsout,floor_box_table,16,motion_token,mse_at_horizon_idx,26,0.27260422706604004
R0_base_ACT_handsout,floor_box_table,16,motion_token,mse_at_horizon_idx,27,0.27224597334861755
R0_base_ACT_handsout,floor_box_table,16,motion_token,mse_at_horizon_idx,28,0.2703857421875
R0_base_ACT_handsout,floor_box_table,16,motion_token,mse_at_horizon_idx,29,0.2698284685611725
R0_base_ACT_handsout,floor_box_table,16,motion_token,mse_at_horizon_idx,30,0.2706272304058075
R0_base_ACT_handsout,floor_box_table,16,motion_token,mse_at_horizon_idx,31,0.26937732100486755
R0_base_ACT_handsout,floor_box_table,16,motion_token,mse_at_horizon_idx,32,0.27116858959198
R0_base_ACT_handsout,floor_box_table,16,motion_token,mse_at_horizon_idx,33,0.26869267225265503
R0_base_ACT_handsout,floor_box_table,16,motion_token,mse_at_horizon_idx,34,0.27395230531692505
R0_base_ACT_handsout,floor_box_table,16,motion_token,mse_at_horizon_idx,35,0.269525945186615
R0_base_ACT_handsout,floor_box_table,16,motion_token,mse_at_horizon_idx,36,0.2696671783924103
R0_base_ACT_handsout,floor_box_table,16,motion_token,mse_at_horizon_idx,37,0.27104881405830383
R0_base_ACT_handsout,floor_box_table,16,motion_token,mse_at_horizon_idx,38,0.27209195494651794
R0_base_ACT_handsout,floor_box_table,16,motion_token,mse_at_horizon_idx,39,0.2684326171875
R0_base_ACT_handsout,floor_box_table,16,left_hand_joints,mse,-1,0.01350475661456585
R0_base_ACT_handsout,floor_box_table,16,left_hand_joints,mae,-1,0.09213493019342422
R0_base_ACT_handsout,floor_box_table,16,left_hand_joints,normalized_mse,-1,
R0_base_ACT_handsout,floor_box_table,16,left_hand_joints,final_position_error,-1,0.31780529022216797
R0_base_ACT_handsout,floor_box_table,16,left_hand_joints,mean_squared_jerk_pred,-1,0.0018457903061062098
R0_base_ACT_handsout,floor_box_table,16,left_hand_joints,mean_squared_jerk_gt,-1,0.0
R0_base_ACT_handsout,floor_box_table,16,left_hand_joints,jerk_ratio_pred_over_gt,-1,
R0_base_ACT_handsout,floor_box_table,16,left_hand_joints,chunk_boundary_discontinuity,-1,0.004433448892086744
R0_base_ACT_handsout,floor_box_table,16,left_hand_joints,mse_proprio_ablated,-1,0.013537727296352386
R0_base_ACT_handsout,floor_box_table,16,left_hand_joints,proprio_leakage_gap,-1,3.297068178653717e-05
R0_base_ACT_handsout,floor_box_table,16,left_hand_joints,mse_at_horizon_idx,0,0.01312974188476801
R0_base_ACT_handsout,floor_box_table,16,left_hand_joints,mse_at_horizon_idx,1,0.013580461964011192
R0_base_ACT_handsout,floor_box_table,16,left_hand_joints,mse_at_horizon_idx,2,0.012970933690667152
R0_base_ACT_handsout,floor_box_table,16,left_hand_joints,mse_at_horizon_idx,3,0.013240079395473003
R0_base_ACT_handsout,floor_box_table,16,left_hand_joints,mse_at_horizon_idx,4,0.01379613671451807
R0_base_ACT_handsout,floor_box_table,16,left_hand_joints,mse_at_horizon_idx,5,0.013364470563828945
R0_base_ACT_handsout,floor_box_table,16,left_hand_joints,mse_at_horizon_idx,6,0.013472849503159523
R0_base_ACT_handsout,floor_box_table,16,left_hand_joints,mse_at_horizon_idx,7,0.013846032321453094
R0_base_ACT_handsout,floor_box_table,16,left_hand_joints,mse_at_horizon_idx,8,0.013564890250563622
R0_base_ACT_handsout,floor_box_table,16,left_hand_joints,mse_at_horizon_idx,9,0.013599898666143417
R0_base_ACT_handsout,floor_box_table,16,left_hand_joints,mse_at_horizon_idx,10,0.012908896431326866
R0_base_ACT_handsout,floor_box_table,16,left_hand_joints,mse_at_horizon_idx,11,0.013260388746857643
R0_base_ACT_handsout,floor_box_table,16,left_hand_joints,mse_at_horizon_idx,12,0.014090999029576778
R0_base_ACT_handsout,floor_box_table,16,left_hand_joints,mse_at_horizon_idx,13,0.013797669671475887
R0_base_ACT_handsout,floor_box_table,16,left_hand_joints,mse_at_horizon_idx,14,0.013789994642138481
R0_base_ACT_handsout,floor_box_table,16,left_hand_joints,mse_at_horizon_idx,15,0.013626344501972198
R0_base_ACT_handsout,floor_box_table,16,left_hand_joints,mse_at_horizon_idx,16,0.014482997357845306
R0_base_ACT_handsout,floor_box_table,16,left_hand_joints,mse_at_horizon_idx,17,0.013609388843178749
R0_base_ACT_handsout,floor_box_table,16,left_hand_joints,mse_at_horizon_idx,18,0.013583431951701641
R0_base_ACT_handsout,floor_box_table,16,left_hand_joints,mse_at_horizon_idx,19,0.013295076787471771
R0_base_ACT_handsout,floor_box_table,16,left_hand_joints,mse_at_horizon_idx,20,0.01351506169885397
R0_base_ACT_handsout,floor_box_table,16,left_hand_joints,mse_at_horizon_idx,21,0.013354754075407982
R0_base_ACT_handsout,floor_box_table,16,left_hand_joints,mse_at_horizon_idx,22,0.013520213775336742
R0_base_ACT_handsout,floor_box_table,16,left_hand_joints,mse_at_horizon_idx,23,0.013786270283162594
R0_base_ACT_handsout,floor_box_table,16,left_hand_joints,mse_at_horizon_idx,24,0.014123913832008839
R0_base_ACT_handsout,floor_box_table,16,left_hand_joints,mse_at_horizon_idx,25,0.013892280869185925
R0_base_ACT_handsout,floor_box_table,16,left_hand_joints,mse_at_horizon_idx,26,0.013308631256222725
R0_base_ACT_handsout,floor_box_table,16,left_hand_joints,mse_at_horizon_idx,27,0.013186008669435978
R0_base_ACT_handsout,floor_box_table,16,left_hand_joints,mse_at_horizon_idx,28,0.013553356751799583
R0_base_ACT_handsout,floor_box_table,16,left_hand_joints,mse_at_horizon_idx,29,0.013092107139527798
R0_base_ACT_handsout,floor_box_table,16,left_hand_joints,mse_at_horizon_idx,30,0.012759027071297169
R0_base_ACT_handsout,floor_box_table,16,left_hand_joints,mse_at_horizon_idx,31,0.013001793064177036
R0_base_ACT_handsout,floor_box_table,16,left_hand_joints,mse_at_horizon_idx,32,0.012892642989754677
R0_base_ACT_handsout,floor_box_table,16,left_hand_joints,mse_at_horizon_idx,33,0.013256543315947056
R0_base_ACT_handsout,floor_box_table,16,left_hand_joints,mse_at_horizon_idx,34,0.013827512972056866
R0_base_ACT_handsout,floor_box_table,16,left_hand_joints,mse_at_horizon_idx,35,0.013006472028791904
R0_base_ACT_handsout,floor_box_table,16,left_hand_joints,mse_at_horizon_idx,36,0.014099955558776855
R0_base_ACT_handsout,floor_box_table,16,left_hand_joints,mse_at_horizon_idx,37,0.013348648324608803
R0_base_ACT_handsout,floor_box_table,16,left_hand_joints,mse_at_horizon_idx,38,0.013480392284691334
R0_base_ACT_handsout,floor_box_table,16,left_hand_joints,mse_at_horizon_idx,39,0.014223236590623856
R0_base_ACT_handsout,floor_box_table,16,left_hand_joints,grasp_precision,-1,0.0
R0_base_ACT_handsout,floor_box_table,16,left_hand_joints,grasp_recall,-1,
R0_base_ACT_handsout,floor_box_table,16,left_hand_joints,grasp_f1,-1,
R0_base_ACT_handsout,floor_box_table,16,left_hand_joints,grasp_n_gt_events,-1,0.0
R0_base_ACT_handsout,floor_box_table,16,left_hand_joints,grasp_n_pred_events,-1,8.0
R0_base_ACT_handsout,floor_box_table,16,left_hand_joints,grasp_onset_timing_error_signed_steps,-1,
R0_base_ACT_handsout,floor_box_table,16,left_hand_joints,grasp_spurious_transitions,-1,8.0
R0_base_ACT_handsout,floor_box_table,16,right_hand_joints,mse,-1,0.008985085412859917
R0_base_ACT_handsout,floor_box_table,16,right_hand_joints,mae,-1,0.07753255218267441
R0_base_ACT_handsout,floor_box_table,16,right_hand_joints,normalized_mse,-1,
R0_base_ACT_handsout,floor_box_table,16,right_hand_joints,final_position_error,-1,0.16599522531032562
R0_base_ACT_handsout,floor_box_table,16,right_hand_joints,mean_squared_jerk_pred,-1,0.0022431937977671623
R0_base_ACT_handsout,floor_box_table,16,right_hand_joints,mean_squared_jerk_gt,-1,0.0
R0_base_ACT_handsout,floor_box_table,16,right_hand_joints,jerk_ratio_pred_over_gt,-1,
R0_base_ACT_handsout,floor_box_table,16,right_hand_joints,chunk_boundary_discontinuity,-1,0.00573767302557826
R0_base_ACT_handsout,floor_box_table,16,right_hand_joints,mse_proprio_ablated,-1,0.008952181786298752
R0_base_ACT_handsout,floor_box_table,16,right_hand_joints,proprio_leakage_gap,-1,-3.2903626561164856e-05
R0_base_ACT_handsout,floor_box_table,16,right_hand_joints,mse_at_horizon_idx,0,0.008634970523416996
R0_base_ACT_handsout,floor_box_table,16,right_hand_joints,mse_at_horizon_idx,1,0.008694615215063095
R0_base_ACT_handsout,floor_box_table,16,right_hand_joints,mse_at_horizon_idx,2,0.00873821321874857
R0_base_ACT_handsout,floor_box_table,16,right_hand_joints,mse_at_horizon_idx,3,0.00857617612928152
R0_base_ACT_handsout,floor_box_table,16,right_hand_joints,mse_at_horizon_idx,4,0.00917732808738947
R0_base_ACT_handsout,floor_box_table,16,right_hand_joints,mse_at_horizon_idx,5,0.008685644716024399
R0_base_ACT_handsout,floor_box_table,16,right_hand_joints,mse_at_horizon_idx,6,0.009347038343548775
R0_base_ACT_handsout,floor_box_table,16,right_hand_joints,mse_at_horizon_idx,7,0.008747749961912632
R0_base_ACT_handsout,floor_box_table,16,right_hand_joints,mse_at_horizon_idx,8,0.009186712093651295
R0_base_ACT_handsout,floor_box_table,16,right_hand_joints,mse_at_horizon_idx,9,0.009043681435286999
R0_base_ACT_handsout,floor_box_table,16,right_hand_joints,mse_at_horizon_idx,10,0.008882619440555573
R0_base_ACT_handsout,floor_box_table,16,right_hand_joints,mse_at_horizon_idx,11,0.00882992148399353
R0_base_ACT_handsout,floor_box_table,16,right_hand_joints,mse_at_horizon_idx,12,0.009083107113838196
R0_base_ACT_handsout,floor_box_table,16,right_hand_joints,mse_at_horizon_idx,13,0.009195140562951565
R0_base_ACT_handsout,floor_box_table,16,right_hand_joints,mse_at_horizon_idx,14,0.009000539779663086
R0_base_ACT_handsout,floor_box_table,16,right_hand_joints,mse_at_horizon_idx,15,0.009153692051768303
R0_base_ACT_handsout,floor_box_table,16,right_hand_joints,mse_at_horizon_idx,16,0.009769491851329803
R0_base_ACT_handsout,floor_box_table,16,right_hand_joints,mse_at_horizon_idx,17,0.0087686562910676
R0_base_ACT_handsout,floor_box_table,16,right_hand_joints,mse_at_horizon_idx,18,0.009065596386790276
R0_base_ACT_handsout,floor_box_table,16,right_hand_joints,mse_at_horizon_idx,19,0.008913256227970123
R0_base_ACT_handsout,floor_box_table,16,right_hand_joints,mse_at_horizon_idx,20,0.009374240413308144
R0_base_ACT_handsout,floor_box_table,16,right_hand_joints,mse_at_horizon_idx,21,0.0091445567086339
R0_base_ACT_handsout,floor_box_table,16,right_hand_joints,mse_at_horizon_idx,22,0.009179271757602692
R0_base_ACT_handsout,floor_box_table,16,right_hand_joints,mse_at_horizon_idx,23,0.008699147962033749
R0_base_ACT_handsout,floor_box_table,16,right_hand_joints,mse_at_horizon_idx,24,0.009623426012694836
R0_base_ACT_handsout,floor_box_table,16,right_hand_joints,mse_at_horizon_idx,25,0.008659418672323227
R0_base_ACT_handsout,floor_box_table,16,right_hand_joints,mse_at_horizon_idx,26,0.008759789168834686
R0_base_ACT_handsout,floor_box_table,16,right_hand_joints,mse_at_horizon_idx,27,0.009077111259102821
R0_base_ACT_handsout,floor_box_table,16,right_hand_joints,mse_at_horizon_idx,28,0.008353996090590954
R0_base_ACT_handsout,floor_box_table,16,right_hand_joints,mse_at_horizon_idx,29,0.008938341401517391
R0_base_ACT_handsout,floor_box_table,16,right_hand_joints,mse_at_horizon_idx,30,0.009305363520979881
R0_base_ACT_handsout,floor_box_table,16,right_hand_joints,mse_at_horizon_idx,31,0.008784030564129353
R0_base_ACT_handsout,floor_box_table,16,right_hand_joints,mse_at_horizon_idx,32,0.008582668378949165
R0_base_ACT_handsout,floor_box_table,16,right_hand_joints,mse_at_horizon_idx,33,0.008633523248136044
R0_base_ACT_handsout,floor_box_table,16,right_hand_joints,mse_at_horizon_idx,34,0.00917011871933937
R0_base_ACT_handsout,floor_box_table,16,right_hand_joints,mse_at_horizon_idx,35,0.008910613134503365
R0_base_ACT_handsout,floor_box_table,16,right_hand_joints,mse_at_horizon_idx,36,0.009193227626383305
R0_base_ACT_handsout,floor_box_table,16,right_hand_joints,mse_at_horizon_idx,37,0.00892304815351963
R0_base_ACT_handsout,floor_box_table,16,right_hand_joints,mse_at_horizon_idx,38,0.009105348959565163
R0_base_ACT_handsout,floor_box_table,16,right_hand_joints,mse_at_horizon_idx,39,0.009527171961963177
R0_base_ACT_handsout,floor_box_table,16,right_hand_joints,grasp_precision,-1,0.0
R0_base_ACT_handsout,floor_box_table,16,right_hand_joints,grasp_recall,-1,
R0_base_ACT_handsout,floor_box_table,16,right_hand_joints,grasp_f1,-1,
R0_base_ACT_handsout,floor_box_table,16,right_hand_joints,grasp_n_gt_events,-1,0.0
R0_base_ACT_handsout,floor_box_table,16,right_hand_joints,grasp_n_pred_events,-1,5.0
R0_base_ACT_handsout,floor_box_table,16,right_hand_joints,grasp_onset_timing_error_signed_steps,-1,
R0_base_ACT_handsout,floor_box_table,16,right_hand_joints,grasp_spurious_transitions,-1,5.0
R0_base_ACT_handsout,floor_box_table,16,all,mse,-1,0.22501777112483978
R0_base_ACT_handsout,floor_box_table,16,all,mae,-1,0.3566156029701233
R0_base_ACT_handsout,floor_box_table,16,all,normalized_mse,-1,31.14699935913086
R0_base_ACT_handsout,floor_box_table,16,all,final_position_error,-1,4.224606990814209
R0_base_ACT_handsout,floor_box_table,16,all,mean_squared_jerk_pred,-1,0.06839913874864578
R0_base_ACT_handsout,floor_box_table,16,all,mean_squared_jerk_gt,-1,0.0011562859872356057
R0_base_ACT_handsout,floor_box_table,16,all,jerk_ratio_pred_over_gt,-1,59.154170770650985
R0_base_ACT_handsout,floor_box_table,16,all,chunk_boundary_discontinuity,-1,0.06054228916764259
R0_base_ACT_handsout,floor_box_table,16,all,mse_proprio_ablated,-1,0.22498582303524017
R0_base_ACT_handsout,floor_box_table,16,all,proprio_leakage_gap,-1,-3.1948089599609375e-05
R0_base_ACT_handsout,floor_box_table,16,all,mse_at_horizon_idx,0,0.224920853972435
R0_base_ACT_handsout,floor_box_table,16,all,mse_at_horizon_idx,1,0.22660408914089203
R0_base_ACT_handsout,floor_box_table,16,all,mse_at_horizon_idx,2,0.2252403199672699
R0_base_ACT_handsout,floor_box_table,16,all,mse_at_horizon_idx,3,0.2266804724931717
R0_base_ACT_handsout,floor_box_table,16,all,mse_at_horizon_idx,4,0.22465701401233673
R0_base_ACT_handsout,floor_box_table,16,all,mse_at_horizon_idx,5,0.22799919545650482
R0_base_ACT_handsout,floor_box_table,16,all,mse_at_horizon_idx,6,0.22793979942798615
R0_base_ACT_handsout,floor_box_table,16,all,mse_at_horizon_idx,7,0.22669364511966705
R0_base_ACT_handsout,floor_box_table,16,all,mse_at_horizon_idx,8,0.22504647076129913
R0_base_ACT_handsout,floor_box_table,16,all,mse_at_horizon_idx,9,0.2264368236064911
R0_base_ACT_handsout,floor_box_table,16,all,mse_at_horizon_idx,10,0.2262297123670578
R0_base_ACT_handsout,floor_box_table,16,all,mse_at_horizon_idx,11,0.2268596589565277
R0_base_ACT_handsout,floor_box_table,16,all,mse_at_horizon_idx,12,0.2248644232749939
R0_base_ACT_handsout,floor_box_table,16,all,mse_at_horizon_idx,13,0.2233174592256546
R0_base_ACT_handsout,floor_box_table,16,all,mse_at_horizon_idx,14,0.2237282693386078
R0_base_ACT_handsout,floor_box_table,16,all,mse_at_horizon_idx,15,0.22522100806236267
R0_base_ACT_handsout,floor_box_table,16,all,mse_at_horizon_idx,16,0.22429713606834412
R0_base_ACT_handsout,floor_box_table,16,all,mse_at_horizon_idx,17,0.22491057217121124
R0_base_ACT_handsout,floor_box_table,16,all,mse_at_horizon_idx,18,0.22485435009002686
R0_base_ACT_handsout,floor_box_table,16,all,mse_at_horizon_idx,19,0.22681580483913422
R0_base_ACT_handsout,floor_box_table,16,all,mse_at_horizon_idx,20,0.22486719489097595
R0_base_ACT_handsout,floor_box_table,16,all,mse_at_horizon_idx,21,0.2248125970363617
R0_base_ACT_handsout,floor_box_table,16,all,mse_at_horizon_idx,22,0.2250657081604004
R0_base_ACT_handsout,floor_box_table,16,all,mse_at_horizon_idx,23,0.22584347426891327
R0_base_ACT_handsout,floor_box_table,16,all,mse_at_horizon_idx,24,0.22445425391197205
R0_base_ACT_handsout,floor_box_table,16,all,mse_at_horizon_idx,25,0.22466488182544708
R0_base_ACT_handsout,floor_box_table,16,all,mse_at_horizon_idx,26,0.22565577924251556
R0_base_ACT_handsout,floor_box_table,16,all,mse_at_horizon_idx,27,0.22537927329540253
R0_base_ACT_handsout,floor_box_table,16,all,mse_at_horizon_idx,28,0.2238209992647171
R0_base_ACT_handsout,floor_box_table,16,all,mse_at_horizon_idx,29,0.22337482869625092
R0_base_ACT_handsout,floor_box_table,16,all,mse_at_horizon_idx,30,0.22403326630592346
R0_base_ACT_handsout,floor_box_table,16,all,mse_at_horizon_idx,31,0.222982719540596
R0_base_ACT_handsout,floor_box_table,16,all,mse_at_horizon_idx,32,0.2244245857000351
R0_base_ACT_handsout,floor_box_table,16,all,mse_at_horizon_idx,33,0.2224302887916565
R0_base_ACT_handsout,floor_box_table,16,all,mse_at_horizon_idx,34,0.22684527933597565
R0_base_ACT_handsout,floor_box_table,16,all,mse_at_horizon_idx,35,0.2231164127588272
R0_base_ACT_handsout,floor_box_table,16,all,mse_at_horizon_idx,36,0.22335578501224518
R0_base_ACT_handsout,floor_box_table,16,all,mse_at_horizon_idx,37,0.22439776360988617
R0_base_ACT_handsout,floor_box_table,16,all,mse_at_horizon_idx,38,0.22528186440467834
R0_base_ACT_handsout,floor_box_table,16,all,mse_at_horizon_idx,39,0.22238384187221527
R0_base_handsin,bottle_cupnoodles_shelf,0,motion_token,mse,-1,0.055050384253263474
R0_base_handsin,bottle_cupnoodles_shelf,0,motion_token,mae,-1,0.1876099407672882
R0_base_handsin,bottle_cupnoodles_shelf,0,motion_token,normalized_mse,-1,9.238422393798828
R0_base_handsin,bottle_cupnoodles_shelf,0,motion_token,final_position_error,-1,1.9014654159545898
R0_base_handsin,bottle_cupnoodles_shelf,0,motion_token,mean_squared_jerk_pred,-1,0.8273782730102539
R0_base_handsin,bottle_cupnoodles_shelf,0,motion_token,mean_squared_jerk_gt,-1,0.0012229096610099077
R0_base_handsin,bottle_cupnoodles_shelf,0,motion_token,jerk_ratio_pred_over_gt,-1,676.5653256242864
R0_base_handsin,bottle_cupnoodles_shelf,0,motion_token,chunk_boundary_discontinuity,-1,0.0816781148314476
R0_base_handsin,bottle_cupnoodles_shelf,0,motion_token,on_grid_fraction,-1,0.35217738500851786
R0_base_handsin,bottle_cupnoodles_shelf,0,motion_token,mse_proprio_ablated,-1,0.05502782389521599
R0_base_handsin,bottle_cupnoodles_shelf,0,motion_token,proprio_leakage_gap,-1,-2.256035804748535e-05
R0_base_handsin,bottle_cupnoodles_shelf,0,motion_token,mse_at_horizon_idx,0,0.05510568618774414
R0_base_handsin,bottle_cupnoodles_shelf,0,motion_token,mse_at_horizon_idx,1,0.05517693608999252
R0_base_handsin,bottle_cupnoodles_shelf,0,motion_token,mse_at_horizon_idx,2,0.05354063957929611
R0_base_handsin,bottle_cupnoodles_shelf,0,motion_token,mse_at_horizon_idx,3,0.05218752846121788
R0_base_handsin,bottle_cupnoodles_shelf,0,motion_token,mse_at_horizon_idx,4,0.05436244606971741
R0_base_handsin,bottle_cupnoodles_shelf,0,motion_token,mse_at_horizon_idx,5,0.055849649012088776
R0_base_handsin,bottle_cupnoodles_shelf,0,motion_token,mse_at_horizon_idx,6,0.054941944777965546
R0_base_handsin,bottle_cupnoodles_shelf,0,motion_token,mse_at_horizon_idx,7,0.05403808876872063
R0_base_handsin,bottle_cupnoodles_shelf,0,motion_token,mse_at_horizon_idx,8,0.05469125136733055
R0_base_handsin,bottle_cupnoodles_shelf,0,motion_token,mse_at_horizon_idx,9,0.05495445057749748
R0_base_handsin,bottle_cupnoodles_shelf,0,motion_token,mse_at_horizon_idx,10,0.05535425990819931
R0_base_handsin,bottle_cupnoodles_shelf,0,motion_token,mse_at_horizon_idx,11,0.055521462112665176
R0_base_handsin,bottle_cupnoodles_shelf,0,motion_token,mse_at_horizon_idx,12,0.05483078956604004
R0_base_handsin,bottle_cupnoodles_shelf,0,motion_token,mse_at_horizon_idx,13,0.05341591313481331
R0_base_handsin,bottle_cupnoodles_shelf,0,motion_token,mse_at_horizon_idx,14,0.0554390586912632
R0_base_handsin,bottle_cupnoodles_shelf,0,motion_token,mse_at_horizon_idx,15,0.05474380403757095
R0_base_handsin,bottle_cupnoodles_shelf,0,motion_token,mse_at_horizon_idx,16,0.056901343166828156
R0_base_handsin,bottle_cupnoodles_shelf,0,motion_token,mse_at_horizon_idx,17,0.05480906739830971
R0_base_handsin,bottle_cupnoodles_shelf,0,motion_token,mse_at_horizon_idx,18,0.054344452917575836
R0_base_handsin,bottle_cupnoodles_shelf,0,motion_token,mse_at_horizon_idx,19,0.05761399492621422
R0_base_handsin,bottle_cupnoodles_shelf,0,motion_token,mse_at_horizon_idx,20,0.05624396353960037
R0_base_handsin,bottle_cupnoodles_shelf,0,motion_token,mse_at_horizon_idx,21,0.05753280222415924
R0_base_handsin,bottle_cupnoodles_shelf,0,motion_token,mse_at_horizon_idx,22,0.055831726640462875
R0_base_handsin,bottle_cupnoodles_shelf,0,motion_token,mse_at_horizon_idx,23,0.05457169562578201
R0_base_handsin,bottle_cupnoodles_shelf,0,motion_token,mse_at_horizon_idx,24,0.05673215910792351
R0_base_handsin,bottle_cupnoodles_shelf,0,motion_token,mse_at_horizon_idx,25,0.054286062717437744
R0_base_handsin,bottle_cupnoodles_shelf,0,motion_token,mse_at_horizon_idx,26,0.05534569174051285
R0_base_handsin,bottle_cupnoodles_shelf,0,motion_token,mse_at_horizon_idx,27,0.05416238680481911
R0_base_handsin,bottle_cupnoodles_shelf,0,motion_token,mse_at_horizon_idx,28,0.054288458079099655
R0_base_handsin,bottle_cupnoodles_shelf,0,motion_token,mse_at_horizon_idx,29,0.05514327809214592
R0_base_handsin,bottle_cupnoodles_shelf,0,motion_token,mse_at_horizon_idx,30,0.05551743879914284
R0_base_handsin,bottle_cupnoodles_shelf,0,motion_token,mse_at_horizon_idx,31,0.05449977517127991
R0_base_handsin,bottle_cupnoodles_shelf,0,motion_token,mse_at_horizon_idx,32,0.0548582598567009
R0_base_handsin,bottle_cupnoodles_shelf,0,motion_token,mse_at_horizon_idx,33,0.05407119542360306
R0_base_handsin,bottle_cupnoodles_shelf,0,motion_token,mse_at_horizon_idx,34,0.05453958362340927
R0_base_handsin,bottle_cupnoodles_shelf,0,motion_token,mse_at_horizon_idx,35,0.05552363023161888
R0_base_handsin,bottle_cupnoodles_shelf,0,motion_token,mse_at_horizon_idx,36,0.05422183498740196
R0_base_handsin,bottle_cupnoodles_shelf,0,motion_token,mse_at_horizon_idx,37,0.05613185837864876
R0_base_handsin,bottle_cupnoodles_shelf,0,motion_token,mse_at_horizon_idx,38,0.0558532178401947
R0_base_handsin,bottle_cupnoodles_shelf,0,motion_token,mse_at_horizon_idx,39,0.05492475628852844
R0_base_handsin,bottle_cupnoodles_shelf,0,left_hand_joints,mse,-1,0.05405598506331444
R0_base_handsin,bottle_cupnoodles_shelf,0,left_hand_joints,mae,-1,0.07149795442819595
R0_base_handsin,bottle_cupnoodles_shelf,0,left_hand_joints,normalized_mse,-1,
R0_base_handsin,bottle_cupnoodles_shelf,0,left_hand_joints,final_position_error,-1,0.0
R0_base_handsin,bottle_cupnoodles_shelf,0,left_hand_joints,mean_squared_jerk_pred,-1,0.36052802205085754
R0_base_handsin,bottle_cupnoodles_shelf,0,left_hand_joints,mean_squared_jerk_gt,-1,0.0
R0_base_handsin,bottle_cupnoodles_shelf,0,left_hand_joints,jerk_ratio_pred_over_gt,-1,
R0_base_handsin,bottle_cupnoodles_shelf,0,left_hand_joints,chunk_boundary_discontinuity,-1,0.0379057414829731
R0_base_handsin,bottle_cupnoodles_shelf,0,left_hand_joints,mse_proprio_ablated,-1,0.05583028495311737
R0_base_handsin,bottle_cupnoodles_shelf,0,left_hand_joints,proprio_leakage_gap,-1,0.0017742998898029327
R0_base_handsin,bottle_cupnoodles_shelf,0,left_hand_joints,mse_at_horizon_idx,0,0.05850433558225632
R0_base_handsin,bottle_cupnoodles_shelf,0,left_hand_joints,mse_at_horizon_idx,1,0.050730861723423004
R0_base_handsin,bottle_cupnoodles_shelf,0,left_hand_joints,mse_at_horizon_idx,2,0.05164935439825058
R0_base_handsin,bottle_cupnoodles_shelf,0,left_hand_joints,mse_at_horizon_idx,3,0.04855939373373985
R0_base_handsin,bottle_cupnoodles_shelf,0,left_hand_joints,mse_at_horizon_idx,4,0.05286851152777672
R0_base_handsin,bottle_cupnoodles_shelf,0,left_hand_joints,mse_at_horizon_idx,5,0.054404303431510925
R0_base_handsin,bottle_cupnoodles_shelf,0,left_hand_joints,mse_at_horizon_idx,6,0.04527757316827774
R0_base_handsin,bottle_cupnoodles_shelf,0,left_hand_joints,mse_at_horizon_idx,7,0.05154823511838913
R0_base_handsin,bottle_cupnoodles_shelf,0,left_hand_joints,mse_at_horizon_idx,8,0.052627917379140854
R0_base_handsin,bottle_cupnoodles_shelf,0,left_hand_joints,mse_at_horizon_idx,9,0.0518353171646595
R0_base_handsin,bottle_cupnoodles_shelf,0,left_hand_joints,mse_at_horizon_idx,10,0.04538426175713539
R0_base_handsin,bottle_cupnoodles_shelf,0,left_hand_joints,mse_at_horizon_idx,11,0.05985761433839798
R0_base_handsin,bottle_cupnoodles_shelf,0,left_hand_joints,mse_at_horizon_idx,12,0.059724606573581696
R0_base_handsin,bottle_cupnoodles_shelf,0,left_hand_joints,mse_at_horizon_idx,13,0.051723044365644455
R0_base_handsin,bottle_cupnoodles_shelf,0,left_hand_joints,mse_at_horizon_idx,14,0.056214481592178345
R0_base_handsin,bottle_cupnoodles_shelf,0,left_hand_joints,mse_at_horizon_idx,15,0.054514892399311066
R0_base_handsin,bottle_cupnoodles_shelf,0,left_hand_joints,mse_at_horizon_idx,16,0.05865815654397011
R0_base_handsin,bottle_cupnoodles_shelf,0,left_hand_joints,mse_at_horizon_idx,17,0.04492317885160446
R0_base_handsin,bottle_cupnoodles_shelf,0,left_hand_joints,mse_at_horizon_idx,18,0.059103794395923615
R0_base_handsin,bottle_cupnoodles_shelf,0,left_hand_joints,mse_at_horizon_idx,19,0.05761687457561493
R0_base_handsin,bottle_cupnoodles_shelf,0,left_hand_joints,mse_at_horizon_idx,20,0.051434293389320374
R0_base_handsin,bottle_cupnoodles_shelf,0,left_hand_joints,mse_at_horizon_idx,21,0.04488414153456688
R0_base_handsin,bottle_cupnoodles_shelf,0,left_hand_joints,mse_at_horizon_idx,22,0.046590689569711685
R0_base_handsin,bottle_cupnoodles_shelf,0,left_hand_joints,mse_at_horizon_idx,23,0.06370165199041367
R0_base_handsin,bottle_cupnoodles_shelf,0,left_hand_joints,mse_at_horizon_idx,24,0.05735614895820618
R0_base_handsin,bottle_cupnoodles_shelf,0,left_hand_joints,mse_at_horizon_idx,25,0.05786933749914169
R0_base_handsin,bottle_cupnoodles_shelf,0,left_hand_joints,mse_at_horizon_idx,26,0.05132477730512619
R0_base_handsin,bottle_cupnoodles_shelf,0,left_hand_joints,mse_at_horizon_idx,27,0.06333237886428833
R0_base_handsin,bottle_cupnoodles_shelf,0,left_hand_joints,mse_at_horizon_idx,28,0.06419271975755692
R0_base_handsin,bottle_cupnoodles_shelf,0,left_hand_joints,mse_at_horizon_idx,29,0.05725756660103798
R0_base_handsin,bottle_cupnoodles_shelf,0,left_hand_joints,mse_at_horizon_idx,30,0.05723104625940323
R0_base_handsin,bottle_cupnoodles_shelf,0,left_hand_joints,mse_at_horizon_idx,31,0.06085473671555519
R0_base_handsin,bottle_cupnoodles_shelf,0,left_hand_joints,mse_at_horizon_idx,32,0.054344527423381805
R0_base_handsin,bottle_cupnoodles_shelf,0,left_hand_joints,mse_at_horizon_idx,33,0.05139581859111786
R0_base_handsin,bottle_cupnoodles_shelf,0,left_hand_joints,mse_at_horizon_idx,34,0.05645909905433655
R0_base_handsin,bottle_cupnoodles_shelf,0,left_hand_joints,mse_at_horizon_idx,35,0.05719262734055519
R0_base_handsin,bottle_cupnoodles_shelf,0,left_hand_joints,mse_at_horizon_idx,36,0.040694739669561386
R0_base_handsin,bottle_cupnoodles_shelf,0,left_hand_joints,mse_at_horizon_idx,37,0.05205484479665756
R0_base_handsin,bottle_cupnoodles_shelf,0,left_hand_joints,mse_at_horizon_idx,38,0.04686155542731285
R0_base_handsin,bottle_cupnoodles_shelf,0,left_hand_joints,mse_at_horizon_idx,39,0.06175292655825615
R0_base_handsin,bottle_cupnoodles_shelf,0,left_hand_joints,grasp_precision,-1,0.0
R0_base_handsin,bottle_cupnoodles_shelf,0,left_hand_joints,grasp_recall,-1,
R0_base_handsin,bottle_cupnoodles_shelf,0,left_hand_joints,grasp_f1,-1,
R0_base_handsin,bottle_cupnoodles_shelf,0,left_hand_joints,grasp_n_gt_events,-1,0.0
R0_base_handsin,bottle_cupnoodles_shelf,0,left_hand_joints,grasp_n_pred_events,-1,508.0
R0_base_handsin,bottle_cupnoodles_shelf,0,left_hand_joints,grasp_onset_timing_error_signed_steps,-1,
R0_base_handsin,bottle_cupnoodles_shelf,0,left_hand_joints,grasp_spurious_transitions,-1,508.0
R0_base_handsin,bottle_cupnoodles_shelf,0,right_hand_joints,mse,-1,0.23680314421653748
R0_base_handsin,bottle_cupnoodles_shelf,0,right_hand_joints,mae,-1,0.3281468152999878
R0_base_handsin,bottle_cupnoodles_shelf,0,right_hand_joints,normalized_mse,-1,2.0443358421325684
R0_base_handsin,bottle_cupnoodles_shelf,0,right_hand_joints,final_position_error,-1,1.8927597999572754
R0_base_handsin,bottle_cupnoodles_shelf,0,right_hand_joints,mean_squared_jerk_pred,-1,1.353101134300232
R0_base_handsin,bottle_cupnoodles_shelf,0,right_hand_joints,mean_squared_jerk_gt,-1,0.00010643349378369749
R0_base_handsin,bottle_cupnoodles_shelf,0,right_hand_joints,jerk_ratio_pred_over_gt,-1,12713.113947477008
R0_base_handsin,bottle_cupnoodles_shelf,0,right_hand_joints,chunk_boundary_discontinuity,-1,0.12909682095050812
R0_base_handsin,bottle_cupnoodles_shelf,0,right_hand_joints,mse_proprio_ablated,-1,0.23420441150665283
R0_base_handsin,bottle_cupnoodles_shelf,0,right_hand_joints,proprio_leakage_gap,-1,-0.0025987327098846436
R0_base_handsin,bottle_cupnoodles_shelf,0,right_hand_joints,mse_at_horizon_idx,0,0.24640648066997528
R0_base_handsin,bottle_cupnoodles_shelf,0,right_hand_joints,mse_at_horizon_idx,1,0.24369807541370392
R0_base_handsin,bottle_cupnoodles_shelf,0,right_hand_joints,mse_at_horizon_idx,2,0.24205076694488525
R0_base_handsin,bottle_cupnoodles_shelf,0,right_hand_joints,mse_at_horizon_idx,3,0.25588324666023254
R0_base_handsin,bottle_cupnoodles_shelf,0,right_hand_joints,mse_at_horizon_idx,4,0.24570009112358093
R0_base_handsin,bottle_cupnoodles_shelf,0,right_hand_joints,mse_at_horizon_idx,5,0.2220781445503235
R0_base_handsin,bottle_cupnoodles_shelf,0,right_hand_joints,mse_at_horizon_idx,6,0.24097590148448944
R0_base_handsin,bottle_cupnoodles_shelf,0,right_hand_joints,mse_at_horizon_idx,7,0.2400335669517517
R0_base_handsin,bottle_cupnoodles_shelf,0,right_hand_joints,mse_at_horizon_idx,8,0.2356322705745697
R0_base_handsin,bottle_cupnoodles_shelf,0,right_hand_joints,mse_at_horizon_idx,9,0.2421412616968155
R0_base_handsin,bottle_cupnoodles_shelf,0,right_hand_joints,mse_at_horizon_idx,10,0.24950815737247467
R0_base_handsin,bottle_cupnoodles_shelf,0,right_hand_joints,mse_at_horizon_idx,11,0.23850391805171967
R0_base_handsin,bottle_cupnoodles_shelf,0,right_hand_joints,mse_at_horizon_idx,12,0.24637484550476074
R0_base_handsin,bottle_cupnoodles_shelf,0,right_hand_joints,mse_at_horizon_idx,13,0.24759013950824738
R0_base_handsin,bottle_cupnoodles_shelf,0,right_hand_joints,mse_at_horizon_idx,14,0.2351938933134079
R0_base_handsin,bottle_cupnoodles_shelf,0,right_hand_joints,mse_at_horizon_idx,15,0.25038158893585205
R0_base_handsin,bottle_cupnoodles_shelf,0,right_hand_joints,mse_at_horizon_idx,16,0.24353720247745514
R0_base_handsin,bottle_cupnoodles_shelf,0,right_hand_joints,mse_at_horizon_idx,17,0.24933700263500214
R0_base_handsin,bottle_cupnoodles_shelf,0,right_hand_joints,mse_at_horizon_idx,18,0.22124530375003815
R0_base_handsin,bottle_cupnoodles_shelf,0,right_hand_joints,mse_at_horizon_idx,19,0.23018693923950195
R0_base_handsin,bottle_cupnoodles_shelf,0,right_hand_joints,mse_at_horizon_idx,20,0.2524051070213318
R0_base_handsin,bottle_cupnoodles_shelf,0,right_hand_joints,mse_at_horizon_idx,21,0.23697079718112946
R0_base_handsin,bottle_cupnoodles_shelf,0,right_hand_joints,mse_at_horizon_idx,22,0.21089988946914673
R0_base_handsin,bottle_cupnoodles_shelf,0,right_hand_joints,mse_at_horizon_idx,23,0.2174295037984848
R0_base_handsin,bottle_cupnoodles_shelf,0,right_hand_joints,mse_at_horizon_idx,24,0.23002156615257263
R0_base_handsin,bottle_cupnoodles_shelf,0,right_hand_joints,mse_at_horizon_idx,25,0.2337620109319687
R0_base_handsin,bottle_cupnoodles_shelf,0,right_hand_joints,mse_at_horizon_idx,26,0.22706575691699982
R0_base_handsin,bottle_cupnoodles_shelf,0,right_hand_joints,mse_at_horizon_idx,27,0.22272251546382904
R0_base_handsin,bottle_cupnoodles_shelf,0,right_hand_joints,mse_at_horizon_idx,28,0.2268078625202179
R0_base_handsin,bottle_cupnoodles_shelf,0,right_hand_joints,mse_at_horizon_idx,29,0.22608406841754913
R0_base_handsin,bottle_cupnoodles_shelf,0,right_hand_joints,mse_at_horizon_idx,30,0.2283247858285904
R0_base_handsin,bottle_cupnoodles_shelf,0,right_hand_joints,mse_at_horizon_idx,31,0.23521392047405243
R0_base_handsin,bottle_cupnoodles_shelf,0,right_hand_joints,mse_at_horizon_idx,32,0.23611249029636383
R0_base_handsin,bottle_cupnoodles_shelf,0,right_hand_joints,mse_at_horizon_idx,33,0.2488151490688324
R0_base_handsin,bottle_cupnoodles_shelf,0,right_hand_joints,mse_at_horizon_idx,34,0.21677860617637634
R0_base_handsin,bottle_cupnoodles_shelf,0,right_hand_joints,mse_at_horizon_idx,35,0.2364448457956314
R0_base_handsin,bottle_cupnoodles_shelf,0,right_hand_joints,mse_at_horizon_idx,36,0.24678774178028107
R0_base_handsin,bottle_cupnoodles_shelf,0,right_hand_joints,mse_at_horizon_idx,37,0.23531681299209595
R0_base_handsin,bottle_cupnoodles_shelf,0,right_hand_joints,mse_at_horizon_idx,38,0.24859008193016052
R0_base_handsin,bottle_cupnoodles_shelf,0,right_hand_joints,mse_at_horizon_idx,39,0.22802190482616425
R0_base_handsin,bottle_cupnoodles_shelf,0,right_hand_joints,grasp_precision,-1,0.010351966873706004
R0_base_handsin,bottle_cupnoodles_shelf,0,right_hand_joints,grasp_recall,-1,1.0
R0_base_handsin,bottle_cupnoodles_shelf,0,right_hand_joints,grasp_f1,-1,0.020491803278688523
R0_base_handsin,bottle_cupnoodles_shelf,0,right_hand_joints,grasp_n_gt_events,-1,5.0
R0_base_handsin,bottle_cupnoodles_shelf,0,right_hand_joints,grasp_n_pred_events,-1,483.0
R0_base_handsin,bottle_cupnoodles_shelf,0,right_hand_joints,grasp_onset_timing_error_signed_steps,-1,0.4
R0_base_handsin,bottle_cupnoodles_shelf,0,right_hand_joints,grasp_spurious_transitions,-1,478.0
R0_base_handsin,bottle_cupnoodles_shelf,0,all,mse,-1,0.07127229869365692
R0_base_handsin,bottle_cupnoodles_shelf,0,all,mae,-1,0.1898019164800644
R0_base_handsin,bottle_cupnoodles_shelf,0,all,normalized_mse,-1,8.717111587524414
R0_base_handsin,bottle_cupnoodles_shelf,0,all,final_position_error,-1,2.682929515838623
R0_base_handsin,bottle_cupnoodles_shelf,0,all,mean_squared_jerk_pred,-1,0.8326616287231445
R0_base_handsin,bottle_cupnoodles_shelf,0,all,mean_squared_jerk_gt,-1,0.0010129647562280297
R0_base_handsin,bottle_cupnoodles_shelf,0,all,jerk_ratio_pred_over_gt,-1,822.0045402405916
R0_base_handsin,bottle_cupnoodles_shelf,0,all,chunk_boundary_discontinuity,-1,0.08200535178184509
R0_base_handsin,bottle_cupnoodles_shelf,0,all,mse_proprio_ablated,-1,0.07117979228496552
R0_base_handsin,bottle_cupnoodles_shelf,0,all,proprio_leakage_gap,-1,-9.250640869140625e-05
R0_base_handsin,bottle_cupnoodles_shelf,0,all,mse_at_horizon_idx,0,0.07257870584726334
R0_base_handsin,bottle_cupnoodles_shelf,0,all,mse_at_horizon_idx,1,0.07169649749994278
R0_base_handsin,bottle_cupnoodles_shelf,0,all,mse_at_horizon_idx,2,0.07028848677873611
R0_base_handsin,bottle_cupnoodles_shelf,0,all,mse_at_horizon_idx,3,0.07014231383800507
R0_base_handsin,bottle_cupnoodles_shelf,0,all,mse_at_horizon_idx,4,0.07139971107244492
R0_base_handsin,bottle_cupnoodles_shelf,0,all,mse_at_horizon_idx,5,0.07063787430524826
R0_base_handsin,bottle_cupnoodles_shelf,0,all,mse_at_horizon_idx,6,0.07076998800039291
R0_base_handsin,bottle_cupnoodles_shelf,0,all,mse_at_horizon_idx,7,0.07050653547048569
R0_base_handsin,bottle_cupnoodles_shelf,0,all,mse_at_horizon_idx,8,0.07074437290430069
R0_base_handsin,bottle_cupnoodles_shelf,0,all,mse_at_horizon_idx,9,0.07147333770990372
R0_base_handsin,bottle_cupnoodles_shelf,0,all,mse_at_horizon_idx,10,0.07188358902931213
R0_base_handsin,bottle_cupnoodles_shelf,0,all,mse_at_horizon_idx,11,0.07233211398124695
R0_base_handsin,bottle_cupnoodles_shelf,0,all,mse_at_horizon_idx,12,0.07245982438325882
R0_base_handsin,bottle_cupnoodles_shelf,0,all,mse_at_horizon_idx,13,0.07068988680839539
R0_base_handsin,bottle_cupnoodles_shelf,0,all,mse_at_horizon_idx,14,0.0716404840350151
R0_base_handsin,bottle_cupnoodles_shelf,0,all,mse_at_horizon_idx,15,0.07228050380945206
R0_base_handsin,bottle_cupnoodles_shelf,0,all,mse_at_horizon_idx,16,0.07380837202072144
R0_base_handsin,bottle_cupnoodles_shelf,0,all,mse_at_horizon_idx,17,0.07137950509786606
R0_base_handsin,bottle_cupnoodles_shelf,0,all,mse_at_horizon_idx,18,0.0697498470544815
R0_base_handsin,bottle_cupnoodles_shelf,0,all,mse_at_horizon_idx,19,0.07310156524181366
R0_base_handsin,bottle_cupnoodles_shelf,0,all,mse_at_horizon_idx,20,0.07341653108596802
R0_base_handsin,bottle_cupnoodles_shelf,0,all,mse_at_horizon_idx,21,0.07250107079744339
R0_base_handsin,bottle_cupnoodles_shelf,0,all,mse_at_horizon_idx,22,0.06891877204179764
R0_base_handsin,bottle_cupnoodles_shelf,0,all,mse_at_horizon_idx,23,0.07000648975372314
R0_base_handsin,bottle_cupnoodles_shelf,0,all,mse_at_horizon_idx,24,0.07233977317810059
R0_base_handsin,bottle_cupnoodles_shelf,0,all,mse_at_horizon_idx,25,0.07071444392204285
R0_base_handsin,bottle_cupnoodles_shelf,0,all,mse_at_horizon_idx,26,0.07039561867713928
R0_base_handsin,bottle_cupnoodles_shelf,0,all,mse_at_horizon_idx,27,0.07011251896619797
R0_base_handsin,bottle_cupnoodles_shelf,0,all,mse_at_horizon_idx,28,0.0706598162651062
R0_base_handsin,bottle_cupnoodles_shelf,0,all,mse_at_horizon_idx,29,0.0706738606095314
R0_base_handsin,bottle_cupnoodles_shelf,0,all,mse_at_horizon_idx,30,0.0711795836687088
R0_base_handsin,bottle_cupnoodles_shelf,0,all,mse_at_horizon_idx,31,0.07128802686929703
R0_base_handsin,bottle_cupnoodles_shelf,0,all,mse_at_horizon_idx,32,0.07107856124639511
R0_base_handsin,bottle_cupnoodles_shelf,0,all,mse_at_horizon_idx,33,0.07130811363458633
R0_base_handsin,bottle_cupnoodles_shelf,0,all,mse_at_horizon_idx,34,0.0692717581987381
R0_base_handsin,bottle_cupnoodles_shelf,0,all,mse_at_horizon_idx,35,0.07190992683172226
R0_base_handsin,bottle_cupnoodles_shelf,0,all,mse_at_horizon_idx,36,0.07028941810131073
R0_base_handsin,bottle_cupnoodles_shelf,0,all,mse_at_horizon_idx,37,0.07184667140245438
R0_base_handsin,bottle_cupnoodles_shelf,0,all,mse_at_horizon_idx,38,0.07234317064285278
R0_base_handsin,bottle_cupnoodles_shelf,0,all,mse_at_horizon_idx,39,0.07107190042734146
R0_base_handsin,cup_wipe_sponge_dryingrack,2,motion_token,mse,-1,0.04784395545721054
R0_base_handsin,cup_wipe_sponge_dryingrack,2,motion_token,mae,-1,0.17598316073417664
R0_base_handsin,cup_wipe_sponge_dryingrack,2,motion_token,normalized_mse,-1,15.2459135055542
R0_base_handsin,cup_wipe_sponge_dryingrack,2,motion_token,final_position_error,-1,1.7508907318115234
R0_base_handsin,cup_wipe_sponge_dryingrack,2,motion_token,mean_squared_jerk_pred,-1,0.8019742369651794
R0_base_handsin,cup_wipe_sponge_dryingrack,2,motion_token,mean_squared_jerk_gt,-1,0.0009948730003088713
R0_base_handsin,cup_wipe_sponge_dryingrack,2,motion_token,jerk_ratio_pred_over_gt,-1,806.1071480643219
R0_base_handsin,cup_wipe_sponge_dryingrack,2,motion_token,chunk_boundary_discontinuity,-1,0.07713524997234344
R0_base_handsin,cup_wipe_sponge_dryingrack,2,motion_token,on_grid_fraction,-1,0.35685731857318576
R0_base_handsin,cup_wipe_sponge_dryingrack,2,motion_token,mse_proprio_ablated,-1,0.04792596027255058
R0_base_handsin,cup_wipe_sponge_dryingrack,2,motion_token,proprio_leakage_gap,-1,8.200481534004211e-05
R0_base_handsin,cup_wipe_sponge_dryingrack,2,motion_token,mse_at_horizon_idx,0,0.04756086319684982
R0_base_handsin,cup_wipe_sponge_dryingrack,2,motion_token,mse_at_horizon_idx,1,0.045786336064338684
R0_base_handsin,cup_wipe_sponge_dryingrack,2,motion_token,mse_at_horizon_idx,2,0.047166503965854645
R0_base_handsin,cup_wipe_sponge_dryingrack,2,motion_token,mse_at_horizon_idx,3,0.04649680107831955
R0_base_handsin,cup_wipe_sponge_dryingrack,2,motion_token,mse_at_horizon_idx,4,0.0468953512609005
R0_base_handsin,cup_wipe_sponge_dryingrack,2,motion_token,mse_at_horizon_idx,5,0.04806947708129883
R0_base_handsin,cup_wipe_sponge_dryingrack,2,motion_token,mse_at_horizon_idx,6,0.050035685300827026
R0_base_handsin,cup_wipe_sponge_dryingrack,2,motion_token,mse_at_horizon_idx,7,0.04708695784211159
R0_base_handsin,cup_wipe_sponge_dryingrack,2,motion_token,mse_at_horizon_idx,8,0.053491752594709396
R0_base_handsin,cup_wipe_sponge_dryingrack,2,motion_token,mse_at_horizon_idx,9,0.051809702068567276
R0_base_handsin,cup_wipe_sponge_dryingrack,2,motion_token,mse_at_horizon_idx,10,0.04706467315554619
R0_base_handsin,cup_wipe_sponge_dryingrack,2,motion_token,mse_at_horizon_idx,11,0.04813254624605179
R0_base_handsin,cup_wipe_sponge_dryingrack,2,motion_token,mse_at_horizon_idx,12,0.0485859215259552
R0_base_handsin,cup_wipe_sponge_dryingrack,2,motion_token,mse_at_horizon_idx,13,0.04369857907295227
R0_base_handsin,cup_wipe_sponge_dryingrack,2,motion_token,mse_at_horizon_idx,14,0.04787207022309303
R0_base_handsin,cup_wipe_sponge_dryingrack,2,motion_token,mse_at_horizon_idx,15,0.04714595153927803
R0_base_handsin,cup_wipe_sponge_dryingrack,2,motion_token,mse_at_horizon_idx,16,0.04667249321937561
R0_base_handsin,cup_wipe_sponge_dryingrack,2,motion_token,mse_at_horizon_idx,17,0.045596569776535034
R0_base_handsin,cup_wipe_sponge_dryingrack,2,motion_token,mse_at_horizon_idx,18,0.050140511244535446
R0_base_handsin,cup_wipe_sponge_dryingrack,2,motion_token,mse_at_horizon_idx,19,0.045300859957933426
R0_base_handsin,cup_wipe_sponge_dryingrack,2,motion_token,mse_at_horizon_idx,20,0.04545443877577782
R0_base_handsin,cup_wipe_sponge_dryingrack,2,motion_token,mse_at_horizon_idx,21,0.04991702362895012
R0_base_handsin,cup_wipe_sponge_dryingrack,2,motion_token,mse_at_horizon_idx,22,0.04772227630019188
R0_base_handsin,cup_wipe_sponge_dryingrack,2,motion_token,mse_at_horizon_idx,23,0.04508189857006073
R0_base_handsin,cup_wipe_sponge_dryingrack,2,motion_token,mse_at_horizon_idx,24,0.0471554733812809
R0_base_handsin,cup_wipe_sponge_dryingrack,2,motion_token,mse_at_horizon_idx,25,0.047991640865802765
R0_base_handsin,cup_wipe_sponge_dryingrack,2,motion_token,mse_at_horizon_idx,26,0.047748077660799026
R0_base_handsin,cup_wipe_sponge_dryingrack,2,motion_token,mse_at_horizon_idx,27,0.04666813462972641
R0_base_handsin,cup_wipe_sponge_dryingrack,2,motion_token,mse_at_horizon_idx,28,0.049913112074136734
R0_base_handsin,cup_wipe_sponge_dryingrack,2,motion_token,mse_at_horizon_idx,29,0.051505524665117264
R0_base_handsin,cup_wipe_sponge_dryingrack,2,motion_token,mse_at_horizon_idx,30,0.050056856125593185
R0_base_handsin,cup_wipe_sponge_dryingrack,2,motion_token,mse_at_horizon_idx,31,0.046505969017744064
R0_base_handsin,cup_wipe_sponge_dryingrack,2,motion_token,mse_at_horizon_idx,32,0.04710087925195694
R0_base_handsin,cup_wipe_sponge_dryingrack,2,motion_token,mse_at_horizon_idx,33,0.05039767175912857
R0_base_handsin,cup_wipe_sponge_dryingrack,2,motion_token,mse_at_horizon_idx,34,0.04920110106468201
R0_base_handsin,cup_wipe_sponge_dryingrack,2,motion_token,mse_at_horizon_idx,35,0.04822999984025955
R0_base_handsin,cup_wipe_sponge_dryingrack,2,motion_token,mse_at_horizon_idx,36,0.04781825840473175
R0_base_handsin,cup_wipe_sponge_dryingrack,2,motion_token,mse_at_horizon_idx,37,0.04723052307963371
R0_base_handsin,cup_wipe_sponge_dryingrack,2,motion_token,mse_at_horizon_idx,38,0.04864862933754921
R0_base_handsin,cup_wipe_sponge_dryingrack,2,motion_token,mse_at_horizon_idx,39,0.04449058324098587
R0_base_handsin,cup_wipe_sponge_dryingrack,2,left_hand_joints,mse,-1,0.05356942117214203
R0_base_handsin,cup_wipe_sponge_dryingrack,2,left_hand_joints,mae,-1,0.07023199647665024
R0_base_handsin,cup_wipe_sponge_dryingrack,2,left_hand_joints,normalized_mse,-1,1.658334493637085
R0_base_handsin,cup_wipe_sponge_dryingrack,2,left_hand_joints,final_position_error,-1,1.0
R0_base_handsin,cup_wipe_sponge_dryingrack,2,left_hand_joints,mean_squared_jerk_pred,-1,0.40932124853134155
R0_base_handsin,cup_wipe_sponge_dryingrack,2,left_hand_joints,mean_squared_jerk_gt,-1,4.345681008999236e-05
R0_base_handsin,cup_wipe_sponge_dryingrack,2,left_hand_joints,jerk_ratio_pred_over_gt,-1,9419.035766401177
R0_base_handsin,cup_wipe_sponge_dryingrack,2,left_hand_joints,chunk_boundary_discontinuity,-1,0.04687492176890373
R0_base_handsin,cup_wipe_sponge_dryingrack,2,left_hand_joints,mse_proprio_ablated,-1,0.04865967854857445
R0_base_handsin,cup_wipe_sponge_dryingrack,2,left_hand_joints,proprio_leakage_gap,-1,-0.004909742623567581
R0_base_handsin,cup_wipe_sponge_dryingrack,2,left_hand_joints,mse_at_horizon_idx,0,0.052131813019514084
R0_base_handsin,cup_wipe_sponge_dryingrack,2,left_hand_joints,mse_at_horizon_idx,1,0.06142931431531906
R0_base_handsin,cup_wipe_sponge_dryingrack,2,left_hand_joints,mse_at_horizon_idx,2,0.04404493048787117
R0_base_handsin,cup_wipe_sponge_dryingrack,2,left_hand_joints,mse_at_horizon_idx,3,0.03767584636807442
R0_base_handsin,cup_wipe_sponge_dryingrack,2,left_hand_joints,mse_at_horizon_idx,4,0.04441679269075394
R0_base_handsin,cup_wipe_sponge_dryingrack,2,left_hand_joints,mse_at_horizon_idx,5,0.04444816708564758
R0_base_handsin,cup_wipe_sponge_dryingrack,2,left_hand_joints,mse_at_horizon_idx,6,0.05625058338046074
R0_base_handsin,cup_wipe_sponge_dryingrack,2,left_hand_joints,mse_at_horizon_idx,7,0.03840957209467888
R0_base_handsin,cup_wipe_sponge_dryingrack,2,left_hand_joints,mse_at_horizon_idx,8,0.060717906802892685
R0_base_handsin,cup_wipe_sponge_dryingrack,2,left_hand_joints,mse_at_horizon_idx,9,0.04510297253727913
R0_base_handsin,cup_wipe_sponge_dryingrack,2,left_hand_joints,mse_at_horizon_idx,10,0.05696495249867439
R0_base_handsin,cup_wipe_sponge_dryingrack,2,left_hand_joints,mse_at_horizon_idx,11,0.03245491534471512
R0_base_handsin,cup_wipe_sponge_dryingrack,2,left_hand_joints,mse_at_horizon_idx,12,0.06750234961509705
R0_base_handsin,cup_wipe_sponge_dryingrack,2,left_hand_joints,mse_at_horizon_idx,13,0.06548812985420227
R0_base_handsin,cup_wipe_sponge_dryingrack,2,left_hand_joints,mse_at_horizon_idx,14,0.05818323418498039
R0_base_handsin,cup_wipe_sponge_dryingrack,2,left_hand_joints,mse_at_horizon_idx,15,0.05918898060917854
R0_base_handsin,cup_wipe_sponge_dryingrack,2,left_hand_joints,mse_at_horizon_idx,16,0.03240274637937546
R0_base_handsin,cup_wipe_sponge_dryingrack,2,left_hand_joints,mse_at_horizon_idx,17,0.07331965863704681
R0_base_handsin,cup_wipe_sponge_dryingrack,2,left_hand_joints,mse_at_horizon_idx,18,0.049115270376205444
R0_base_handsin,cup_wipe_sponge_dryingrack,2,left_hand_joints,mse_at_horizon_idx,19,0.04885018989443779
R0_base_handsin,cup_wipe_sponge_dryingrack,2,left_hand_joints,mse_at_horizon_idx,20,0.06322749704122543
R0_base_handsin,cup_wipe_sponge_dryingrack,2,left_hand_joints,mse_at_horizon_idx,21,0.05598590523004532
R0_base_handsin,cup_wipe_sponge_dryingrack,2,left_hand_joints,mse_at_horizon_idx,22,0.06815560162067413
R0_base_handsin,cup_wipe_sponge_dryingrack,2,left_hand_joints,mse_at_horizon_idx,23,0.05065518617630005
R0_base_handsin,cup_wipe_sponge_dryingrack,2,left_hand_joints,mse_at_horizon_idx,24,0.055725593119859695
R0_base_handsin,cup_wipe_sponge_dryingrack,2,left_hand_joints,mse_at_horizon_idx,25,0.049966104328632355
R0_base_handsin,cup_wipe_sponge_dryingrack,2,left_hand_joints,mse_at_horizon_idx,26,0.07733049988746643
R0_base_handsin,cup_wipe_sponge_dryingrack,2,left_hand_joints,mse_at_horizon_idx,27,0.04370284080505371
R0_base_handsin,cup_wipe_sponge_dryingrack,2,left_hand_joints,mse_at_horizon_idx,28,0.040334898978471756
R0_base_handsin,cup_wipe_sponge_dryingrack,2,left_hand_joints,mse_at_horizon_idx,29,0.031674329191446304
R0_base_handsin,cup_wipe_sponge_dryingrack,2,left_hand_joints,mse_at_horizon_idx,30,0.061839401721954346
R0_base_handsin,cup_wipe_sponge_dryingrack,2,left_hand_joints,mse_at_horizon_idx,31,0.08561120927333832
R0_base_handsin,cup_wipe_sponge_dryingrack,2,left_hand_joints,mse_at_horizon_idx,32,0.048447124660015106
R0_base_handsin,cup_wipe_sponge_dryingrack,2,left_hand_joints,mse_at_horizon_idx,33,0.029682401567697525
R0_base_handsin,cup_wipe_sponge_dryingrack,2,left_hand_joints,mse_at_horizon_idx,34,0.045574285089969635
R0_base_handsin,cup_wipe_sponge_dryingrack,2,left_hand_joints,mse_at_horizon_idx,35,0.08845359086990356
R0_base_handsin,cup_wipe_sponge_dryingrack,2,left_hand_joints,mse_at_horizon_idx,36,0.03270719572901726
R0_base_handsin,cup_wipe_sponge_dryingrack,2,left_hand_joints,mse_at_horizon_idx,37,0.0760258287191391
R0_base_handsin,cup_wipe_sponge_dryingrack,2,left_hand_joints,mse_at_horizon_idx,38,0.05116754770278931
R0_base_handsin,cup_wipe_sponge_dryingrack,2,left_hand_joints,mse_at_horizon_idx,39,0.06115422770380974
R0_base_handsin,cup_wipe_sponge_dryingrack,2,left_hand_joints,grasp_precision,-1,0.020833333333333332
R0_base_handsin,cup_wipe_sponge_dryingrack,2,left_hand_joints,grasp_recall,-1,1.0
R0_base_handsin,cup_wipe_sponge_dryingrack,2,left_hand_joints,grasp_f1,-1,0.04081632653061225
R0_base_handsin,cup_wipe_sponge_dryingrack,2,left_hand_joints,grasp_n_gt_events,-1,3.0
R0_base_handsin,cup_wipe_sponge_dryingrack,2,left_hand_joints,grasp_n_pred_events,-1,144.0
R0_base_handsin,cup_wipe_sponge_dryingrack,2,left_hand_joints,grasp_onset_timing_error_signed_steps,-1,1.6666666666666667
R0_base_handsin,cup_wipe_sponge_dryingrack,2,left_hand_joints,grasp_spurious_transitions,-1,141.0
R0_base_handsin,cup_wipe_sponge_dryingrack,2,right_hand_joints,mse,-1,0.12652981281280518
R0_base_handsin,cup_wipe_sponge_dryingrack,2,right_hand_joints,mae,-1,0.19083327054977417
R0_base_handsin,cup_wipe_sponge_dryingrack,2,right_hand_joints,normalized_mse,-1,1.6146676540374756
R0_base_handsin,cup_wipe_sponge_dryingrack,2,right_hand_joints,final_position_error,-1,1.300766944885254
R0_base_handsin,cup_wipe_sponge_dryingrack,2,right_hand_joints,mean_squared_jerk_pred,-1,1.2100070714950562
R0_base_handsin,cup_wipe_sponge_dryingrack,2,right_hand_joints,mean_squared_jerk_gt,-1,4.957460623700172e-05
R0_base_handsin,cup_wipe_sponge_dryingrack,2,right_hand_joints,jerk_ratio_pred_over_gt,-1,24407.799947222287
R0_base_handsin,cup_wipe_sponge_dryingrack,2,right_hand_joints,chunk_boundary_discontinuity,-1,0.10671751201152802
R0_base_handsin,cup_wipe_sponge_dryingrack,2,right_hand_joints,mse_proprio_ablated,-1,0.12006165087223053
R0_base_handsin,cup_wipe_sponge_dryingrack,2,right_hand_joints,proprio_leakage_gap,-1,-0.006468161940574646
R0_base_handsin,cup_wipe_sponge_dryingrack,2,right_hand_joints,mse_at_horizon_idx,0,0.09806793183088303
R0_base_handsin,cup_wipe_sponge_dryingrack,2,right_hand_joints,mse_at_horizon_idx,1,0.11944131553173065
R0_base_handsin,cup_wipe_sponge_dryingrack,2,right_hand_joints,mse_at_horizon_idx,2,0.14552375674247742
R0_base_handsin,cup_wipe_sponge_dryingrack,2,right_hand_joints,mse_at_horizon_idx,3,0.13812842965126038
R0_base_handsin,cup_wipe_sponge_dryingrack,2,right_hand_joints,mse_at_horizon_idx,4,0.17112556099891663
R0_base_handsin,cup_wipe_sponge_dryingrack,2,right_hand_joints,mse_at_horizon_idx,5,0.107889324426651
R0_base_handsin,cup_wipe_sponge_dryingrack,2,right_hand_joints,mse_at_horizon_idx,6,0.13033005595207214
R0_base_handsin,cup_wipe_sponge_dryingrack,2,right_hand_joints,mse_at_horizon_idx,7,0.1271245777606964
R0_base_handsin,cup_wipe_sponge_dryingrack,2,right_hand_joints,mse_at_horizon_idx,8,0.1302596777677536
R0_base_handsin,cup_wipe_sponge_dryingrack,2,right_hand_joints,mse_at_horizon_idx,9,0.15005210041999817
R0_base_handsin,cup_wipe_sponge_dryingrack,2,right_hand_joints,mse_at_horizon_idx,10,0.15032248198986053
R0_base_handsin,cup_wipe_sponge_dryingrack,2,right_hand_joints,mse_at_horizon_idx,11,0.10632681846618652
R0_base_handsin,cup_wipe_sponge_dryingrack,2,right_hand_joints,mse_at_horizon_idx,12,0.13223299384117126
R0_base_handsin,cup_wipe_sponge_dryingrack,2,right_hand_joints,mse_at_horizon_idx,13,0.09909059852361679
R0_base_handsin,cup_wipe_sponge_dryingrack,2,right_hand_joints,mse_at_horizon_idx,14,0.12140516191720963
R0_base_handsin,cup_wipe_sponge_dryingrack,2,right_hand_joints,mse_at_horizon_idx,15,0.10784941911697388
R0_base_handsin,cup_wipe_sponge_dryingrack,2,right_hand_joints,mse_at_horizon_idx,16,0.13822034001350403
R0_base_handsin,cup_wipe_sponge_dryingrack,2,right_hand_joints,mse_at_horizon_idx,17,0.13738396763801575
R0_base_handsin,cup_wipe_sponge_dryingrack,2,right_hand_joints,mse_at_horizon_idx,18,0.13484111428260803
R0_base_handsin,cup_wipe_sponge_dryingrack,2,right_hand_joints,mse_at_horizon_idx,19,0.11863672733306885
R0_base_handsin,cup_wipe_sponge_dryingrack,2,right_hand_joints,mse_at_horizon_idx,20,0.10145068168640137
R0_base_handsin,cup_wipe_sponge_dryingrack,2,right_hand_joints,mse_at_horizon_idx,21,0.12872393429279327
R0_base_handsin,cup_wipe_sponge_dryingrack,2,right_hand_joints,mse_at_horizon_idx,22,0.1319461613893509
R0_base_handsin,cup_wipe_sponge_dryingrack,2,right_hand_joints,mse_at_horizon_idx,23,0.13246549665927887
R0_base_handsin,cup_wipe_sponge_dryingrack,2,right_hand_joints,mse_at_horizon_idx,24,0.12464392185211182
R0_base_handsin,cup_wipe_sponge_dryingrack,2,right_hand_joints,mse_at_horizon_idx,25,0.1248411163687706
R0_base_handsin,cup_wipe_sponge_dryingrack,2,right_hand_joints,mse_at_horizon_idx,26,0.13002298772335052
R0_base_handsin,cup_wipe_sponge_dryingrack,2,right_hand_joints,mse_at_horizon_idx,27,0.13127237558364868
R0_base_handsin,cup_wipe_sponge_dryingrack,2,right_hand_joints,mse_at_horizon_idx,28,0.11439001560211182
R0_base_handsin,cup_wipe_sponge_dryingrack,2,right_hand_joints,mse_at_horizon_idx,29,0.1258651316165924
R0_base_handsin,cup_wipe_sponge_dryingrack,2,right_hand_joints,mse_at_horizon_idx,30,0.12161371856927872
R0_base_handsin,cup_wipe_sponge_dryingrack,2,right_hand_joints,mse_at_horizon_idx,31,0.137971431016922
R0_base_handsin,cup_wipe_sponge_dryingrack,2,right_hand_joints,mse_at_horizon_idx,32,0.11760085821151733
R0_base_handsin,cup_wipe_sponge_dryingrack,2,right_hand_joints,mse_at_horizon_idx,33,0.12928088009357452
R0_base_handsin,cup_wipe_sponge_dryingrack,2,right_hand_joints,mse_at_horizon_idx,34,0.12854397296905518
R0_base_handsin,cup_wipe_sponge_dryingrack,2,right_hand_joints,mse_at_horizon_idx,35,0.10804910957813263
R0_base_handsin,cup_wipe_sponge_dryingrack,2,right_hand_joints,mse_at_horizon_idx,36,0.13549721240997314
R0_base_handsin,cup_wipe_sponge_dryingrack,2,right_hand_joints,mse_at_horizon_idx,37,0.10871247202157974
R0_base_handsin,cup_wipe_sponge_dryingrack,2,right_hand_joints,mse_at_horizon_idx,38,0.14237351715564728
R0_base_handsin,cup_wipe_sponge_dryingrack,2,right_hand_joints,mse_at_horizon_idx,39,0.11857859045267105
R0_base_handsin,cup_wipe_sponge_dryingrack,2,right_hand_joints,grasp_precision,-1,0.0070921985815602835
R0_base_handsin,cup_wipe_sponge_dryingrack,2,right_hand_joints,grasp_recall,-1,0.3333333333333333
R0_base_handsin,cup_wipe_sponge_dryingrack,2,right_hand_joints,grasp_f1,-1,0.013888888888888888
R0_base_handsin,cup_wipe_sponge_dryingrack,2,right_hand_joints,grasp_n_gt_events,-1,3.0
R0_base_handsin,cup_wipe_sponge_dryingrack,2,right_hand_joints,grasp_n_pred_events,-1,141.0
R0_base_handsin,cup_wipe_sponge_dryingrack,2,right_hand_joints,grasp_onset_timing_error_signed_steps,-1,6.0
R0_base_handsin,cup_wipe_sponge_dryingrack,2,right_hand_joints,grasp_spurious_transitions,-1,140.0
R0_base_handsin,cup_wipe_sponge_dryingrack,2,all,mse,-1,0.055419329553842545
R0_base_handsin,cup_wipe_sponge_dryingrack,2,all,mae,-1,0.1678253412246704
R0_base_handsin,cup_wipe_sponge_dryingrack,2,all,normalized_mse,-1,14.833507537841797
R0_base_handsin,cup_wipe_sponge_dryingrack,2,all,final_position_error,-1,2.399502754211426
R0_base_handsin,cup_wipe_sponge_dryingrack,2,all,mean_squared_jerk_pred,-1,0.8033544421195984
R0_base_handsin,cup_wipe_sponge_dryingrack,2,all,mean_squared_jerk_gt,-1,0.0008246550569310784
R0_base_handsin,cup_wipe_sponge_dryingrack,2,all,jerk_ratio_pred_over_gt,-1,974.1702732161136
R0_base_handsin,cup_wipe_sponge_dryingrack,2,all,chunk_boundary_discontinuity,-1,0.07707438617944717
R0_base_handsin,cup_wipe_sponge_dryingrack,2,all,mse_proprio_ablated,-1,0.05446552112698555
R0_base_handsin,cup_wipe_sponge_dryingrack,2,all,proprio_leakage_gap,-1,-0.0009538084268569946
R0_base_handsin,cup_wipe_sponge_dryingrack,2,all,mse_at_horizon_idx,0,0.05250375717878342
R0_base_handsin,cup_wipe_sponge_dryingrack,2,all,mse_at_horizon_idx,1,0.05380025878548622
R0_base_handsin,cup_wipe_sponge_dryingrack,2,all,mse_at_horizon_idx,2,0.05571329593658447
R0_base_handsin,cup_wipe_sponge_dryingrack,2,all,mse_at_horizon_idx,3,0.053928524255752563
R0_base_handsin,cup_wipe_sponge_dryingrack,2,all,mse_at_horizon_idx,4,0.05782178416848183
R0_base_handsin,cup_wipe_sponge_dryingrack,2,all,mse_at_horizon_idx,5,0.0531129390001297
R0_base_handsin,cup_wipe_sponge_dryingrack,2,all,mse_at_horizon_idx,6,0.05779934674501419
R0_base_handsin,cup_wipe_sponge_dryingrack,2,all,mse_at_horizon_idx,7,0.053491074591875076
R0_base_handsin,cup_wipe_sponge_dryingrack,2,all,mse_at_horizon_idx,8,0.06102968007326126
R0_base_handsin,cup_wipe_sponge_dryingrack,2,all,mse_at_horizon_idx,9,0.060024444013834
R0_base_handsin,cup_wipe_sponge_dryingrack,2,all,mse_at_horizon_idx,10,0.05721988156437874
R0_base_handsin,cup_wipe_sponge_dryingrack,2,all,mse_at_horizon_idx,11,0.05194813758134842
R0_base_handsin,cup_wipe_sponge_dryingrack,2,all,mse_at_horizon_idx,12,0.05779033526778221
R0_base_handsin,cup_wipe_sponge_dryingrack,2,all,mse_at_horizon_idx,13,0.05062513425946236
R0_base_handsin,cup_wipe_sponge_dryingrack,2,all,mse_at_horizon_idx,14,0.05539655685424805
R0_base_handsin,cup_wipe_sponge_dryingrack,2,all,mse_at_horizon_idx,15,0.05367447808384895
R0_base_handsin,cup_wipe_sponge_dryingrack,2,all,mse_at_horizon_idx,16,0.05360770225524902
R0_base_handsin,cup_wipe_sponge_dryingrack,2,all,mse_at_horizon_idx,17,0.056321870535612106
R0_base_handsin,cup_wipe_sponge_dryingrack,2,all,mse_at_horizon_idx,18,0.05764983221888542
R0_base_handsin,cup_wipe_sponge_dryingrack,2,all,mse_at_horizon_idx,19,0.052200812846422195
R0_base_handsin,cup_wipe_sponge_dryingrack,2,all,mse_at_horizon_idx,20,0.05207476019859314
R0_base_handsin,cup_wipe_sponge_dryingrack,2,all,mse_at_horizon_idx,21,0.05753408744931221
R0_base_handsin,cup_wipe_sponge_dryingrack,2,all,mse_at_horizon_idx,22,0.05711458995938301
R0_base_handsin,cup_wipe_sponge_dryingrack,2,all,mse_at_horizon_idx,23,0.053424179553985596
R0_base_handsin,cup_wipe_sponge_dryingrack,2,all,mse_at_horizon_idx,24,0.05487867072224617
R0_base_handsin,cup_wipe_sponge_dryingrack,2,all,mse_at_horizon_idx,25,0.055065590888261795
R0_base_handsin,cup_wipe_sponge_dryingrack,2,all,mse_at_horizon_idx,26,0.05778656154870987
R0_base_handsin,cup_wipe_sponge_dryingrack,2,all,mse_at_horizon_idx,27,0.05399470403790474
R0_base_handsin,cup_wipe_sponge_dryingrack,2,all,mse_at_horizon_idx,28,0.05483991652727127
R0_base_handsin,cup_wipe_sponge_dryingrack,2,all,mse_at_horizon_idx,29,0.05639909952878952
R0_base_handsin,cup_wipe_sponge_dryingrack,2,all,mse_at_horizon_idx,30,0.05753602832555771
R0_base_handsin,cup_wipe_sponge_dryingrack,2,all,mse_at_horizon_idx,31,0.05822386220097542
R0_base_handsin,cup_wipe_sponge_dryingrack,2,all,mse_at_horizon_idx,32,0.053548622876405716
R0_base_handsin,cup_wipe_sponge_dryingrack,2,all,mse_at_horizon_idx,33,0.055617861449718475
R0_base_handsin,cup_wipe_sponge_dryingrack,2,all,mse_at_horizon_idx,34,0.0559961274266243
R0_base_handsin,cup_wipe_sponge_dryingrack,2,all,mse_at_horizon_idx,35,0.057208187878131866
R0_base_handsin,cup_wipe_sponge_dryingrack,2,all,mse_at_horizon_idx,36,0.05433075875043869
R0_base_handsin,cup_wipe_sponge_dryingrack,2,all,mse_at_horizon_idx,37,0.055332332849502563
R0_base_handsin,cup_wipe_sponge_dryingrack,2,all,mse_at_horizon_idx,38,0.057285893708467484
R0_base_handsin,cup_wipe_sponge_dryingrack,2,all,mse_at_horizon_idx,39,0.052634961903095245
R0_base_handsin,floor_box_table,16,motion_token,mse,-1,0.061203114688396454
R0_base_handsin,floor_box_table,16,motion_token,mae,-1,0.191388338804245
R0_base_handsin,floor_box_table,16,motion_token,normalized_mse,-1,4.606053829193115
R0_base_handsin,floor_box_table,16,motion_token,final_position_error,-1,1.9037065505981445
R0_base_handsin,floor_box_table,16,motion_token,mean_squared_jerk_pred,-1,0.8268371224403381
R0_base_handsin,floor_box_table,16,motion_token,mean_squared_jerk_gt,-1,0.001409223536029458
R0_base_handsin,floor_box_table,16,motion_token,jerk_ratio_pred_over_gt,-1,586.7324106507501
R0_base_handsin,floor_box_table,16,motion_token,chunk_boundary_discontinuity,-1,0.08013983070850372
R0_base_handsin,floor_box_table,16,motion_token,on_grid_fraction,-1,0.35028316048034935
R0_base_handsin,floor_box_table,16,motion_token,mse_proprio_ablated,-1,0.06175548955798149
R0_base_handsin,floor_box_table,16,motion_token,proprio_leakage_gap,-1,0.0005523748695850372
R0_base_handsin,floor_box_table,16,motion_token,mse_at_horizon_idx,0,0.059905607253313065
R0_base_handsin,floor_box_table,16,motion_token,mse_at_horizon_idx,1,0.056746773421764374
R0_base_handsin,floor_box_table,16,motion_token,mse_at_horizon_idx,2,0.06311483681201935
R0_base_handsin,floor_box_table,16,motion_token,mse_at_horizon_idx,3,0.06176062300801277
R0_base_handsin,floor_box_table,16,motion_token,mse_at_horizon_idx,4,0.06099938973784447
R0_base_handsin,floor_box_table,16,motion_token,mse_at_horizon_idx,5,0.05976778641343117
R0_base_handsin,floor_box_table,16,motion_token,mse_at_horizon_idx,6,0.06019868701696396
R0_base_handsin,floor_box_table,16,motion_token,mse_at_horizon_idx,7,0.06207172945141792
R0_base_handsin,floor_box_table,16,motion_token,mse_at_horizon_idx,8,0.05941279977560043
R0_base_handsin,floor_box_table,16,motion_token,mse_at_horizon_idx,9,0.06400933861732483
R0_base_handsin,floor_box_table,16,motion_token,mse_at_horizon_idx,10,0.06210129335522652
R0_base_handsin,floor_box_table,16,motion_token,mse_at_horizon_idx,11,0.061809588223695755
R0_base_handsin,floor_box_table,16,motion_token,mse_at_horizon_idx,12,0.06357238441705704
R0_base_handsin,floor_box_table,16,motion_token,mse_at_horizon_idx,13,0.060139428824186325
R0_base_handsin,floor_box_table,16,motion_token,mse_at_horizon_idx,14,0.060498740524053574
R0_base_handsin,floor_box_table,16,motion_token,mse_at_horizon_idx,15,0.06052006781101227
R0_base_handsin,floor_box_table,16,motion_token,mse_at_horizon_idx,16,0.058304253965616226
R0_base_handsin,floor_box_table,16,motion_token,mse_at_horizon_idx,17,0.06064491719007492
R0_base_handsin,floor_box_table,16,motion_token,mse_at_horizon_idx,18,0.06136103719472885
R0_base_handsin,floor_box_table,16,motion_token,mse_at_horizon_idx,19,0.062027134001255035
R0_base_handsin,floor_box_table,16,motion_token,mse_at_horizon_idx,20,0.060511279851198196
R0_base_handsin,floor_box_table,16,motion_token,mse_at_horizon_idx,21,0.06087090075016022
R0_base_handsin,floor_box_table,16,motion_token,mse_at_horizon_idx,22,0.061123572289943695
R0_base_handsin,floor_box_table,16,motion_token,mse_at_horizon_idx,23,0.06429275870323181
R0_base_handsin,floor_box_table,16,motion_token,mse_at_horizon_idx,24,0.06329046934843063
R0_base_handsin,floor_box_table,16,motion_token,mse_at_horizon_idx,25,0.06392969191074371
R0_base_handsin,floor_box_table,16,motion_token,mse_at_horizon_idx,26,0.06452541053295135
R0_base_handsin,floor_box_table,16,motion_token,mse_at_horizon_idx,27,0.06100164353847504
R0_base_handsin,floor_box_table,16,motion_token,mse_at_horizon_idx,28,0.05998225882649422
R0_base_handsin,floor_box_table,16,motion_token,mse_at_horizon_idx,29,0.05977727472782135
R0_base_handsin,floor_box_table,16,motion_token,mse_at_horizon_idx,30,0.06169763207435608
R0_base_handsin,floor_box_table,16,motion_token,mse_at_horizon_idx,31,0.06321068108081818
R0_base_handsin,floor_box_table,16,motion_token,mse_at_horizon_idx,32,0.0626969113945961
R0_base_handsin,floor_box_table,16,motion_token,mse_at_horizon_idx,33,0.06079784035682678
R0_base_handsin,floor_box_table,16,motion_token,mse_at_horizon_idx,34,0.05885333940386772
R0_base_handsin,floor_box_table,16,motion_token,mse_at_horizon_idx,35,0.05969589203596115
R0_base_handsin,floor_box_table,16,motion_token,mse_at_horizon_idx,36,0.059691254049539566
R0_base_handsin,floor_box_table,16,motion_token,mse_at_horizon_idx,37,0.0606701523065567
R0_base_handsin,floor_box_table,16,motion_token,mse_at_horizon_idx,38,0.06142185628414154
R0_base_handsin,floor_box_table,16,motion_token,mse_at_horizon_idx,39,0.06103051081299782
R0_base_handsin,floor_box_table,16,left_hand_joints,mse,-1,0.05053110420703888
R0_base_handsin,floor_box_table,16,left_hand_joints,mae,-1,0.06802148371934891
R0_base_handsin,floor_box_table,16,left_hand_joints,normalized_mse,-1,1.5077019929885864
R0_base_handsin,floor_box_table,16,left_hand_joints,final_position_error,-1,1.0
R0_base_handsin,floor_box_table,16,left_hand_joints,mean_squared_jerk_pred,-1,0.3499130606651306
R0_base_handsin,floor_box_table,16,left_hand_joints,mean_squared_jerk_gt,-1,2.0969486286048777e-05
R0_base_handsin,floor_box_table,16,left_hand_joints,jerk_ratio_pred_over_gt,-1,16686.77314703372
R0_base_handsin,floor_box_table,16,left_hand_joints,chunk_boundary_discontinuity,-1,0.03139396756887436
R0_base_handsin,floor_box_table,16,left_hand_joints,mse_proprio_ablated,-1,0.049879346042871475
R0_base_handsin,floor_box_table,16,left_hand_joints,proprio_leakage_gap,-1,-0.0006517581641674042
R0_base_handsin,floor_box_table,16,left_hand_joints,mse_at_horizon_idx,0,0.04709318280220032
R0_base_handsin,floor_box_table,16,left_hand_joints,mse_at_horizon_idx,1,0.050897158682346344
R0_base_handsin,floor_box_table,16,left_hand_joints,mse_at_horizon_idx,2,0.04576857015490532
R0_base_handsin,floor_box_table,16,left_hand_joints,mse_at_horizon_idx,3,0.047688793390989304
R0_base_handsin,floor_box_table,16,left_hand_joints,mse_at_horizon_idx,4,0.047291506081819534
R0_base_handsin,floor_box_table,16,left_hand_joints,mse_at_horizon_idx,5,0.055794067680835724
R0_base_handsin,floor_box_table,16,left_hand_joints,mse_at_horizon_idx,6,0.04982293024659157
R0_base_handsin,floor_box_table,16,left_hand_joints,mse_at_horizon_idx,7,0.07279761135578156
R0_base_handsin,floor_box_table,16,left_hand_joints,mse_at_horizon_idx,8,0.050251759588718414
R0_base_handsin,floor_box_table,16,left_hand_joints,mse_at_horizon_idx,9,0.058637212961912155
R0_base_handsin,floor_box_table,16,left_hand_joints,mse_at_horizon_idx,10,0.04592851921916008
R0_base_handsin,floor_box_table,16,left_hand_joints,mse_at_horizon_idx,11,0.04361474886536598
R0_base_handsin,floor_box_table,16,left_hand_joints,mse_at_horizon_idx,12,0.0489174909889698
R0_base_handsin,floor_box_table,16,left_hand_joints,mse_at_horizon_idx,13,0.04546143114566803
R0_base_handsin,floor_box_table,16,left_hand_joints,mse_at_horizon_idx,14,0.05920602008700371
R0_base_handsin,floor_box_table,16,left_hand_joints,mse_at_horizon_idx,15,0.05620601028203964
R0_base_handsin,floor_box_table,16,left_hand_joints,mse_at_horizon_idx,16,0.04695640504360199
R0_base_handsin,floor_box_table,16,left_hand_joints,mse_at_horizon_idx,17,0.06848873198032379
R0_base_handsin,floor_box_table,16,left_hand_joints,mse_at_horizon_idx,18,0.033418264240026474
R0_base_handsin,floor_box_table,16,left_hand_joints,mse_at_horizon_idx,19,0.026715809479355812
R0_base_handsin,floor_box_table,16,left_hand_joints,mse_at_horizon_idx,20,0.03733775392174721
R0_base_handsin,floor_box_table,16,left_hand_joints,mse_at_horizon_idx,21,0.060473255813121796
R0_base_handsin,floor_box_table,16,left_hand_joints,mse_at_horizon_idx,22,0.04837485030293465
R0_base_handsin,floor_box_table,16,left_hand_joints,mse_at_horizon_idx,23,0.060768064111471176
R0_base_handsin,floor_box_table,16,left_hand_joints,mse_at_horizon_idx,24,0.05785316973924637
R0_base_handsin,floor_box_table,16,left_hand_joints,mse_at_horizon_idx,25,0.04761393740773201
R0_base_handsin,floor_box_table,16,left_hand_joints,mse_at_horizon_idx,26,0.05990223214030266
R0_base_handsin,floor_box_table,16,left_hand_joints,mse_at_horizon_idx,27,0.05277930200099945
R0_base_handsin,floor_box_table,16,left_hand_joints,mse_at_horizon_idx,28,0.04995004087686539
R0_base_handsin,floor_box_table,16,left_hand_joints,mse_at_horizon_idx,29,0.04598896577954292
R0_base_handsin,floor_box_table,16,left_hand_joints,mse_at_horizon_idx,30,0.055815547704696655
R0_base_handsin,floor_box_table,16,left_hand_joints,mse_at_horizon_idx,31,0.05328676104545593
R0_base_handsin,floor_box_table,16,left_hand_joints,mse_at_horizon_idx,32,0.044085144996643066
R0_base_handsin,floor_box_table,16,left_hand_joints,mse_at_horizon_idx,33,0.05809006467461586
R0_base_handsin,floor_box_table,16,left_hand_joints,mse_at_horizon_idx,34,0.05702049285173416
R0_base_handsin,floor_box_table,16,left_hand_joints,mse_at_horizon_idx,35,0.05194144323468208
R0_base_handsin,floor_box_table,16,left_hand_joints,mse_at_horizon_idx,36,0.027966249734163284
R0_base_handsin,floor_box_table,16,left_hand_joints,mse_at_horizon_idx,37,0.05559181794524193
R0_base_handsin,floor_box_table,16,left_hand_joints,mse_at_horizon_idx,38,0.03885216265916824
R0_base_handsin,floor_box_table,16,left_hand_joints,mse_at_horizon_idx,39,0.055545926094055176
R0_base_handsin,floor_box_table,16,left_hand_joints,grasp_precision,-1,0.013605442176870748
R0_base_handsin,floor_box_table,16,left_hand_joints,grasp_recall,-1,0.6666666666666666
R0_base_handsin,floor_box_table,16,left_hand_joints,grasp_f1,-1,0.02666666666666666
R0_base_handsin,floor_box_table,16,left_hand_joints,grasp_n_gt_events,-1,3.0
R0_base_handsin,floor_box_table,16,left_hand_joints,grasp_n_pred_events,-1,147.0
R0_base_handsin,floor_box_table,16,left_hand_joints,grasp_onset_timing_error_signed_steps,-1,2.0
R0_base_handsin,floor_box_table,16,left_hand_joints,grasp_spurious_transitions,-1,145.0
R0_base_handsin,floor_box_table,16,right_hand_joints,mse,-1,0.12949004769325256
R0_base_handsin,floor_box_table,16,right_hand_joints,mae,-1,0.19844333827495575
R0_base_handsin,floor_box_table,16,right_hand_joints,normalized_mse,-1,1.4391705989837646
R0_base_handsin,floor_box_table,16,right_hand_joints,final_position_error,-1,0.8263676762580872
R0_base_handsin,floor_box_table,16,right_hand_joints,mean_squared_jerk_pred,-1,1.4213285446166992
R0_base_handsin,floor_box_table,16,right_hand_joints,mean_squared_jerk_gt,-1,2.557596963015385e-05
R0_base_handsin,floor_box_table,16,right_hand_joints,jerk_ratio_pred_over_gt,-1,55572.81171232566
R0_base_handsin,floor_box_table,16,right_hand_joints,chunk_boundary_discontinuity,-1,0.12866640090942383
R0_base_handsin,floor_box_table,16,right_hand_joints,mse_proprio_ablated,-1,0.1261780709028244
R0_base_handsin,floor_box_table,16,right_hand_joints,proprio_leakage_gap,-1,-0.0033119767904281616
R0_base_handsin,floor_box_table,16,right_hand_joints,mse_at_horizon_idx,0,0.1266217976808548
R0_base_handsin,floor_box_table,16,right_hand_joints,mse_at_horizon_idx,1,0.10705123096704483
R0_base_handsin,floor_box_table,16,right_hand_joints,mse_at_horizon_idx,2,0.11747542768716812
R0_base_handsin,floor_box_table,16,right_hand_joints,mse_at_horizon_idx,3,0.118037149310112
R0_base_handsin,floor_box_table,16,right_hand_joints,mse_at_horizon_idx,4,0.13331608474254608
R0_base_handsin,floor_box_table,16,right_hand_joints,mse_at_horizon_idx,5,0.15880778431892395
R0_base_handsin,floor_box_table,16,right_hand_joints,mse_at_horizon_idx,6,0.11971507221460342
R0_base_handsin,floor_box_table,16,right_hand_joints,mse_at_horizon_idx,7,0.14386877417564392
R0_base_handsin,floor_box_table,16,right_hand_joints,mse_at_horizon_idx,8,0.13152840733528137
R0_base_handsin,floor_box_table,16,right_hand_joints,mse_at_horizon_idx,9,0.14114496111869812
R0_base_handsin,floor_box_table,16,right_hand_joints,mse_at_horizon_idx,10,0.10349772125482559
R0_base_handsin,floor_box_table,16,right_hand_joints,mse_at_horizon_idx,11,0.11550474166870117
R0_base_handsin,floor_box_table,16,right_hand_joints,mse_at_horizon_idx,12,0.1357380449771881
R0_base_handsin,floor_box_table,16,right_hand_joints,mse_at_horizon_idx,13,0.14016030728816986
R0_base_handsin,floor_box_table,16,right_hand_joints,mse_at_horizon_idx,14,0.1298893839120865
R0_base_handsin,floor_box_table,16,right_hand_joints,mse_at_horizon_idx,15,0.18142567574977875
R0_base_handsin,floor_box_table,16,right_hand_joints,mse_at_horizon_idx,16,0.12415125221014023
R0_base_handsin,floor_box_table,16,right_hand_joints,mse_at_horizon_idx,17,0.11652429401874542
R0_base_handsin,floor_box_table,16,right_hand_joints,mse_at_horizon_idx,18,0.13040867447853088
R0_base_handsin,floor_box_table,16,right_hand_joints,mse_at_horizon_idx,19,0.12291025370359421
R0_base_handsin,floor_box_table,16,right_hand_joints,mse_at_horizon_idx,20,0.14010775089263916
R0_base_handsin,floor_box_table,16,right_hand_joints,mse_at_horizon_idx,21,0.1490548849105835
R0_base_handsin,floor_box_table,16,right_hand_joints,mse_at_horizon_idx,22,0.1273416131734848
R0_base_handsin,floor_box_table,16,right_hand_joints,mse_at_horizon_idx,23,0.12865303456783295
R0_base_handsin,floor_box_table,16,right_hand_joints,mse_at_horizon_idx,24,0.14181409776210785
R0_base_handsin,floor_box_table,16,right_hand_joints,mse_at_horizon_idx,25,0.11553730070590973
R0_base_handsin,floor_box_table,16,right_hand_joints,mse_at_horizon_idx,26,0.15310251712799072
R0_base_handsin,floor_box_table,16,right_hand_joints,mse_at_horizon_idx,27,0.164215087890625
R0_base_handsin,floor_box_table,16,right_hand_joints,mse_at_horizon_idx,28,0.1041053980588913
R0_base_handsin,floor_box_table,16,right_hand_joints,mse_at_horizon_idx,29,0.15035218000411987
R0_base_handsin,floor_box_table,16,right_hand_joints,mse_at_horizon_idx,30,0.1282772719860077
R0_base_handsin,floor_box_table,16,right_hand_joints,mse_at_horizon_idx,31,0.12681850790977478
R0_base_handsin,floor_box_table,16,right_hand_joints,mse_at_horizon_idx,32,0.12516911327838898
R0_base_handsin,floor_box_table,16,right_hand_joints,mse_at_horizon_idx,33,0.11671982705593109
R0_base_handsin,floor_box_table,16,right_hand_joints,mse_at_horizon_idx,34,0.09536666423082352
R0_base_handsin,floor_box_table,16,right_hand_joints,mse_at_horizon_idx,35,0.13781079649925232
R0_base_handsin,floor_box_table,16,right_hand_joints,mse_at_horizon_idx,36,0.11335550993680954
R0_base_handsin,floor_box_table,16,right_hand_joints,mse_at_horizon_idx,37,0.10591328889131546
R0_base_handsin,floor_box_table,16,right_hand_joints,mse_at_horizon_idx,38,0.16459611058235168
R0_base_handsin,floor_box_table,16,right_hand_joints,mse_at_horizon_idx,39,0.09166982769966125
R0_base_handsin,floor_box_table,16,right_hand_joints,grasp_precision,-1,0.006493506493506494
R0_base_handsin,floor_box_table,16,right_hand_joints,grasp_recall,-1,0.3333333333333333
R0_base_handsin,floor_box_table,16,right_hand_joints,grasp_f1,-1,0.012738853503184714
R0_base_handsin,floor_box_table,16,right_hand_joints,grasp_n_gt_events,-1,3.0
R0_base_handsin,floor_box_table,16,right_hand_joints,grasp_n_pred_events,-1,154.0
R0_base_handsin,floor_box_table,16,right_hand_joints,grasp_onset_timing_error_signed_steps,-1,-5.0
R0_base_handsin,floor_box_table,16,right_hand_joints,grasp_spurious_transitions,-1,153.0
R0_base_handsin,floor_box_table,16,all,mse,-1,0.06637368351221085
R0_base_handsin,floor_box_table,16,all,mae,-1,0.1809500902891159
R0_base_handsin,floor_box_table,16,all,normalized_mse,-1,4.5111260414123535
R0_base_handsin,floor_box_table,16,all,final_position_error,-1,2.3036887645721436
R0_base_handsin,floor_box_table,16,all,mean_squared_jerk_pred,-1,0.8373880982398987
R0_base_handsin,floor_box_table,16,all,mean_squared_jerk_gt,-1,0.0011604632018133998
R0_base_handsin,floor_box_table,16,all,jerk_ratio_pred_over_gt,-1,721.5981488524175
R0_base_handsin,floor_box_table,16,all,chunk_boundary_discontinuity,-1,0.08012015372514725
R0_base_handsin,floor_box_table,16,all,mse_proprio_ablated,-1,0.06647119671106339
R0_base_handsin,floor_box_table,16,all,proprio_leakage_gap,-1,9.751319885253906e-05
R0_base_handsin,floor_box_table,16,all,mse_at_horizon_idx,0,0.06474313139915466
R0_base_handsin,floor_box_table,16,all,mse_at_horizon_idx,1,0.06073630973696709
R0_base_handsin,floor_box_table,16,all,mse_at_horizon_idx,2,0.06643664091825485
R0_base_handsin,floor_box_table,16,all,mse_at_horizon_idx,3,0.06554822623729706
R0_base_handsin,floor_box_table,16,all,mse_at_horizon_idx,4,0.06625916063785553
R0_base_handsin,floor_box_table,16,all,mse_at_horizon_idx,5,0.06829937547445297
R0_base_handsin,floor_box_table,16,all,mse_at_horizon_idx,6,0.06460874527692795
R0_base_handsin,floor_box_table,16,all,mse_at_horizon_idx,7,0.07037506252527237
R0_base_handsin,floor_box_table,16,all,mse_at_horizon_idx,8,0.06506256759166718
R0_base_handsin,floor_box_table,16,all,mse_at_horizon_idx,9,0.07044966518878937
R0_base_handsin,floor_box_table,16,all,mse_at_horizon_idx,10,0.06436493992805481
R0_base_handsin,floor_box_table,16,all,mse_at_horizon_idx,11,0.06499550491571426
R0_base_handsin,floor_box_table,16,all,mse_at_horizon_idx,12,0.06873361021280289
R0_base_handsin,floor_box_table,16,all,mse_at_horizon_idx,13,0.06600352376699448
R0_base_handsin,floor_box_table,16,all,mse_at_horizon_idx,14,0.06661009043455124
R0_base_handsin,floor_box_table,16,all,mse_at_horizon_idx,15,0.0709834024310112
R0_base_handsin,floor_box_table,16,all,mse_at_horizon_idx,16,0.06319520622491837
R0_base_handsin,floor_box_table,16,all,mse_at_horizon_idx,17,0.06636366993188858
R0_base_handsin,floor_box_table,16,all,mse_at_horizon_idx,18,0.06504993885755539
R0_base_handsin,floor_box_table,16,all,mse_at_horizon_idx,19,0.06432204693555832
R0_base_handsin,floor_box_table,16,all,mse_at_horizon_idx,20,0.06557488441467285
R0_base_handsin,floor_box_table,16,all,mse_at_horizon_idx,21,0.06874915957450867
R0_base_handsin,floor_box_table,16,all,mse_at_horizon_idx,22,0.0659220963716507
R0_base_handsin,floor_box_table,16,all,mse_at_horizon_idx,23,0.06975235790014267
R0_base_handsin,floor_box_table,16,all,mse_at_horizon_idx,24,0.06984950602054596
R0_base_handsin,floor_box_table,16,all,mse_at_horizon_idx,25,0.06709690392017365
R0_base_handsin,floor_box_table,16,all,mse_at_horizon_idx,26,0.0720597356557846
R0_base_handsin,floor_box_table,16,all,mse_at_horizon_idx,27,0.06952648609876633
R0_base_handsin,floor_box_table,16,all,mse_at_horizon_idx,28,0.06304170191287994
R0_base_handsin,floor_box_table,16,all,mse_at_horizon_idx,29,0.06666837632656097
R0_base_handsin,floor_box_table,16,all,mse_at_horizon_idx,30,0.06714484095573425
R0_base_handsin,floor_box_table,16,all,mse_at_horizon_idx,31,0.06802846491336823
R0_base_handsin,floor_box_table,16,all,mse_at_horizon_idx,32,0.06663311272859573
R0_base_handsin,floor_box_table,16,all,mse_at_horizon_idx,33,0.06557346880435944
R0_base_handsin,floor_box_table,16,all,mse_at_horizon_idx,34,0.06196568161249161
R0_base_handsin,floor_box_table,16,all,mse_at_horizon_idx,35,0.06601028144359589
R0_base_handsin,floor_box_table,16,all,mse_at_horizon_idx,36,0.061660174280405045
R0_base_handsin,floor_box_table,16,all,mse_at_horizon_idx,37,0.06427467614412308
R0_base_handsin,floor_box_table,16,all,mse_at_horizon_idx,38,0.0686555951833725
R0_base_handsin,floor_box_table,16,all,mse_at_horizon_idx,39,0.06328798085451126
R0_base_handsout,bottle_cupnoodles_shelf,0,motion_token,mse,-1,0.056575991213321686
R0_base_handsout,bottle_cupnoodles_shelf,0,motion_token,mae,-1,0.1897881180047989
R0_base_handsout,bottle_cupnoodles_shelf,0,motion_token,normalized_mse,-1,9.616661071777344
R0_base_handsout,bottle_cupnoodles_shelf,0,motion_token,final_position_error,-1,1.8170348405838013
R0_base_handsout,bottle_cupnoodles_shelf,0,motion_token,mean_squared_jerk_pred,-1,0.8467236757278442
R0_base_handsout,bottle_cupnoodles_shelf,0,motion_token,mean_squared_jerk_gt,-1,0.0012229096610099077
R0_base_handsout,bottle_cupnoodles_shelf,0,motion_token,jerk_ratio_pred_over_gt,-1,692.3844849083945
R0_base_handsout,bottle_cupnoodles_shelf,0,motion_token,chunk_boundary_discontinuity,-1,0.08609817177057266
R0_base_handsout,bottle_cupnoodles_shelf,0,motion_token,on_grid_fraction,-1,0.3454322827938671
R0_base_handsout,bottle_cupnoodles_shelf,0,motion_token,mse_proprio_ablated,-1,0.05656087026000023
R0_base_handsout,bottle_cupnoodles_shelf,0,motion_token,proprio_leakage_gap,-1,-1.512095332145691e-05
R0_base_handsout,bottle_cupnoodles_shelf,0,motion_token,mse_at_horizon_idx,0,0.05751648545265198
R0_base_handsout,bottle_cupnoodles_shelf,0,motion_token,mse_at_horizon_idx,1,0.05560726672410965
R0_base_handsout,bottle_cupnoodles_shelf,0,motion_token,mse_at_horizon_idx,2,0.05612541362643242
R0_base_handsout,bottle_cupnoodles_shelf,0,motion_token,mse_at_horizon_idx,3,0.05513771250844002
R0_base_handsout,bottle_cupnoodles_shelf,0,motion_token,mse_at_horizon_idx,4,0.056127406656742096
R0_base_handsout,bottle_cupnoodles_shelf,0,motion_token,mse_at_horizon_idx,5,0.056991398334503174
R0_base_handsout,bottle_cupnoodles_shelf,0,motion_token,mse_at_horizon_idx,6,0.05509377270936966
R0_base_handsout,bottle_cupnoodles_shelf,0,motion_token,mse_at_horizon_idx,7,0.05710270628333092
R0_base_handsout,bottle_cupnoodles_shelf,0,motion_token,mse_at_horizon_idx,8,0.05801961198449135
R0_base_handsout,bottle_cupnoodles_shelf,0,motion_token,mse_at_horizon_idx,9,0.05623266473412514
R0_base_handsout,bottle_cupnoodles_shelf,0,motion_token,mse_at_horizon_idx,10,0.05557345598936081
R0_base_handsout,bottle_cupnoodles_shelf,0,motion_token,mse_at_horizon_idx,11,0.057353388518095016
R0_base_handsout,bottle_cupnoodles_shelf,0,motion_token,mse_at_horizon_idx,12,0.0560285709798336
R0_base_handsout,bottle_cupnoodles_shelf,0,motion_token,mse_at_horizon_idx,13,0.056624412536621094
R0_base_handsout,bottle_cupnoodles_shelf,0,motion_token,mse_at_horizon_idx,14,0.05381358414888382
R0_base_handsout,bottle_cupnoodles_shelf,0,motion_token,mse_at_horizon_idx,15,0.0586613304913044
R0_base_handsout,bottle_cupnoodles_shelf,0,motion_token,mse_at_horizon_idx,16,0.05891304835677147
R0_base_handsout,bottle_cupnoodles_shelf,0,motion_token,mse_at_horizon_idx,17,0.056544821709394455
R0_base_handsout,bottle_cupnoodles_shelf,0,motion_token,mse_at_horizon_idx,18,0.05767573416233063
R0_base_handsout,bottle_cupnoodles_shelf,0,motion_token,mse_at_horizon_idx,19,0.05709708854556084
R0_base_handsout,bottle_cupnoodles_shelf,0,motion_token,mse_at_horizon_idx,20,0.05653652548789978
R0_base_handsout,bottle_cupnoodles_shelf,0,motion_token,mse_at_horizon_idx,21,0.05646834149956703
R0_base_handsout,bottle_cupnoodles_shelf,0,motion_token,mse_at_horizon_idx,22,0.05652782320976257
R0_base_handsout,bottle_cupnoodles_shelf,0,motion_token,mse_at_horizon_idx,23,0.058158330619335175
R0_base_handsout,bottle_cupnoodles_shelf,0,motion_token,mse_at_horizon_idx,24,0.05494290962815285
R0_base_handsout,bottle_cupnoodles_shelf,0,motion_token,mse_at_horizon_idx,25,0.055733196437358856
R0_base_handsout,bottle_cupnoodles_shelf,0,motion_token,mse_at_horizon_idx,26,0.056177739053964615
R0_base_handsout,bottle_cupnoodles_shelf,0,motion_token,mse_at_horizon_idx,27,0.055917538702487946
R0_base_handsout,bottle_cupnoodles_shelf,0,motion_token,mse_at_horizon_idx,28,0.05578630790114403
R0_base_handsout,bottle_cupnoodles_shelf,0,motion_token,mse_at_horizon_idx,29,0.05895371735095978
R0_base_handsout,bottle_cupnoodles_shelf,0,motion_token,mse_at_horizon_idx,30,0.0558929368853569
R0_base_handsout,bottle_cupnoodles_shelf,0,motion_token,mse_at_horizon_idx,31,0.0567600317299366
R0_base_handsout,bottle_cupnoodles_shelf,0,motion_token,mse_at_horizon_idx,32,0.05505523458123207
R0_base_handsout,bottle_cupnoodles_shelf,0,motion_token,mse_at_horizon_idx,33,0.05593099817633629
R0_base_handsout,bottle_cupnoodles_shelf,0,motion_token,mse_at_horizon_idx,34,0.05832529067993164
R0_base_handsout,bottle_cupnoodles_shelf,0,motion_token,mse_at_horizon_idx,35,0.05513359606266022
R0_base_handsout,bottle_cupnoodles_shelf,0,motion_token,mse_at_horizon_idx,36,0.056320130825042725
R0_base_handsout,bottle_cupnoodles_shelf,0,motion_token,mse_at_horizon_idx,37,0.05735785886645317
R0_base_handsout,bottle_cupnoodles_shelf,0,motion_token,mse_at_horizon_idx,38,0.0574202798306942
R0_base_handsout,bottle_cupnoodles_shelf,0,motion_token,mse_at_horizon_idx,39,0.057473521679639816
R0_base_handsout,bottle_cupnoodles_shelf,0,left_hand_joints,mse,-1,0.0
R0_base_handsout,bottle_cupnoodles_shelf,0,left_hand_joints,mae,-1,0.0
R0_base_handsout,bottle_cupnoodles_shelf,0,left_hand_joints,normalized_mse,-1,
R0_base_handsout,bottle_cupnoodles_shelf,0,left_hand_joints,final_position_error,-1,0.0
R0_base_handsout,bottle_cupnoodles_shelf,0,left_hand_joints,mean_squared_jerk_pred,-1,0.0
R0_base_handsout,bottle_cupnoodles_shelf,0,left_hand_joints,mean_squared_jerk_gt,-1,0.0
R0_base_handsout,bottle_cupnoodles_shelf,0,left_hand_joints,jerk_ratio_pred_over_gt,-1,
R0_base_handsout,bottle_cupnoodles_shelf,0,left_hand_joints,chunk_boundary_discontinuity,-1,0.0
R0_base_handsout,bottle_cupnoodles_shelf,0,left_hand_joints,mse_proprio_ablated,-1,0.0
R0_base_handsout,bottle_cupnoodles_shelf,0,left_hand_joints,proprio_leakage_gap,-1,0.0
R0_base_handsout,bottle_cupnoodles_shelf,0,left_hand_joints,mse_at_horizon_idx,0,0.0
R0_base_handsout,bottle_cupnoodles_shelf,0,left_hand_joints,mse_at_horizon_idx,1,0.0
R0_base_handsout,bottle_cupnoodles_shelf,0,left_hand_joints,mse_at_horizon_idx,2,0.0
R0_base_handsout,bottle_cupnoodles_shelf,0,left_hand_joints,mse_at_horizon_idx,3,0.0
R0_base_handsout,bottle_cupnoodles_shelf,0,left_hand_joints,mse_at_horizon_idx,4,0.0
R0_base_handsout,bottle_cupnoodles_shelf,0,left_hand_joints,mse_at_horizon_idx,5,0.0
R0_base_handsout,bottle_cupnoodles_shelf,0,left_hand_joints,mse_at_horizon_idx,6,0.0
R0_base_handsout,bottle_cupnoodles_shelf,0,left_hand_joints,mse_at_horizon_idx,7,0.0
R0_base_handsout,bottle_cupnoodles_shelf,0,left_hand_joints,mse_at_horizon_idx,8,0.0
R0_base_handsout,bottle_cupnoodles_shelf,0,left_hand_joints,mse_at_horizon_idx,9,0.0
R0_base_handsout,bottle_cupnoodles_shelf,0,left_hand_joints,mse_at_horizon_idx,10,0.0
R0_base_handsout,bottle_cupnoodles_shelf,0,left_hand_joints,mse_at_horizon_idx,11,0.0
R0_base_handsout,bottle_cupnoodles_shelf,0,left_hand_joints,mse_at_horizon_idx,12,0.0
R0_base_handsout,bottle_cupnoodles_shelf,0,left_hand_joints,mse_at_horizon_idx,13,0.0
R0_base_handsout,bottle_cupnoodles_shelf,0,left_hand_joints,mse_at_horizon_idx,14,0.0
R0_base_handsout,bottle_cupnoodles_shelf,0,left_hand_joints,mse_at_horizon_idx,15,0.0
R0_base_handsout,bottle_cupnoodles_shelf,0,left_hand_joints,mse_at_horizon_idx,16,0.0
R0_base_handsout,bottle_cupnoodles_shelf,0,left_hand_joints,mse_at_horizon_idx,17,0.0
R0_base_handsout,bottle_cupnoodles_shelf,0,left_hand_joints,mse_at_horizon_idx,18,0.0
R0_base_handsout,bottle_cupnoodles_shelf,0,left_hand_joints,mse_at_horizon_idx,19,0.0
R0_base_handsout,bottle_cupnoodles_shelf,0,left_hand_joints,mse_at_horizon_idx,20,0.0
R0_base_handsout,bottle_cupnoodles_shelf,0,left_hand_joints,mse_at_horizon_idx,21,0.0
R0_base_handsout,bottle_cupnoodles_shelf,0,left_hand_joints,mse_at_horizon_idx,22,0.0
R0_base_handsout,bottle_cupnoodles_shelf,0,left_hand_joints,mse_at_horizon_idx,23,0.0
R0_base_handsout,bottle_cupnoodles_shelf,0,left_hand_joints,mse_at_horizon_idx,24,0.0
R0_base_handsout,bottle_cupnoodles_shelf,0,left_hand_joints,mse_at_horizon_idx,25,0.0
R0_base_handsout,bottle_cupnoodles_shelf,0,left_hand_joints,mse_at_horizon_idx,26,0.0
R0_base_handsout,bottle_cupnoodles_shelf,0,left_hand_joints,mse_at_horizon_idx,27,0.0
R0_base_handsout,bottle_cupnoodles_shelf,0,left_hand_joints,mse_at_horizon_idx,28,0.0
R0_base_handsout,bottle_cupnoodles_shelf,0,left_hand_joints,mse_at_horizon_idx,29,0.0
R0_base_handsout,bottle_cupnoodles_shelf,0,left_hand_joints,mse_at_horizon_idx,30,0.0
R0_base_handsout,bottle_cupnoodles_shelf,0,left_hand_joints,mse_at_horizon_idx,31,0.0
R0_base_handsout,bottle_cupnoodles_shelf,0,left_hand_joints,mse_at_horizon_idx,32,0.0
R0_base_handsout,bottle_cupnoodles_shelf,0,left_hand_joints,mse_at_horizon_idx,33,0.0
R0_base_handsout,bottle_cupnoodles_shelf,0,left_hand_joints,mse_at_horizon_idx,34,0.0
R0_base_handsout,bottle_cupnoodles_shelf,0,left_hand_joints,mse_at_horizon_idx,35,0.0
R0_base_handsout,bottle_cupnoodles_shelf,0,left_hand_joints,mse_at_horizon_idx,36,0.0
R0_base_handsout,bottle_cupnoodles_shelf,0,left_hand_joints,mse_at_horizon_idx,37,0.0
R0_base_handsout,bottle_cupnoodles_shelf,0,left_hand_joints,mse_at_horizon_idx,38,0.0
R0_base_handsout,bottle_cupnoodles_shelf,0,left_hand_joints,mse_at_horizon_idx,39,0.0
R0_base_handsout,bottle_cupnoodles_shelf,0,left_hand_joints,grasp_precision,-1,
R0_base_handsout,bottle_cupnoodles_shelf,0,left_hand_joints,grasp_recall,-1,
R0_base_handsout,bottle_cupnoodles_shelf,0,left_hand_joints,grasp_f1,-1,
R0_base_handsout,bottle_cupnoodles_shelf,0,left_hand_joints,grasp_n_gt_events,-1,0.0
R0_base_handsout,bottle_cupnoodles_shelf,0,left_hand_joints,grasp_n_pred_events,-1,0.0
R0_base_handsout,bottle_cupnoodles_shelf,0,left_hand_joints,grasp_onset_timing_error_signed_steps,-1,
R0_base_handsout,bottle_cupnoodles_shelf,0,left_hand_joints,grasp_spurious_transitions,-1,0.0
R0_base_handsout,bottle_cupnoodles_shelf,0,right_hand_joints,mse,-1,0.0
R0_base_handsout,bottle_cupnoodles_shelf,0,right_hand_joints,mae,-1,0.0
R0_base_handsout,bottle_cupnoodles_shelf,0,right_hand_joints,normalized_mse,-1,
R0_base_handsout,bottle_cupnoodles_shelf,0,right_hand_joints,final_position_error,-1,0.0
R0_base_handsout,bottle_cupnoodles_shelf,0,right_hand_joints,mean_squared_jerk_pred,-1,0.0
R0_base_handsout,bottle_cupnoodles_shelf,0,right_hand_joints,mean_squared_jerk_gt,-1,0.0
R0_base_handsout,bottle_cupnoodles_shelf,0,right_hand_joints,jerk_ratio_pred_over_gt,-1,
R0_base_handsout,bottle_cupnoodles_shelf,0,right_hand_joints,chunk_boundary_discontinuity,-1,0.0
R0_base_handsout,bottle_cupnoodles_shelf,0,right_hand_joints,mse_proprio_ablated,-1,0.0
R0_base_handsout,bottle_cupnoodles_shelf,0,right_hand_joints,proprio_leakage_gap,-1,0.0
R0_base_handsout,bottle_cupnoodles_shelf,0,right_hand_joints,mse_at_horizon_idx,0,0.0
R0_base_handsout,bottle_cupnoodles_shelf,0,right_hand_joints,mse_at_horizon_idx,1,0.0
R0_base_handsout,bottle_cupnoodles_shelf,0,right_hand_joints,mse_at_horizon_idx,2,0.0
R0_base_handsout,bottle_cupnoodles_shelf,0,right_hand_joints,mse_at_horizon_idx,3,0.0
R0_base_handsout,bottle_cupnoodles_shelf,0,right_hand_joints,mse_at_horizon_idx,4,0.0
R0_base_handsout,bottle_cupnoodles_shelf,0,right_hand_joints,mse_at_horizon_idx,5,0.0
R0_base_handsout,bottle_cupnoodles_shelf,0,right_hand_joints,mse_at_horizon_idx,6,0.0
R0_base_handsout,bottle_cupnoodles_shelf,0,right_hand_joints,mse_at_horizon_idx,7,0.0
R0_base_handsout,bottle_cupnoodles_shelf,0,right_hand_joints,mse_at_horizon_idx,8,0.0
R0_base_handsout,bottle_cupnoodles_shelf,0,right_hand_joints,mse_at_horizon_idx,9,0.0
R0_base_handsout,bottle_cupnoodles_shelf,0,right_hand_joints,mse_at_horizon_idx,10,0.0
R0_base_handsout,bottle_cupnoodles_shelf,0,right_hand_joints,mse_at_horizon_idx,11,0.0
R0_base_handsout,bottle_cupnoodles_shelf,0,right_hand_joints,mse_at_horizon_idx,12,0.0
R0_base_handsout,bottle_cupnoodles_shelf,0,right_hand_joints,mse_at_horizon_idx,13,0.0
R0_base_handsout,bottle_cupnoodles_shelf,0,right_hand_joints,mse_at_horizon_idx,14,0.0
R0_base_handsout,bottle_cupnoodles_shelf,0,right_hand_joints,mse_at_horizon_idx,15,0.0
R0_base_handsout,bottle_cupnoodles_shelf,0,right_hand_joints,mse_at_horizon_idx,16,0.0
R0_base_handsout,bottle_cupnoodles_shelf,0,right_hand_joints,mse_at_horizon_idx,17,0.0
R0_base_handsout,bottle_cupnoodles_shelf,0,right_hand_joints,mse_at_horizon_idx,18,0.0
R0_base_handsout,bottle_cupnoodles_shelf,0,right_hand_joints,mse_at_horizon_idx,19,0.0
R0_base_handsout,bottle_cupnoodles_shelf,0,right_hand_joints,mse_at_horizon_idx,20,0.0
R0_base_handsout,bottle_cupnoodles_shelf,0,right_hand_joints,mse_at_horizon_idx,21,0.0
R0_base_handsout,bottle_cupnoodles_shelf,0,right_hand_joints,mse_at_horizon_idx,22,0.0
R0_base_handsout,bottle_cupnoodles_shelf,0,right_hand_joints,mse_at_horizon_idx,23,0.0
R0_base_handsout,bottle_cupnoodles_shelf,0,right_hand_joints,mse_at_horizon_idx,24,0.0
R0_base_handsout,bottle_cupnoodles_shelf,0,right_hand_joints,mse_at_horizon_idx,25,0.0
R0_base_handsout,bottle_cupnoodles_shelf,0,right_hand_joints,mse_at_horizon_idx,26,0.0
R0_base_handsout,bottle_cupnoodles_shelf,0,right_hand_joints,mse_at_horizon_idx,27,0.0
R0_base_handsout,bottle_cupnoodles_shelf,0,right_hand_joints,mse_at_horizon_idx,28,0.0
R0_base_handsout,bottle_cupnoodles_shelf,0,right_hand_joints,mse_at_horizon_idx,29,0.0
R0_base_handsout,bottle_cupnoodles_shelf,0,right_hand_joints,mse_at_horizon_idx,30,0.0
R0_base_handsout,bottle_cupnoodles_shelf,0,right_hand_joints,mse_at_horizon_idx,31,0.0
R0_base_handsout,bottle_cupnoodles_shelf,0,right_hand_joints,mse_at_horizon_idx,32,0.0
R0_base_handsout,bottle_cupnoodles_shelf,0,right_hand_joints,mse_at_horizon_idx,33,0.0
R0_base_handsout,bottle_cupnoodles_shelf,0,right_hand_joints,mse_at_horizon_idx,34,0.0
R0_base_handsout,bottle_cupnoodles_shelf,0,right_hand_joints,mse_at_horizon_idx,35,0.0
R0_base_handsout,bottle_cupnoodles_shelf,0,right_hand_joints,mse_at_horizon_idx,36,0.0
R0_base_handsout,bottle_cupnoodles_shelf,0,right_hand_joints,mse_at_horizon_idx,37,0.0
R0_base_handsout,bottle_cupnoodles_shelf,0,right_hand_joints,mse_at_horizon_idx,38,0.0
R0_base_handsout,bottle_cupnoodles_shelf,0,right_hand_joints,mse_at_horizon_idx,39,0.0
R0_base_handsout,bottle_cupnoodles_shelf,0,right_hand_joints,grasp_precision,-1,
R0_base_handsout,bottle_cupnoodles_shelf,0,right_hand_joints,grasp_recall,-1,
R0_base_handsout,bottle_cupnoodles_shelf,0,right_hand_joints,grasp_f1,-1,
R0_base_handsout,bottle_cupnoodles_shelf,0,right_hand_joints,grasp_n_gt_events,-1,0.0
R0_base_handsout,bottle_cupnoodles_shelf,0,right_hand_joints,grasp_n_pred_events,-1,0.0
R0_base_handsout,bottle_cupnoodles_shelf,0,right_hand_joints,grasp_onset_timing_error_signed_steps,-1,
R0_base_handsout,bottle_cupnoodles_shelf,0,right_hand_joints,grasp_spurious_transitions,-1,0.0
R0_base_handsout,bottle_cupnoodles_shelf,0,all,mse,-1,0.04642133042216301
R0_base_handsout,bottle_cupnoodles_shelf,0,all,mae,-1,0.15572360157966614
R0_base_handsout,bottle_cupnoodles_shelf,0,all,normalized_mse,-1,9.616661071777344
R0_base_handsout,bottle_cupnoodles_shelf,0,all,final_position_error,-1,1.8170348405838013
R0_base_handsout,bottle_cupnoodles_shelf,0,all,mean_squared_jerk_pred,-1,0.6947476863861084
R0_base_handsout,bottle_cupnoodles_shelf,0,all,mean_squared_jerk_gt,-1,0.0010034131119027734
R0_base_handsout,bottle_cupnoodles_shelf,0,all,jerk_ratio_pred_over_gt,-1,692.384500605795
R0_base_handsout,bottle_cupnoodles_shelf,0,all,chunk_boundary_discontinuity,-1,0.07064465433359146
R0_base_handsout,bottle_cupnoodles_shelf,0,all,mse_proprio_ablated,-1,0.046408917754888535
R0_base_handsout,bottle_cupnoodles_shelf,0,all,proprio_leakage_gap,-1,-1.2412667274475098e-05
R0_base_handsout,bottle_cupnoodles_shelf,0,all,mse_at_horizon_idx,0,0.0471930094063282
R0_base_handsout,bottle_cupnoodles_shelf,0,all,mse_at_horizon_idx,1,0.04562647268176079
R0_base_handsout,bottle_cupnoodles_shelf,0,all,mse_at_horizon_idx,2,0.046051621437072754
R0_base_handsout,bottle_cupnoodles_shelf,0,all,mse_at_horizon_idx,3,0.04524119943380356
R0_base_handsout,bottle_cupnoodles_shelf,0,all,mse_at_horizon_idx,4,0.04605325311422348
R0_base_handsout,bottle_cupnoodles_shelf,0,all,mse_at_horizon_idx,5,0.046762172132730484
R0_base_handsout,bottle_cupnoodles_shelf,0,all,mse_at_horizon_idx,6,0.045205146074295044
R0_base_handsout,bottle_cupnoodles_shelf,0,all,mse_at_horizon_idx,7,0.046853505074977875
R0_base_handsout,bottle_cupnoodles_shelf,0,all,mse_at_horizon_idx,8,0.047605834901332855
R0_base_handsout,bottle_cupnoodles_shelf,0,all,mse_at_horizon_idx,9,0.04613962769508362
R0_base_handsout,bottle_cupnoodles_shelf,0,all,mse_at_horizon_idx,10,0.04559873417019844
R0_base_handsout,bottle_cupnoodles_shelf,0,all,mse_at_horizon_idx,11,0.04705918952822685
R0_base_handsout,bottle_cupnoodles_shelf,0,all,mse_at_horizon_idx,12,0.04597216099500656
R0_base_handsout,bottle_cupnoodles_shelf,0,all,mse_at_horizon_idx,13,0.04646105691790581
R0_base_handsout,bottle_cupnoodles_shelf,0,all,mse_at_horizon_idx,14,0.044154729694128036
R0_base_handsout,bottle_cupnoodles_shelf,0,all,mse_at_horizon_idx,15,0.04813237488269806
R0_base_handsout,bottle_cupnoodles_shelf,0,all,mse_at_horizon_idx,16,0.048338912427425385
R0_base_handsout,bottle_cupnoodles_shelf,0,all,mse_at_horizon_idx,17,0.04639574512839317
R0_base_handsout,bottle_cupnoodles_shelf,0,all,mse_at_horizon_idx,18,0.04732367768883705
R0_base_handsout,bottle_cupnoodles_shelf,0,all,mse_at_horizon_idx,19,0.04684889316558838
R0_base_handsout,bottle_cupnoodles_shelf,0,all,mse_at_horizon_idx,20,0.046388935297727585
R0_base_handsout,bottle_cupnoodles_shelf,0,all,mse_at_horizon_idx,21,0.04633300006389618
R0_base_handsout,bottle_cupnoodles_shelf,0,all,mse_at_horizon_idx,22,0.04638180881738663
R0_base_handsout,bottle_cupnoodles_shelf,0,all,mse_at_horizon_idx,23,0.04771965369582176
R0_base_handsout,bottle_cupnoodles_shelf,0,all,mse_at_horizon_idx,24,0.04508136212825775
R0_base_handsout,bottle_cupnoodles_shelf,0,all,mse_at_horizon_idx,25,0.04572980850934982
R0_base_handsout,bottle_cupnoodles_shelf,0,all,mse_at_horizon_idx,26,0.04609455540776253
R0_base_handsout,bottle_cupnoodles_shelf,0,all,mse_at_horizon_idx,27,0.045881059020757675
R0_base_handsout,bottle_cupnoodles_shelf,0,all,mse_at_horizon_idx,28,0.04577338695526123
R0_base_handsout,bottle_cupnoodles_shelf,0,all,mse_at_horizon_idx,29,0.048372283577919006
R0_base_handsout,bottle_cupnoodles_shelf,0,all,mse_at_horizon_idx,30,0.04586087167263031
R0_base_handsout,bottle_cupnoodles_shelf,0,all,mse_at_horizon_idx,31,0.046572331339120865
R0_base_handsout,bottle_cupnoodles_shelf,0,all,mse_at_horizon_idx,32,0.0451735258102417
R0_base_handsout,bottle_cupnoodles_shelf,0,all,mse_at_horizon_idx,33,0.045892100781202316
R0_base_handsout,bottle_cupnoodles_shelf,0,all,mse_at_horizon_idx,34,0.0478566475212574
R0_base_handsout,bottle_cupnoodles_shelf,0,all,mse_at_horizon_idx,35,0.04523782432079315
R0_base_handsout,bottle_cupnoodles_shelf,0,all,mse_at_horizon_idx,36,0.04621138796210289
R0_base_handsout,bottle_cupnoodles_shelf,0,all,mse_at_horizon_idx,37,0.04706285893917084
R0_base_handsout,bottle_cupnoodles_shelf,0,all,mse_at_horizon_idx,38,0.04711407795548439
R0_base_handsout,bottle_cupnoodles_shelf,0,all,mse_at_horizon_idx,39,0.04715776443481445
R0_base_handsout,cup_wipe_sponge_dryingrack,2,motion_token,mse,-1,0.05089138448238373
R0_base_handsout,cup_wipe_sponge_dryingrack,2,motion_token,mae,-1,0.18021267652511597
R0_base_handsout,cup_wipe_sponge_dryingrack,2,motion_token,normalized_mse,-1,16.741920471191406
R0_base_handsout,cup_wipe_sponge_dryingrack,2,motion_token,final_position_error,-1,1.579746127128601
R0_base_handsout,cup_wipe_sponge_dryingrack,2,motion_token,mean_squared_jerk_pred,-1,0.8421910405158997
R0_base_handsout,cup_wipe_sponge_dryingrack,2,motion_token,mean_squared_jerk_gt,-1,0.0009948730003088713
R0_base_handsout,cup_wipe_sponge_dryingrack,2,motion_token,jerk_ratio_pred_over_gt,-1,846.5312057462917
R0_base_handsout,cup_wipe_sponge_dryingrack,2,motion_token,chunk_boundary_discontinuity,-1,0.08580556511878967
R0_base_handsout,cup_wipe_sponge_dryingrack,2,motion_token,on_grid_fraction,-1,0.3481319188191882
R0_base_handsout,cup_wipe_sponge_dryingrack,2,motion_token,mse_proprio_ablated,-1,0.05112520977854729
R0_base_handsout,cup_wipe_sponge_dryingrack,2,motion_token,proprio_leakage_gap,-1,0.00023382529616355896
R0_base_handsout,cup_wipe_sponge_dryingrack,2,motion_token,mse_at_horizon_idx,0,0.051757875829935074
R0_base_handsout,cup_wipe_sponge_dryingrack,2,motion_token,mse_at_horizon_idx,1,0.04641105607151985
R0_base_handsout,cup_wipe_sponge_dryingrack,2,motion_token,mse_at_horizon_idx,2,0.05282974988222122
R0_base_handsout,cup_wipe_sponge_dryingrack,2,motion_token,mse_at_horizon_idx,3,0.0507793091237545
R0_base_handsout,cup_wipe_sponge_dryingrack,2,motion_token,mse_at_horizon_idx,4,0.050592076033353806
R0_base_handsout,cup_wipe_sponge_dryingrack,2,motion_token,mse_at_horizon_idx,5,0.046127788722515106
R0_base_handsout,cup_wipe_sponge_dryingrack,2,motion_token,mse_at_horizon_idx,6,0.052098989486694336
R0_base_handsout,cup_wipe_sponge_dryingrack,2,motion_token,mse_at_horizon_idx,7,0.053113121539354324
R0_base_handsout,cup_wipe_sponge_dryingrack,2,motion_token,mse_at_horizon_idx,8,0.05156559497117996
R0_base_handsout,cup_wipe_sponge_dryingrack,2,motion_token,mse_at_horizon_idx,9,0.05492499843239784
R0_base_handsout,cup_wipe_sponge_dryingrack,2,motion_token,mse_at_horizon_idx,10,0.049908582121133804
R0_base_handsout,cup_wipe_sponge_dryingrack,2,motion_token,mse_at_horizon_idx,11,0.0528404638171196
R0_base_handsout,cup_wipe_sponge_dryingrack,2,motion_token,mse_at_horizon_idx,12,0.05101167410612106
R0_base_handsout,cup_wipe_sponge_dryingrack,2,motion_token,mse_at_horizon_idx,13,0.04624670743942261
R0_base_handsout,cup_wipe_sponge_dryingrack,2,motion_token,mse_at_horizon_idx,14,0.051198530942201614
R0_base_handsout,cup_wipe_sponge_dryingrack,2,motion_token,mse_at_horizon_idx,15,0.05053064972162247
R0_base_handsout,cup_wipe_sponge_dryingrack,2,motion_token,mse_at_horizon_idx,16,0.04936889559030533
R0_base_handsout,cup_wipe_sponge_dryingrack,2,motion_token,mse_at_horizon_idx,17,0.051564790308475494
R0_base_handsout,cup_wipe_sponge_dryingrack,2,motion_token,mse_at_horizon_idx,18,0.05449693650007248
R0_base_handsout,cup_wipe_sponge_dryingrack,2,motion_token,mse_at_horizon_idx,19,0.05276445299386978
R0_base_handsout,cup_wipe_sponge_dryingrack,2,motion_token,mse_at_horizon_idx,20,0.049764782190322876
R0_base_handsout,cup_wipe_sponge_dryingrack,2,motion_token,mse_at_horizon_idx,21,0.051315825432538986
R0_base_handsout,cup_wipe_sponge_dryingrack,2,motion_token,mse_at_horizon_idx,22,0.05326893925666809
R0_base_handsout,cup_wipe_sponge_dryingrack,2,motion_token,mse_at_horizon_idx,23,0.05875130370259285
R0_base_handsout,cup_wipe_sponge_dryingrack,2,motion_token,mse_at_horizon_idx,24,0.04702245071530342
R0_base_handsout,cup_wipe_sponge_dryingrack,2,motion_token,mse_at_horizon_idx,25,0.0527411513030529
R0_base_handsout,cup_wipe_sponge_dryingrack,2,motion_token,mse_at_horizon_idx,26,0.050569094717502594
R0_base_handsout,cup_wipe_sponge_dryingrack,2,motion_token,mse_at_horizon_idx,27,0.047271884977817535
R0_base_handsout,cup_wipe_sponge_dryingrack,2,motion_token,mse_at_horizon_idx,28,0.056606777012348175
R0_base_handsout,cup_wipe_sponge_dryingrack,2,motion_token,mse_at_horizon_idx,29,0.04944109916687012
R0_base_handsout,cup_wipe_sponge_dryingrack,2,motion_token,mse_at_horizon_idx,30,0.04886908084154129
R0_base_handsout,cup_wipe_sponge_dryingrack,2,motion_token,mse_at_horizon_idx,31,0.0485987588763237
R0_base_handsout,cup_wipe_sponge_dryingrack,2,motion_token,mse_at_horizon_idx,32,0.050121016800403595
R0_base_handsout,cup_wipe_sponge_dryingrack,2,motion_token,mse_at_horizon_idx,33,0.05210111290216446
R0_base_handsout,cup_wipe_sponge_dryingrack,2,motion_token,mse_at_horizon_idx,34,0.04694528132677078
R0_base_handsout,cup_wipe_sponge_dryingrack,2,motion_token,mse_at_horizon_idx,35,0.052785538136959076
R0_base_handsout,cup_wipe_sponge_dryingrack,2,motion_token,mse_at_horizon_idx,36,0.048394933342933655
R0_base_handsout,cup_wipe_sponge_dryingrack,2,motion_token,mse_at_horizon_idx,37,0.050207626074552536
R0_base_handsout,cup_wipe_sponge_dryingrack,2,motion_token,mse_at_horizon_idx,38,0.048436377197504044
R0_base_handsout,cup_wipe_sponge_dryingrack,2,motion_token,mse_at_horizon_idx,39,0.05219128727912903
R0_base_handsout,cup_wipe_sponge_dryingrack,2,left_hand_joints,mse,-1,0.0
R0_base_handsout,cup_wipe_sponge_dryingrack,2,left_hand_joints,mae,-1,0.0
R0_base_handsout,cup_wipe_sponge_dryingrack,2,left_hand_joints,normalized_mse,-1,
R0_base_handsout,cup_wipe_sponge_dryingrack,2,left_hand_joints,final_position_error,-1,0.0
R0_base_handsout,cup_wipe_sponge_dryingrack,2,left_hand_joints,mean_squared_jerk_pred,-1,0.0
R0_base_handsout,cup_wipe_sponge_dryingrack,2,left_hand_joints,mean_squared_jerk_gt,-1,0.0
R0_base_handsout,cup_wipe_sponge_dryingrack,2,left_hand_joints,jerk_ratio_pred_over_gt,-1,
R0_base_handsout,cup_wipe_sponge_dryingrack,2,left_hand_joints,chunk_boundary_discontinuity,-1,0.0
R0_base_handsout,cup_wipe_sponge_dryingrack,2,left_hand_joints,mse_proprio_ablated,-1,0.0
R0_base_handsout,cup_wipe_sponge_dryingrack,2,left_hand_joints,proprio_leakage_gap,-1,0.0
R0_base_handsout,cup_wipe_sponge_dryingrack,2,left_hand_joints,mse_at_horizon_idx,0,0.0
R0_base_handsout,cup_wipe_sponge_dryingrack,2,left_hand_joints,mse_at_horizon_idx,1,0.0
R0_base_handsout,cup_wipe_sponge_dryingrack,2,left_hand_joints,mse_at_horizon_idx,2,0.0
R0_base_handsout,cup_wipe_sponge_dryingrack,2,left_hand_joints,mse_at_horizon_idx,3,0.0
R0_base_handsout,cup_wipe_sponge_dryingrack,2,left_hand_joints,mse_at_horizon_idx,4,0.0
R0_base_handsout,cup_wipe_sponge_dryingrack,2,left_hand_joints,mse_at_horizon_idx,5,0.0
R0_base_handsout,cup_wipe_sponge_dryingrack,2,left_hand_joints,mse_at_horizon_idx,6,0.0
R0_base_handsout,cup_wipe_sponge_dryingrack,2,left_hand_joints,mse_at_horizon_idx,7,0.0
R0_base_handsout,cup_wipe_sponge_dryingrack,2,left_hand_joints,mse_at_horizon_idx,8,0.0
R0_base_handsout,cup_wipe_sponge_dryingrack,2,left_hand_joints,mse_at_horizon_idx,9,0.0
R0_base_handsout,cup_wipe_sponge_dryingrack,2,left_hand_joints,mse_at_horizon_idx,10,0.0
R0_base_handsout,cup_wipe_sponge_dryingrack,2,left_hand_joints,mse_at_horizon_idx,11,0.0
R0_base_handsout,cup_wipe_sponge_dryingrack,2,left_hand_joints,mse_at_horizon_idx,12,0.0
R0_base_handsout,cup_wipe_sponge_dryingrack,2,left_hand_joints,mse_at_horizon_idx,13,0.0
R0_base_handsout,cup_wipe_sponge_dryingrack,2,left_hand_joints,mse_at_horizon_idx,14,0.0
R0_base_handsout,cup_wipe_sponge_dryingrack,2,left_hand_joints,mse_at_horizon_idx,15,0.0
R0_base_handsout,cup_wipe_sponge_dryingrack,2,left_hand_joints,mse_at_horizon_idx,16,0.0
R0_base_handsout,cup_wipe_sponge_dryingrack,2,left_hand_joints,mse_at_horizon_idx,17,0.0
R0_base_handsout,cup_wipe_sponge_dryingrack,2,left_hand_joints,mse_at_horizon_idx,18,0.0
R0_base_handsout,cup_wipe_sponge_dryingrack,2,left_hand_joints,mse_at_horizon_idx,19,0.0
R0_base_handsout,cup_wipe_sponge_dryingrack,2,left_hand_joints,mse_at_horizon_idx,20,0.0
R0_base_handsout,cup_wipe_sponge_dryingrack,2,left_hand_joints,mse_at_horizon_idx,21,0.0
R0_base_handsout,cup_wipe_sponge_dryingrack,2,left_hand_joints,mse_at_horizon_idx,22,0.0
R0_base_handsout,cup_wipe_sponge_dryingrack,2,left_hand_joints,mse_at_horizon_idx,23,0.0
R0_base_handsout,cup_wipe_sponge_dryingrack,2,left_hand_joints,mse_at_horizon_idx,24,0.0
R0_base_handsout,cup_wipe_sponge_dryingrack,2,left_hand_joints,mse_at_horizon_idx,25,0.0
R0_base_handsout,cup_wipe_sponge_dryingrack,2,left_hand_joints,mse_at_horizon_idx,26,0.0
R0_base_handsout,cup_wipe_sponge_dryingrack,2,left_hand_joints,mse_at_horizon_idx,27,0.0
R0_base_handsout,cup_wipe_sponge_dryingrack,2,left_hand_joints,mse_at_horizon_idx,28,0.0
R0_base_handsout,cup_wipe_sponge_dryingrack,2,left_hand_joints,mse_at_horizon_idx,29,0.0
R0_base_handsout,cup_wipe_sponge_dryingrack,2,left_hand_joints,mse_at_horizon_idx,30,0.0
R0_base_handsout,cup_wipe_sponge_dryingrack,2,left_hand_joints,mse_at_horizon_idx,31,0.0
R0_base_handsout,cup_wipe_sponge_dryingrack,2,left_hand_joints,mse_at_horizon_idx,32,0.0
R0_base_handsout,cup_wipe_sponge_dryingrack,2,left_hand_joints,mse_at_horizon_idx,33,0.0
R0_base_handsout,cup_wipe_sponge_dryingrack,2,left_hand_joints,mse_at_horizon_idx,34,0.0
R0_base_handsout,cup_wipe_sponge_dryingrack,2,left_hand_joints,mse_at_horizon_idx,35,0.0
R0_base_handsout,cup_wipe_sponge_dryingrack,2,left_hand_joints,mse_at_horizon_idx,36,0.0
R0_base_handsout,cup_wipe_sponge_dryingrack,2,left_hand_joints,mse_at_horizon_idx,37,0.0
R0_base_handsout,cup_wipe_sponge_dryingrack,2,left_hand_joints,mse_at_horizon_idx,38,0.0
R0_base_handsout,cup_wipe_sponge_dryingrack,2,left_hand_joints,mse_at_horizon_idx,39,0.0
R0_base_handsout,cup_wipe_sponge_dryingrack,2,left_hand_joints,grasp_precision,-1,
R0_base_handsout,cup_wipe_sponge_dryingrack,2,left_hand_joints,grasp_recall,-1,
R0_base_handsout,cup_wipe_sponge_dryingrack,2,left_hand_joints,grasp_f1,-1,
R0_base_handsout,cup_wipe_sponge_dryingrack,2,left_hand_joints,grasp_n_gt_events,-1,0.0
R0_base_handsout,cup_wipe_sponge_dryingrack,2,left_hand_joints,grasp_n_pred_events,-1,0.0
R0_base_handsout,cup_wipe_sponge_dryingrack,2,left_hand_joints,grasp_onset_timing_error_signed_steps,-1,
R0_base_handsout,cup_wipe_sponge_dryingrack,2,left_hand_joints,grasp_spurious_transitions,-1,0.0
R0_base_handsout,cup_wipe_sponge_dryingrack,2,right_hand_joints,mse,-1,0.0
R0_base_handsout,cup_wipe_sponge_dryingrack,2,right_hand_joints,mae,-1,0.0
R0_base_handsout,cup_wipe_sponge_dryingrack,2,right_hand_joints,normalized_mse,-1,
R0_base_handsout,cup_wipe_sponge_dryingrack,2,right_hand_joints,final_position_error,-1,0.0
R0_base_handsout,cup_wipe_sponge_dryingrack,2,right_hand_joints,mean_squared_jerk_pred,-1,0.0
R0_base_handsout,cup_wipe_sponge_dryingrack,2,right_hand_joints,mean_squared_jerk_gt,-1,0.0
R0_base_handsout,cup_wipe_sponge_dryingrack,2,right_hand_joints,jerk_ratio_pred_over_gt,-1,
R0_base_handsout,cup_wipe_sponge_dryingrack,2,right_hand_joints,chunk_boundary_discontinuity,-1,0.0
R0_base_handsout,cup_wipe_sponge_dryingrack,2,right_hand_joints,mse_proprio_ablated,-1,0.0
R0_base_handsout,cup_wipe_sponge_dryingrack,2,right_hand_joints,proprio_leakage_gap,-1,0.0
R0_base_handsout,cup_wipe_sponge_dryingrack,2,right_hand_joints,mse_at_horizon_idx,0,0.0
R0_base_handsout,cup_wipe_sponge_dryingrack,2,right_hand_joints,mse_at_horizon_idx,1,0.0
R0_base_handsout,cup_wipe_sponge_dryingrack,2,right_hand_joints,mse_at_horizon_idx,2,0.0
R0_base_handsout,cup_wipe_sponge_dryingrack,2,right_hand_joints,mse_at_horizon_idx,3,0.0
R0_base_handsout,cup_wipe_sponge_dryingrack,2,right_hand_joints,mse_at_horizon_idx,4,0.0
R0_base_handsout,cup_wipe_sponge_dryingrack,2,right_hand_joints,mse_at_horizon_idx,5,0.0
R0_base_handsout,cup_wipe_sponge_dryingrack,2,right_hand_joints,mse_at_horizon_idx,6,0.0
R0_base_handsout,cup_wipe_sponge_dryingrack,2,right_hand_joints,mse_at_horizon_idx,7,0.0
R0_base_handsout,cup_wipe_sponge_dryingrack,2,right_hand_joints,mse_at_horizon_idx,8,0.0
R0_base_handsout,cup_wipe_sponge_dryingrack,2,right_hand_joints,mse_at_horizon_idx,9,0.0
R0_base_handsout,cup_wipe_sponge_dryingrack,2,right_hand_joints,mse_at_horizon_idx,10,0.0
R0_base_handsout,cup_wipe_sponge_dryingrack,2,right_hand_joints,mse_at_horizon_idx,11,0.0
R0_base_handsout,cup_wipe_sponge_dryingrack,2,right_hand_joints,mse_at_horizon_idx,12,0.0
R0_base_handsout,cup_wipe_sponge_dryingrack,2,right_hand_joints,mse_at_horizon_idx,13,0.0
R0_base_handsout,cup_wipe_sponge_dryingrack,2,right_hand_joints,mse_at_horizon_idx,14,0.0
R0_base_handsout,cup_wipe_sponge_dryingrack,2,right_hand_joints,mse_at_horizon_idx,15,0.0
R0_base_handsout,cup_wipe_sponge_dryingrack,2,right_hand_joints,mse_at_horizon_idx,16,0.0
R0_base_handsout,cup_wipe_sponge_dryingrack,2,right_hand_joints,mse_at_horizon_idx,17,0.0
R0_base_handsout,cup_wipe_sponge_dryingrack,2,right_hand_joints,mse_at_horizon_idx,18,0.0
R0_base_handsout,cup_wipe_sponge_dryingrack,2,right_hand_joints,mse_at_horizon_idx,19,0.0
R0_base_handsout,cup_wipe_sponge_dryingrack,2,right_hand_joints,mse_at_horizon_idx,20,0.0
R0_base_handsout,cup_wipe_sponge_dryingrack,2,right_hand_joints,mse_at_horizon_idx,21,0.0
R0_base_handsout,cup_wipe_sponge_dryingrack,2,right_hand_joints,mse_at_horizon_idx,22,0.0
R0_base_handsout,cup_wipe_sponge_dryingrack,2,right_hand_joints,mse_at_horizon_idx,23,0.0
R0_base_handsout,cup_wipe_sponge_dryingrack,2,right_hand_joints,mse_at_horizon_idx,24,0.0
R0_base_handsout,cup_wipe_sponge_dryingrack,2,right_hand_joints,mse_at_horizon_idx,25,0.0
R0_base_handsout,cup_wipe_sponge_dryingrack,2,right_hand_joints,mse_at_horizon_idx,26,0.0
R0_base_handsout,cup_wipe_sponge_dryingrack,2,right_hand_joints,mse_at_horizon_idx,27,0.0
R0_base_handsout,cup_wipe_sponge_dryingrack,2,right_hand_joints,mse_at_horizon_idx,28,0.0
R0_base_handsout,cup_wipe_sponge_dryingrack,2,right_hand_joints,mse_at_horizon_idx,29,0.0
R0_base_handsout,cup_wipe_sponge_dryingrack,2,right_hand_joints,mse_at_horizon_idx,30,0.0
R0_base_handsout,cup_wipe_sponge_dryingrack,2,right_hand_joints,mse_at_horizon_idx,31,0.0
R0_base_handsout,cup_wipe_sponge_dryingrack,2,right_hand_joints,mse_at_horizon_idx,32,0.0
R0_base_handsout,cup_wipe_sponge_dryingrack,2,right_hand_joints,mse_at_horizon_idx,33,0.0
R0_base_handsout,cup_wipe_sponge_dryingrack,2,right_hand_joints,mse_at_horizon_idx,34,0.0
R0_base_handsout,cup_wipe_sponge_dryingrack,2,right_hand_joints,mse_at_horizon_idx,35,0.0
R0_base_handsout,cup_wipe_sponge_dryingrack,2,right_hand_joints,mse_at_horizon_idx,36,0.0
R0_base_handsout,cup_wipe_sponge_dryingrack,2,right_hand_joints,mse_at_horizon_idx,37,0.0
R0_base_handsout,cup_wipe_sponge_dryingrack,2,right_hand_joints,mse_at_horizon_idx,38,0.0
R0_base_handsout,cup_wipe_sponge_dryingrack,2,right_hand_joints,mse_at_horizon_idx,39,0.0
R0_base_handsout,cup_wipe_sponge_dryingrack,2,right_hand_joints,grasp_precision,-1,
R0_base_handsout,cup_wipe_sponge_dryingrack,2,right_hand_joints,grasp_recall,-1,
R0_base_handsout,cup_wipe_sponge_dryingrack,2,right_hand_joints,grasp_f1,-1,
R0_base_handsout,cup_wipe_sponge_dryingrack,2,right_hand_joints,grasp_n_gt_events,-1,0.0
R0_base_handsout,cup_wipe_sponge_dryingrack,2,right_hand_joints,grasp_n_pred_events,-1,0.0
R0_base_handsout,cup_wipe_sponge_dryingrack,2,right_hand_joints,grasp_onset_timing_error_signed_steps,-1,
R0_base_handsout,cup_wipe_sponge_dryingrack,2,right_hand_joints,grasp_spurious_transitions,-1,0.0
R0_base_handsout,cup_wipe_sponge_dryingrack,2,all,mse,-1,0.04175702854990959
R0_base_handsout,cup_wipe_sponge_dryingrack,2,all,mae,-1,0.14786680042743683
R0_base_handsout,cup_wipe_sponge_dryingrack,2,all,normalized_mse,-1,16.741920471191406
R0_base_handsout,cup_wipe_sponge_dryingrack,2,all,final_position_error,-1,1.579746127128601
R0_base_handsout,cup_wipe_sponge_dryingrack,2,all,mean_squared_jerk_pred,-1,0.6910285949707031
R0_base_handsout,cup_wipe_sponge_dryingrack,2,all,mean_squared_jerk_gt,-1,0.0008163060992956161
R0_base_handsout,cup_wipe_sponge_dryingrack,2,all,jerk_ratio_pred_over_gt,-1,846.5312161295695
R0_base_handsout,cup_wipe_sponge_dryingrack,2,all,chunk_boundary_discontinuity,-1,0.07040457427501678
R0_base_handsout,cup_wipe_sponge_dryingrack,2,all,mse_proprio_ablated,-1,0.041948895901441574
R0_base_handsout,cup_wipe_sponge_dryingrack,2,all,proprio_leakage_gap,-1,0.00019186735153198242
R0_base_handsout,cup_wipe_sponge_dryingrack,2,all,mse_at_horizon_idx,0,0.04246800020337105
R0_base_handsout,cup_wipe_sponge_dryingrack,2,all,mse_at_horizon_idx,1,0.03808086737990379
R0_base_handsout,cup_wipe_sponge_dryingrack,2,all,mse_at_horizon_idx,2,0.04334748536348343
R0_base_handsout,cup_wipe_sponge_dryingrack,2,all,mse_at_horizon_idx,3,0.04166506975889206
R0_base_handsout,cup_wipe_sponge_dryingrack,2,all,mse_at_horizon_idx,4,0.04151144251227379
R0_base_handsout,cup_wipe_sponge_dryingrack,2,all,mse_at_horizon_idx,5,0.037848442792892456
R0_base_handsout,cup_wipe_sponge_dryingrack,2,all,mse_at_horizon_idx,6,0.04274788498878479
R0_base_handsout,cup_wipe_sponge_dryingrack,2,all,mse_at_horizon_idx,7,0.04357999935746193
R0_base_handsout,cup_wipe_sponge_dryingrack,2,all,mse_at_horizon_idx,8,0.04231023043394089
R0_base_handsout,cup_wipe_sponge_dryingrack,2,all,mse_at_horizon_idx,9,0.04506666585803032
R0_base_handsout,cup_wipe_sponge_dryingrack,2,all,mse_at_horizon_idx,10,0.040950629860162735
R0_base_handsout,cup_wipe_sponge_dryingrack,2,all,mse_at_horizon_idx,11,0.0433562807738781
R0_base_handsout,cup_wipe_sponge_dryingrack,2,all,mse_at_horizon_idx,12,0.04185573756694794
R0_base_handsout,cup_wipe_sponge_dryingrack,2,all,mse_at_horizon_idx,13,0.03794601559638977
R0_base_handsout,cup_wipe_sponge_dryingrack,2,all,mse_at_horizon_idx,14,0.04200905188918114
R0_base_handsout,cup_wipe_sponge_dryingrack,2,all,mse_at_horizon_idx,15,0.0414610430598259
R0_base_handsout,cup_wipe_sponge_dryingrack,2,all,mse_at_horizon_idx,16,0.04050781577825546
R0_base_handsout,cup_wipe_sponge_dryingrack,2,all,mse_at_horizon_idx,17,0.04230957105755806
R0_base_handsout,cup_wipe_sponge_dryingrack,2,all,mse_at_horizon_idx,18,0.044715434312820435
R0_base_handsout,cup_wipe_sponge_dryingrack,2,all,mse_at_horizon_idx,19,0.04329391196370125
R0_base_handsout,cup_wipe_sponge_dryingrack,2,all,mse_at_horizon_idx,20,0.04083264246582985
R0_base_handsout,cup_wipe_sponge_dryingrack,2,all,mse_at_horizon_idx,21,0.0421052910387516
R0_base_handsout,cup_wipe_sponge_dryingrack,2,all,mse_at_horizon_idx,22,0.043707847595214844
R0_base_handsout,cup_wipe_sponge_dryingrack,2,all,mse_at_horizon_idx,23,0.04820619523525238
R0_base_handsout,cup_wipe_sponge_dryingrack,2,all,mse_at_horizon_idx,24,0.03858252614736557
R0_base_handsout,cup_wipe_sponge_dryingrack,2,all,mse_at_horizon_idx,25,0.04327479749917984
R0_base_handsout,cup_wipe_sponge_dryingrack,2,all,mse_at_horizon_idx,26,0.04149258881807327
R0_base_handsout,cup_wipe_sponge_dryingrack,2,all,mse_at_horizon_idx,27,0.03878718987107277
R0_base_handsout,cup_wipe_sponge_dryingrack,2,all,mse_at_horizon_idx,28,0.046446580439805984
R0_base_handsout,cup_wipe_sponge_dryingrack,2,all,mse_at_horizon_idx,29,0.0405670590698719
R0_base_handsout,cup_wipe_sponge_dryingrack,2,all,mse_at_horizon_idx,30,0.040097713470458984
R0_base_handsout,cup_wipe_sponge_dryingrack,2,all,mse_at_horizon_idx,31,0.039875902235507965
R0_base_handsout,cup_wipe_sponge_dryingrack,2,all,mse_at_horizon_idx,32,0.04112493246793747
R0_base_handsout,cup_wipe_sponge_dryingrack,2,all,mse_at_horizon_idx,33,0.04274963214993477
R0_base_handsout,cup_wipe_sponge_dryingrack,2,all,mse_at_horizon_idx,34,0.038519203662872314
R0_base_handsout,cup_wipe_sponge_dryingrack,2,all,mse_at_horizon_idx,35,0.043311212211847305
R0_base_handsout,cup_wipe_sponge_dryingrack,2,all,mse_at_horizon_idx,36,0.039708659052848816
R0_base_handsout,cup_wipe_sponge_dryingrack,2,all,mse_at_horizon_idx,37,0.04119599983096123
R0_base_handsout,cup_wipe_sponge_dryingrack,2,all,mse_at_horizon_idx,38,0.039742667227983475
R0_base_handsout,cup_wipe_sponge_dryingrack,2,all,mse_at_horizon_idx,39,0.04282362386584282
R0_base_handsout,floor_box_table,16,motion_token,mse,-1,0.06309719383716583
R0_base_handsout,floor_box_table,16,motion_token,mae,-1,0.19396021962165833
R0_base_handsout,floor_box_table,16,motion_token,normalized_mse,-1,4.629345417022705
R0_base_handsout,floor_box_table,16,motion_token,final_position_error,-1,1.7225340604782104
R0_base_handsout,floor_box_table,16,motion_token,mean_squared_jerk_pred,-1,0.8558376431465149
R0_base_handsout,floor_box_table,16,motion_token,mean_squared_jerk_gt,-1,0.001409223536029458
R0_base_handsout,floor_box_table,16,motion_token,jerk_ratio_pred_over_gt,-1,607.3114883944322
R0_base_handsout,floor_box_table,16,motion_token,chunk_boundary_discontinuity,-1,0.08677145838737488
R0_base_handsout,floor_box_table,16,motion_token,on_grid_fraction,-1,0.34538755458515286
R0_base_handsout,floor_box_table,16,motion_token,mse_proprio_ablated,-1,0.06370315700769424
R0_base_handsout,floor_box_table,16,motion_token,proprio_leakage_gap,-1,0.0006059631705284119
R0_base_handsout,floor_box_table,16,motion_token,mse_at_horizon_idx,0,0.06783213466405869
R0_base_handsout,floor_box_table,16,motion_token,mse_at_horizon_idx,1,0.06627039611339569
R0_base_handsout,floor_box_table,16,motion_token,mse_at_horizon_idx,2,0.06309068948030472
R0_base_handsout,floor_box_table,16,motion_token,mse_at_horizon_idx,3,0.05909554287791252
R0_base_handsout,floor_box_table,16,motion_token,mse_at_horizon_idx,4,0.06344514340162277
R0_base_handsout,floor_box_table,16,motion_token,mse_at_horizon_idx,5,0.06123880669474602
R0_base_handsout,floor_box_table,16,motion_token,mse_at_horizon_idx,6,0.06468337774276733
R0_base_handsout,floor_box_table,16,motion_token,mse_at_horizon_idx,7,0.06438971310853958
R0_base_handsout,floor_box_table,16,motion_token,mse_at_horizon_idx,8,0.060698483139276505
R0_base_handsout,floor_box_table,16,motion_token,mse_at_horizon_idx,9,0.06354561448097229
R0_base_handsout,floor_box_table,16,motion_token,mse_at_horizon_idx,10,0.06571544706821442
R0_base_handsout,floor_box_table,16,motion_token,mse_at_horizon_idx,11,0.062340471893548965
R0_base_handsout,floor_box_table,16,motion_token,mse_at_horizon_idx,12,0.06457579880952835
R0_base_handsout,floor_box_table,16,motion_token,mse_at_horizon_idx,13,0.06694912165403366
R0_base_handsout,floor_box_table,16,motion_token,mse_at_horizon_idx,14,0.06039322540163994
R0_base_handsout,floor_box_table,16,motion_token,mse_at_horizon_idx,15,0.060228705406188965
R0_base_handsout,floor_box_table,16,motion_token,mse_at_horizon_idx,16,0.0603669099509716
R0_base_handsout,floor_box_table,16,motion_token,mse_at_horizon_idx,17,0.060172878205776215
R0_base_handsout,floor_box_table,16,motion_token,mse_at_horizon_idx,18,0.0687779113650322
R0_base_handsout,floor_box_table,16,motion_token,mse_at_horizon_idx,19,0.06709875911474228
R0_base_handsout,floor_box_table,16,motion_token,mse_at_horizon_idx,20,0.06047014147043228
R0_base_handsout,floor_box_table,16,motion_token,mse_at_horizon_idx,21,0.06400320678949356
R0_base_handsout,floor_box_table,16,motion_token,mse_at_horizon_idx,22,0.06107322499155998
R0_base_handsout,floor_box_table,16,motion_token,mse_at_horizon_idx,23,0.06028905510902405
R0_base_handsout,floor_box_table,16,motion_token,mse_at_horizon_idx,24,0.06308559328317642
R0_base_handsout,floor_box_table,16,motion_token,mse_at_horizon_idx,25,0.06402509659528732
R0_base_handsout,floor_box_table,16,motion_token,mse_at_horizon_idx,26,0.06188933923840523
R0_base_handsout,floor_box_table,16,motion_token,mse_at_horizon_idx,27,0.06625919044017792
R0_base_handsout,floor_box_table,16,motion_token,mse_at_horizon_idx,28,0.06683045625686646
R0_base_handsout,floor_box_table,16,motion_token,mse_at_horizon_idx,29,0.0572497695684433
R0_base_handsout,floor_box_table,16,motion_token,mse_at_horizon_idx,30,0.06648894399404526
R0_base_handsout,floor_box_table,16,motion_token,mse_at_horizon_idx,31,0.06230631098151207
R0_base_handsout,floor_box_table,16,motion_token,mse_at_horizon_idx,32,0.06241952255368233
R0_base_handsout,floor_box_table,16,motion_token,mse_at_horizon_idx,33,0.059935592114925385
R0_base_handsout,floor_box_table,16,motion_token,mse_at_horizon_idx,34,0.05998896434903145
R0_base_handsout,floor_box_table,16,motion_token,mse_at_horizon_idx,35,0.06018347665667534
R0_base_handsout,floor_box_table,16,motion_token,mse_at_horizon_idx,36,0.06655850261449814
R0_base_handsout,floor_box_table,16,motion_token,mse_at_horizon_idx,37,0.06579990684986115
R0_base_handsout,floor_box_table,16,motion_token,mse_at_horizon_idx,38,0.059068463742733
R0_base_handsout,floor_box_table,16,motion_token,mse_at_horizon_idx,39,0.0652398094534874
R0_base_handsout,floor_box_table,16,left_hand_joints,mse,-1,0.0
R0_base_handsout,floor_box_table,16,left_hand_joints,mae,-1,0.0
R0_base_handsout,floor_box_table,16,left_hand_joints,normalized_mse,-1,
R0_base_handsout,floor_box_table,16,left_hand_joints,final_position_error,-1,0.0
R0_base_handsout,floor_box_table,16,left_hand_joints,mean_squared_jerk_pred,-1,0.0
R0_base_handsout,floor_box_table,16,left_hand_joints,mean_squared_jerk_gt,-1,0.0
R0_base_handsout,floor_box_table,16,left_hand_joints,jerk_ratio_pred_over_gt,-1,
R0_base_handsout,floor_box_table,16,left_hand_joints,chunk_boundary_discontinuity,-1,0.0
R0_base_handsout,floor_box_table,16,left_hand_joints,mse_proprio_ablated,-1,0.0
R0_base_handsout,floor_box_table,16,left_hand_joints,proprio_leakage_gap,-1,0.0
R0_base_handsout,floor_box_table,16,left_hand_joints,mse_at_horizon_idx,0,0.0
R0_base_handsout,floor_box_table,16,left_hand_joints,mse_at_horizon_idx,1,0.0
R0_base_handsout,floor_box_table,16,left_hand_joints,mse_at_horizon_idx,2,0.0
R0_base_handsout,floor_box_table,16,left_hand_joints,mse_at_horizon_idx,3,0.0
R0_base_handsout,floor_box_table,16,left_hand_joints,mse_at_horizon_idx,4,0.0
R0_base_handsout,floor_box_table,16,left_hand_joints,mse_at_horizon_idx,5,0.0
R0_base_handsout,floor_box_table,16,left_hand_joints,mse_at_horizon_idx,6,0.0
R0_base_handsout,floor_box_table,16,left_hand_joints,mse_at_horizon_idx,7,0.0
R0_base_handsout,floor_box_table,16,left_hand_joints,mse_at_horizon_idx,8,0.0
R0_base_handsout,floor_box_table,16,left_hand_joints,mse_at_horizon_idx,9,0.0
R0_base_handsout,floor_box_table,16,left_hand_joints,mse_at_horizon_idx,10,0.0
R0_base_handsout,floor_box_table,16,left_hand_joints,mse_at_horizon_idx,11,0.0
R0_base_handsout,floor_box_table,16,left_hand_joints,mse_at_horizon_idx,12,0.0
R0_base_handsout,floor_box_table,16,left_hand_joints,mse_at_horizon_idx,13,0.0
R0_base_handsout,floor_box_table,16,left_hand_joints,mse_at_horizon_idx,14,0.0
R0_base_handsout,floor_box_table,16,left_hand_joints,mse_at_horizon_idx,15,0.0
R0_base_handsout,floor_box_table,16,left_hand_joints,mse_at_horizon_idx,16,0.0
R0_base_handsout,floor_box_table,16,left_hand_joints,mse_at_horizon_idx,17,0.0
R0_base_handsout,floor_box_table,16,left_hand_joints,mse_at_horizon_idx,18,0.0
R0_base_handsout,floor_box_table,16,left_hand_joints,mse_at_horizon_idx,19,0.0
R0_base_handsout,floor_box_table,16,left_hand_joints,mse_at_horizon_idx,20,0.0
R0_base_handsout,floor_box_table,16,left_hand_joints,mse_at_horizon_idx,21,0.0
R0_base_handsout,floor_box_table,16,left_hand_joints,mse_at_horizon_idx,22,0.0
R0_base_handsout,floor_box_table,16,left_hand_joints,mse_at_horizon_idx,23,0.0
R0_base_handsout,floor_box_table,16,left_hand_joints,mse_at_horizon_idx,24,0.0
R0_base_handsout,floor_box_table,16,left_hand_joints,mse_at_horizon_idx,25,0.0
R0_base_handsout,floor_box_table,16,left_hand_joints,mse_at_horizon_idx,26,0.0
R0_base_handsout,floor_box_table,16,left_hand_joints,mse_at_horizon_idx,27,0.0
R0_base_handsout,floor_box_table,16,left_hand_joints,mse_at_horizon_idx,28,0.0
R0_base_handsout,floor_box_table,16,left_hand_joints,mse_at_horizon_idx,29,0.0
R0_base_handsout,floor_box_table,16,left_hand_joints,mse_at_horizon_idx,30,0.0
R0_base_handsout,floor_box_table,16,left_hand_joints,mse_at_horizon_idx,31,0.0
R0_base_handsout,floor_box_table,16,left_hand_joints,mse_at_horizon_idx,32,0.0
R0_base_handsout,floor_box_table,16,left_hand_joints,mse_at_horizon_idx,33,0.0
R0_base_handsout,floor_box_table,16,left_hand_joints,mse_at_horizon_idx,34,0.0
R0_base_handsout,floor_box_table,16,left_hand_joints,mse_at_horizon_idx,35,0.0
R0_base_handsout,floor_box_table,16,left_hand_joints,mse_at_horizon_idx,36,0.0
R0_base_handsout,floor_box_table,16,left_hand_joints,mse_at_horizon_idx,37,0.0
R0_base_handsout,floor_box_table,16,left_hand_joints,mse_at_horizon_idx,38,0.0
R0_base_handsout,floor_box_table,16,left_hand_joints,mse_at_horizon_idx,39,0.0
R0_base_handsout,floor_box_table,16,left_hand_joints,grasp_precision,-1,
R0_base_handsout,floor_box_table,16,left_hand_joints,grasp_recall,-1,
R0_base_handsout,floor_box_table,16,left_hand_joints,grasp_f1,-1,
R0_base_handsout,floor_box_table,16,left_hand_joints,grasp_n_gt_events,-1,0.0
R0_base_handsout,floor_box_table,16,left_hand_joints,grasp_n_pred_events,-1,0.0
R0_base_handsout,floor_box_table,16,left_hand_joints,grasp_onset_timing_error_signed_steps,-1,
R0_base_handsout,floor_box_table,16,left_hand_joints,grasp_spurious_transitions,-1,0.0
R0_base_handsout,floor_box_table,16,right_hand_joints,mse,-1,0.0
R0_base_handsout,floor_box_table,16,right_hand_joints,mae,-1,0.0
R0_base_handsout,floor_box_table,16,right_hand_joints,normalized_mse,-1,
R0_base_handsout,floor_box_table,16,right_hand_joints,final_position_error,-1,0.0
R0_base_handsout,floor_box_table,16,right_hand_joints,mean_squared_jerk_pred,-1,0.0
R0_base_handsout,floor_box_table,16,right_hand_joints,mean_squared_jerk_gt,-1,0.0
R0_base_handsout,floor_box_table,16,right_hand_joints,jerk_ratio_pred_over_gt,-1,
R0_base_handsout,floor_box_table,16,right_hand_joints,chunk_boundary_discontinuity,-1,0.0
R0_base_handsout,floor_box_table,16,right_hand_joints,mse_proprio_ablated,-1,0.0
R0_base_handsout,floor_box_table,16,right_hand_joints,proprio_leakage_gap,-1,0.0
R0_base_handsout,floor_box_table,16,right_hand_joints,mse_at_horizon_idx,0,0.0
R0_base_handsout,floor_box_table,16,right_hand_joints,mse_at_horizon_idx,1,0.0
R0_base_handsout,floor_box_table,16,right_hand_joints,mse_at_horizon_idx,2,0.0
R0_base_handsout,floor_box_table,16,right_hand_joints,mse_at_horizon_idx,3,0.0
R0_base_handsout,floor_box_table,16,right_hand_joints,mse_at_horizon_idx,4,0.0
R0_base_handsout,floor_box_table,16,right_hand_joints,mse_at_horizon_idx,5,0.0
R0_base_handsout,floor_box_table,16,right_hand_joints,mse_at_horizon_idx,6,0.0
R0_base_handsout,floor_box_table,16,right_hand_joints,mse_at_horizon_idx,7,0.0
R0_base_handsout,floor_box_table,16,right_hand_joints,mse_at_horizon_idx,8,0.0
R0_base_handsout,floor_box_table,16,right_hand_joints,mse_at_horizon_idx,9,0.0
R0_base_handsout,floor_box_table,16,right_hand_joints,mse_at_horizon_idx,10,0.0
R0_base_handsout,floor_box_table,16,right_hand_joints,mse_at_horizon_idx,11,0.0
R0_base_handsout,floor_box_table,16,right_hand_joints,mse_at_horizon_idx,12,0.0
R0_base_handsout,floor_box_table,16,right_hand_joints,mse_at_horizon_idx,13,0.0
R0_base_handsout,floor_box_table,16,right_hand_joints,mse_at_horizon_idx,14,0.0
R0_base_handsout,floor_box_table,16,right_hand_joints,mse_at_horizon_idx,15,0.0
R0_base_handsout,floor_box_table,16,right_hand_joints,mse_at_horizon_idx,16,0.0
R0_base_handsout,floor_box_table,16,right_hand_joints,mse_at_horizon_idx,17,0.0
R0_base_handsout,floor_box_table,16,right_hand_joints,mse_at_horizon_idx,18,0.0
R0_base_handsout,floor_box_table,16,right_hand_joints,mse_at_horizon_idx,19,0.0
R0_base_handsout,floor_box_table,16,right_hand_joints,mse_at_horizon_idx,20,0.0
R0_base_handsout,floor_box_table,16,right_hand_joints,mse_at_horizon_idx,21,0.0
R0_base_handsout,floor_box_table,16,right_hand_joints,mse_at_horizon_idx,22,0.0
R0_base_handsout,floor_box_table,16,right_hand_joints,mse_at_horizon_idx,23,0.0
R0_base_handsout,floor_box_table,16,right_hand_joints,mse_at_horizon_idx,24,0.0
R0_base_handsout,floor_box_table,16,right_hand_joints,mse_at_horizon_idx,25,0.0
R0_base_handsout,floor_box_table,16,right_hand_joints,mse_at_horizon_idx,26,0.0
R0_base_handsout,floor_box_table,16,right_hand_joints,mse_at_horizon_idx,27,0.0
R0_base_handsout,floor_box_table,16,right_hand_joints,mse_at_horizon_idx,28,0.0
R0_base_handsout,floor_box_table,16,right_hand_joints,mse_at_horizon_idx,29,0.0
R0_base_handsout,floor_box_table,16,right_hand_joints,mse_at_horizon_idx,30,0.0
R0_base_handsout,floor_box_table,16,right_hand_joints,mse_at_horizon_idx,31,0.0
R0_base_handsout,floor_box_table,16,right_hand_joints,mse_at_horizon_idx,32,0.0
R0_base_handsout,floor_box_table,16,right_hand_joints,mse_at_horizon_idx,33,0.0
R0_base_handsout,floor_box_table,16,right_hand_joints,mse_at_horizon_idx,34,0.0
R0_base_handsout,floor_box_table,16,right_hand_joints,mse_at_horizon_idx,35,0.0
R0_base_handsout,floor_box_table,16,right_hand_joints,mse_at_horizon_idx,36,0.0
R0_base_handsout,floor_box_table,16,right_hand_joints,mse_at_horizon_idx,37,0.0
R0_base_handsout,floor_box_table,16,right_hand_joints,mse_at_horizon_idx,38,0.0
R0_base_handsout,floor_box_table,16,right_hand_joints,mse_at_horizon_idx,39,0.0
R0_base_handsout,floor_box_table,16,right_hand_joints,grasp_precision,-1,
R0_base_handsout,floor_box_table,16,right_hand_joints,grasp_recall,-1,
R0_base_handsout,floor_box_table,16,right_hand_joints,grasp_f1,-1,
R0_base_handsout,floor_box_table,16,right_hand_joints,grasp_n_gt_events,-1,0.0
R0_base_handsout,floor_box_table,16,right_hand_joints,grasp_n_pred_events,-1,0.0
R0_base_handsout,floor_box_table,16,right_hand_joints,grasp_onset_timing_error_signed_steps,-1,
R0_base_handsout,floor_box_table,16,right_hand_joints,grasp_spurious_transitions,-1,0.0
R0_base_handsout,floor_box_table,16,all,mse,-1,0.05177205801010132
R0_base_handsout,floor_box_table,16,all,mae,-1,0.15914683043956757
R0_base_handsout,floor_box_table,16,all,normalized_mse,-1,4.629345417022705
R0_base_handsout,floor_box_table,16,all,final_position_error,-1,1.7225340604782104
R0_base_handsout,floor_box_table,16,all,mean_squared_jerk_pred,-1,0.7022258043289185
R0_base_handsout,floor_box_table,16,all,mean_squared_jerk_gt,-1,0.0011562859872356057
R0_base_handsout,floor_box_table,16,all,jerk_ratio_pred_over_gt,-1,607.3115233436038
R0_base_handsout,floor_box_table,16,all,chunk_boundary_discontinuity,-1,0.07119709998369217
R0_base_handsout,floor_box_table,16,all,mse_proprio_ablated,-1,0.05226925387978554
R0_base_handsout,floor_box_table,16,all,proprio_leakage_gap,-1,0.0004971958696842194
R0_base_handsout,floor_box_table,16,all,mse_at_horizon_idx,0,0.05565713718533516
R0_base_handsout,floor_box_table,16,all,mse_at_horizon_idx,1,0.05437570437788963
R0_base_handsout,floor_box_table,16,all,mse_at_horizon_idx,2,0.05176672339439392
R0_base_handsout,floor_box_table,16,all,mse_at_horizon_idx,3,0.04848865792155266
R0_base_handsout,floor_box_table,16,all,mse_at_horizon_idx,4,0.05205755680799484
R0_base_handsout,floor_box_table,16,all,mse_at_horizon_idx,5,0.05024722218513489
R0_base_handsout,floor_box_table,16,all,mse_at_horizon_idx,6,0.05307353660464287
R0_base_handsout,floor_box_table,16,all,mse_at_horizon_idx,7,0.05283259227871895
R0_base_handsout,floor_box_table,16,all,mse_at_horizon_idx,8,0.04980388283729553
R0_base_handsout,floor_box_table,16,all,mse_at_horizon_idx,9,0.052139993757009506
R0_base_handsout,floor_box_table,16,all,mse_at_horizon_idx,10,0.05392036214470863
R0_base_handsout,floor_box_table,16,all,mse_at_horizon_idx,11,0.05115116760134697
R0_base_handsout,floor_box_table,16,all,mse_at_horizon_idx,12,0.05298526957631111
R0_base_handsout,floor_box_table,16,all,mse_at_horizon_idx,13,0.0549326092004776
R0_base_handsout,floor_box_table,16,all,mse_at_horizon_idx,14,0.049553416669368744
R0_base_handsout,floor_box_table,16,all,mse_at_horizon_idx,15,0.04941841959953308
R0_base_handsout,floor_box_table,16,all,mse_at_horizon_idx,16,0.04953182861208916
R0_base_handsout,floor_box_table,16,all,mse_at_horizon_idx,17,0.04937261715531349
R0_base_handsout,floor_box_table,16,all,mse_at_horizon_idx,18,0.056433163583278656
R0_base_handsout,floor_box_table,16,all,mse_at_horizon_idx,19,0.055055391043424606
R0_base_handsout,floor_box_table,16,all,mse_at_horizon_idx,20,0.04961652681231499
R0_base_handsout,floor_box_table,16,all,mse_at_horizon_idx,21,0.05251546576619148
R0_base_handsout,floor_box_table,16,all,mse_at_horizon_idx,22,0.05011136457324028
R0_base_handsout,floor_box_table,16,all,mse_at_horizon_idx,23,0.04946795105934143
R0_base_handsout,floor_box_table,16,all,mse_at_horizon_idx,24,0.05176253244280815
R0_base_handsout,floor_box_table,16,all,mse_at_horizon_idx,25,0.052533410489559174
R0_base_handsout,floor_box_table,16,all,mse_at_horizon_idx,26,0.05078098922967911
R0_base_handsout,floor_box_table,16,all,mse_at_horizon_idx,27,0.05436651036143303
R0_base_handsout,floor_box_table,16,all,mse_at_horizon_idx,28,0.054835252463817596
R0_base_handsout,floor_box_table,16,all,mse_at_horizon_idx,29,0.046974170953035355
R0_base_handsout,floor_box_table,16,all,mse_at_horizon_idx,30,0.05455503240227699
R0_base_handsout,floor_box_table,16,all,mse_at_horizon_idx,31,0.05112312734127045
R0_base_handsout,floor_box_table,16,all,mse_at_horizon_idx,32,0.051216010004282
R0_base_handsout,floor_box_table,16,all,mse_at_horizon_idx,33,0.04917791485786438
R0_base_handsout,floor_box_table,16,all,mse_at_horizon_idx,34,0.0492217130959034
R0_base_handsout,floor_box_table,16,all,mse_at_horizon_idx,35,0.0493813119828701
R0_base_handsout,floor_box_table,16,all,mse_at_horizon_idx,36,0.05461210012435913
R0_base_handsout,floor_box_table,16,all,mse_at_horizon_idx,37,0.053989674896001816
R0_base_handsout,floor_box_table,16,all,mse_at_horizon_idx,38,0.048466432839632034
R0_base_handsout,floor_box_table,16,all,mse_at_horizon_idx,39,0.053530097007751465
R1_handsout@D1,bottle_cupnoodles_shelf,0,motion_token,mse,-1,0.006762271746993065
R1_handsout@D1,bottle_cupnoodles_shelf,0,motion_token,mae,-1,0.06431157141923904
R1_handsout@D1,bottle_cupnoodles_shelf,0,motion_token,normalized_mse,-1,1.1210026741027832
R1_handsout@D1,bottle_cupnoodles_shelf,0,motion_token,final_position_error,-1,0.6002434492111206
R1_handsout@D1,bottle_cupnoodles_shelf,0,motion_token,mean_squared_jerk_pred,-1,0.0026904435362666845
R1_handsout@D1,bottle_cupnoodles_shelf,0,motion_token,mean_squared_jerk_gt,-1,0.0012229096610099077
R1_handsout@D1,bottle_cupnoodles_shelf,0,motion_token,jerk_ratio_pred_over_gt,-1,2.2000345749536825
R1_handsout@D1,bottle_cupnoodles_shelf,0,motion_token,chunk_boundary_discontinuity,-1,0.00011708968668244779
R1_handsout@D1,bottle_cupnoodles_shelf,0,motion_token,on_grid_fraction,-1,0.04154067291311755
R1_handsout@D1,bottle_cupnoodles_shelf,0,motion_token,mse_proprio_ablated,-1,0.00721953297033906
R1_handsout@D1,bottle_cupnoodles_shelf,0,motion_token,proprio_leakage_gap,-1,0.00045726122334599495
R1_handsout@D1,bottle_cupnoodles_shelf,0,motion_token,mse_at_horizon_idx,0,0.007242106832563877
R1_handsout@D1,bottle_cupnoodles_shelf,0,motion_token,mse_at_horizon_idx,1,0.007302563637495041
R1_handsout@D1,bottle_cupnoodles_shelf,0,motion_token,mse_at_horizon_idx,2,0.007430667988955975
R1_handsout@D1,bottle_cupnoodles_shelf,0,motion_token,mse_at_horizon_idx,3,0.005891209933906794
R1_handsout@D1,bottle_cupnoodles_shelf,0,motion_token,mse_at_horizon_idx,4,0.006077315658330917
R1_handsout@D1,bottle_cupnoodles_shelf,0,motion_token,mse_at_horizon_idx,5,0.00622660294175148
R1_handsout@D1,bottle_cupnoodles_shelf,0,motion_token,mse_at_horizon_idx,6,0.006471937522292137
R1_handsout@D1,bottle_cupnoodles_shelf,0,motion_token,mse_at_horizon_idx,7,0.00669433455914259
R1_handsout@D1,bottle_cupnoodles_shelf,0,motion_token,mse_at_horizon_idx,8,0.006829079706221819
R1_handsout@D1,bottle_cupnoodles_shelf,0,motion_token,mse_at_horizon_idx,9,0.00709996372461319
R1_handsout@D1,bottle_cupnoodles_shelf,0,motion_token,mse_at_horizon_idx,10,0.007316733710467815
R1_handsout@D1,bottle_cupnoodles_shelf,0,motion_token,mse_at_horizon_idx,11,0.00599183002486825
R1_handsout@D1,bottle_cupnoodles_shelf,0,motion_token,mse_at_horizon_idx,12,0.006177407223731279
R1_handsout@D1,bottle_cupnoodles_shelf,0,motion_token,mse_at_horizon_idx,13,0.006397935561835766
R1_handsout@D1,bottle_cupnoodles_shelf,0,motion_token,mse_at_horizon_idx,14,0.006608322262763977
R1_handsout@D1,bottle_cupnoodles_shelf,0,motion_token,mse_at_horizon_idx,15,0.006822737865149975
R1_handsout@D1,bottle_cupnoodles_shelf,0,motion_token,mse_at_horizon_idx,16,0.006967324297875166
R1_handsout@D1,bottle_cupnoodles_shelf,0,motion_token,mse_at_horizon_idx,17,0.007037417497485876
R1_handsout@D1,bottle_cupnoodles_shelf,0,motion_token,mse_at_horizon_idx,18,0.007098417729139328
R1_handsout@D1,bottle_cupnoodles_shelf,0,motion_token,mse_at_horizon_idx,19,0.006063154432922602
R1_handsout@D1,bottle_cupnoodles_shelf,0,motion_token,mse_at_horizon_idx,20,0.006236289627850056
R1_handsout@D1,bottle_cupnoodles_shelf,0,motion_token,mse_at_horizon_idx,21,0.006563870701938868
R1_handsout@D1,bottle_cupnoodles_shelf,0,motion_token,mse_at_horizon_idx,22,0.006770574953407049
R1_handsout@D1,bottle_cupnoodles_shelf,0,motion_token,mse_at_horizon_idx,23,0.007057081442326307
R1_handsout@D1,bottle_cupnoodles_shelf,0,motion_token,mse_at_horizon_idx,24,0.007253953721374273
R1_handsout@D1,bottle_cupnoodles_shelf,0,motion_token,mse_at_horizon_idx,25,0.007469841279089451
R1_handsout@D1,bottle_cupnoodles_shelf,0,motion_token,mse_at_horizon_idx,26,0.007697898894548416
R1_handsout@D1,bottle_cupnoodles_shelf,0,motion_token,mse_at_horizon_idx,27,0.006063631270080805
R1_handsout@D1,bottle_cupnoodles_shelf,0,motion_token,mse_at_horizon_idx,28,0.006287946831434965
R1_handsout@D1,bottle_cupnoodles_shelf,0,motion_token,mse_at_horizon_idx,29,0.0065252273343503475
R1_handsout@D1,bottle_cupnoodles_shelf,0,motion_token,mse_at_horizon_idx,30,0.006722495425492525
R1_handsout@D1,bottle_cupnoodles_shelf,0,motion_token,mse_at_horizon_idx,31,0.006955672521144152
R1_handsout@D1,bottle_cupnoodles_shelf,0,motion_token,mse_at_horizon_idx,32,0.007151362020522356
R1_handsout@D1,bottle_cupnoodles_shelf,0,motion_token,mse_at_horizon_idx,33,0.007426274009048939
R1_handsout@D1,bottle_cupnoodles_shelf,0,motion_token,mse_at_horizon_idx,34,0.007591768633574247
R1_handsout@D1,bottle_cupnoodles_shelf,0,motion_token,mse_at_horizon_idx,35,0.006210125982761383
R1_handsout@D1,bottle_cupnoodles_shelf,0,motion_token,mse_at_horizon_idx,36,0.006354009732604027
R1_handsout@D1,bottle_cupnoodles_shelf,0,motion_token,mse_at_horizon_idx,37,0.006548033561557531
R1_handsout@D1,bottle_cupnoodles_shelf,0,motion_token,mse_at_horizon_idx,38,0.006815932225435972
R1_handsout@D1,bottle_cupnoodles_shelf,0,motion_token,mse_at_horizon_idx,39,0.007064748089760542
R1_handsout@D1,bottle_cupnoodles_shelf,0,left_hand_joints,mse,-1,0.0
R1_handsout@D1,bottle_cupnoodles_shelf,0,left_hand_joints,mae,-1,0.0
R1_handsout@D1,bottle_cupnoodles_shelf,0,left_hand_joints,normalized_mse,-1,
R1_handsout@D1,bottle_cupnoodles_shelf,0,left_hand_joints,final_position_error,-1,0.0
R1_handsout@D1,bottle_cupnoodles_shelf,0,left_hand_joints,mean_squared_jerk_pred,-1,0.0
R1_handsout@D1,bottle_cupnoodles_shelf,0,left_hand_joints,mean_squared_jerk_gt,-1,0.0
R1_handsout@D1,bottle_cupnoodles_shelf,0,left_hand_joints,jerk_ratio_pred_over_gt,-1,
R1_handsout@D1,bottle_cupnoodles_shelf,0,left_hand_joints,chunk_boundary_discontinuity,-1,0.0
R1_handsout@D1,bottle_cupnoodles_shelf,0,left_hand_joints,mse_proprio_ablated,-1,0.0
R1_handsout@D1,bottle_cupnoodles_shelf,0,left_hand_joints,proprio_leakage_gap,-1,0.0
R1_handsout@D1,bottle_cupnoodles_shelf,0,left_hand_joints,mse_at_horizon_idx,0,0.0
R1_handsout@D1,bottle_cupnoodles_shelf,0,left_hand_joints,mse_at_horizon_idx,1,0.0
R1_handsout@D1,bottle_cupnoodles_shelf,0,left_hand_joints,mse_at_horizon_idx,2,0.0
R1_handsout@D1,bottle_cupnoodles_shelf,0,left_hand_joints,mse_at_horizon_idx,3,0.0
R1_handsout@D1,bottle_cupnoodles_shelf,0,left_hand_joints,mse_at_horizon_idx,4,0.0
R1_handsout@D1,bottle_cupnoodles_shelf,0,left_hand_joints,mse_at_horizon_idx,5,0.0
R1_handsout@D1,bottle_cupnoodles_shelf,0,left_hand_joints,mse_at_horizon_idx,6,0.0
R1_handsout@D1,bottle_cupnoodles_shelf,0,left_hand_joints,mse_at_horizon_idx,7,0.0
R1_handsout@D1,bottle_cupnoodles_shelf,0,left_hand_joints,mse_at_horizon_idx,8,0.0
R1_handsout@D1,bottle_cupnoodles_shelf,0,left_hand_joints,mse_at_horizon_idx,9,0.0
R1_handsout@D1,bottle_cupnoodles_shelf,0,left_hand_joints,mse_at_horizon_idx,10,0.0
R1_handsout@D1,bottle_cupnoodles_shelf,0,left_hand_joints,mse_at_horizon_idx,11,0.0
R1_handsout@D1,bottle_cupnoodles_shelf,0,left_hand_joints,mse_at_horizon_idx,12,0.0
R1_handsout@D1,bottle_cupnoodles_shelf,0,left_hand_joints,mse_at_horizon_idx,13,0.0
R1_handsout@D1,bottle_cupnoodles_shelf,0,left_hand_joints,mse_at_horizon_idx,14,0.0
R1_handsout@D1,bottle_cupnoodles_shelf,0,left_hand_joints,mse_at_horizon_idx,15,0.0
R1_handsout@D1,bottle_cupnoodles_shelf,0,left_hand_joints,mse_at_horizon_idx,16,0.0
R1_handsout@D1,bottle_cupnoodles_shelf,0,left_hand_joints,mse_at_horizon_idx,17,0.0
R1_handsout@D1,bottle_cupnoodles_shelf,0,left_hand_joints,mse_at_horizon_idx,18,0.0
R1_handsout@D1,bottle_cupnoodles_shelf,0,left_hand_joints,mse_at_horizon_idx,19,0.0
R1_handsout@D1,bottle_cupnoodles_shelf,0,left_hand_joints,mse_at_horizon_idx,20,0.0
R1_handsout@D1,bottle_cupnoodles_shelf,0,left_hand_joints,mse_at_horizon_idx,21,0.0
R1_handsout@D1,bottle_cupnoodles_shelf,0,left_hand_joints,mse_at_horizon_idx,22,0.0
R1_handsout@D1,bottle_cupnoodles_shelf,0,left_hand_joints,mse_at_horizon_idx,23,0.0
R1_handsout@D1,bottle_cupnoodles_shelf,0,left_hand_joints,mse_at_horizon_idx,24,0.0
R1_handsout@D1,bottle_cupnoodles_shelf,0,left_hand_joints,mse_at_horizon_idx,25,0.0
R1_handsout@D1,bottle_cupnoodles_shelf,0,left_hand_joints,mse_at_horizon_idx,26,0.0
R1_handsout@D1,bottle_cupnoodles_shelf,0,left_hand_joints,mse_at_horizon_idx,27,0.0
R1_handsout@D1,bottle_cupnoodles_shelf,0,left_hand_joints,mse_at_horizon_idx,28,0.0
R1_handsout@D1,bottle_cupnoodles_shelf,0,left_hand_joints,mse_at_horizon_idx,29,0.0
R1_handsout@D1,bottle_cupnoodles_shelf,0,left_hand_joints,mse_at_horizon_idx,30,0.0
R1_handsout@D1,bottle_cupnoodles_shelf,0,left_hand_joints,mse_at_horizon_idx,31,0.0
R1_handsout@D1,bottle_cupnoodles_shelf,0,left_hand_joints,mse_at_horizon_idx,32,0.0
R1_handsout@D1,bottle_cupnoodles_shelf,0,left_hand_joints,mse_at_horizon_idx,33,0.0
R1_handsout@D1,bottle_cupnoodles_shelf,0,left_hand_joints,mse_at_horizon_idx,34,0.0
R1_handsout@D1,bottle_cupnoodles_shelf,0,left_hand_joints,mse_at_horizon_idx,35,0.0
R1_handsout@D1,bottle_cupnoodles_shelf,0,left_hand_joints,mse_at_horizon_idx,36,0.0
R1_handsout@D1,bottle_cupnoodles_shelf,0,left_hand_joints,mse_at_horizon_idx,37,0.0
R1_handsout@D1,bottle_cupnoodles_shelf,0,left_hand_joints,mse_at_horizon_idx,38,0.0
R1_handsout@D1,bottle_cupnoodles_shelf,0,left_hand_joints,mse_at_horizon_idx,39,0.0
R1_handsout@D1,bottle_cupnoodles_shelf,0,left_hand_joints,grasp_precision,-1,
R1_handsout@D1,bottle_cupnoodles_shelf,0,left_hand_joints,grasp_recall,-1,
R1_handsout@D1,bottle_cupnoodles_shelf,0,left_hand_joints,grasp_f1,-1,
R1_handsout@D1,bottle_cupnoodles_shelf,0,left_hand_joints,grasp_n_gt_events,-1,0.0
R1_handsout@D1,bottle_cupnoodles_shelf,0,left_hand_joints,grasp_n_pred_events,-1,0.0
R1_handsout@D1,bottle_cupnoodles_shelf,0,left_hand_joints,grasp_onset_timing_error_signed_steps,-1,
R1_handsout@D1,bottle_cupnoodles_shelf,0,left_hand_joints,grasp_spurious_transitions,-1,0.0
R1_handsout@D1,bottle_cupnoodles_shelf,0,right_hand_joints,mse,-1,0.0
R1_handsout@D1,bottle_cupnoodles_shelf,0,right_hand_joints,mae,-1,0.0
R1_handsout@D1,bottle_cupnoodles_shelf,0,right_hand_joints,normalized_mse,-1,
R1_handsout@D1,bottle_cupnoodles_shelf,0,right_hand_joints,final_position_error,-1,0.0
R1_handsout@D1,bottle_cupnoodles_shelf,0,right_hand_joints,mean_squared_jerk_pred,-1,0.0
R1_handsout@D1,bottle_cupnoodles_shelf,0,right_hand_joints,mean_squared_jerk_gt,-1,0.0
R1_handsout@D1,bottle_cupnoodles_shelf,0,right_hand_joints,jerk_ratio_pred_over_gt,-1,
R1_handsout@D1,bottle_cupnoodles_shelf,0,right_hand_joints,chunk_boundary_discontinuity,-1,0.0
R1_handsout@D1,bottle_cupnoodles_shelf,0,right_hand_joints,mse_proprio_ablated,-1,0.0
R1_handsout@D1,bottle_cupnoodles_shelf,0,right_hand_joints,proprio_leakage_gap,-1,0.0
R1_handsout@D1,bottle_cupnoodles_shelf,0,right_hand_joints,mse_at_horizon_idx,0,0.0
R1_handsout@D1,bottle_cupnoodles_shelf,0,right_hand_joints,mse_at_horizon_idx,1,0.0
R1_handsout@D1,bottle_cupnoodles_shelf,0,right_hand_joints,mse_at_horizon_idx,2,0.0
R1_handsout@D1,bottle_cupnoodles_shelf,0,right_hand_joints,mse_at_horizon_idx,3,0.0
R1_handsout@D1,bottle_cupnoodles_shelf,0,right_hand_joints,mse_at_horizon_idx,4,0.0
R1_handsout@D1,bottle_cupnoodles_shelf,0,right_hand_joints,mse_at_horizon_idx,5,0.0
R1_handsout@D1,bottle_cupnoodles_shelf,0,right_hand_joints,mse_at_horizon_idx,6,0.0
R1_handsout@D1,bottle_cupnoodles_shelf,0,right_hand_joints,mse_at_horizon_idx,7,0.0
R1_handsout@D1,bottle_cupnoodles_shelf,0,right_hand_joints,mse_at_horizon_idx,8,0.0
R1_handsout@D1,bottle_cupnoodles_shelf,0,right_hand_joints,mse_at_horizon_idx,9,0.0
R1_handsout@D1,bottle_cupnoodles_shelf,0,right_hand_joints,mse_at_horizon_idx,10,0.0
R1_handsout@D1,bottle_cupnoodles_shelf,0,right_hand_joints,mse_at_horizon_idx,11,0.0
R1_handsout@D1,bottle_cupnoodles_shelf,0,right_hand_joints,mse_at_horizon_idx,12,0.0
R1_handsout@D1,bottle_cupnoodles_shelf,0,right_hand_joints,mse_at_horizon_idx,13,0.0
R1_handsout@D1,bottle_cupnoodles_shelf,0,right_hand_joints,mse_at_horizon_idx,14,0.0
R1_handsout@D1,bottle_cupnoodles_shelf,0,right_hand_joints,mse_at_horizon_idx,15,0.0
R1_handsout@D1,bottle_cupnoodles_shelf,0,right_hand_joints,mse_at_horizon_idx,16,0.0
R1_handsout@D1,bottle_cupnoodles_shelf,0,right_hand_joints,mse_at_horizon_idx,17,0.0
R1_handsout@D1,bottle_cupnoodles_shelf,0,right_hand_joints,mse_at_horizon_idx,18,0.0
R1_handsout@D1,bottle_cupnoodles_shelf,0,right_hand_joints,mse_at_horizon_idx,19,0.0
R1_handsout@D1,bottle_cupnoodles_shelf,0,right_hand_joints,mse_at_horizon_idx,20,0.0
R1_handsout@D1,bottle_cupnoodles_shelf,0,right_hand_joints,mse_at_horizon_idx,21,0.0
R1_handsout@D1,bottle_cupnoodles_shelf,0,right_hand_joints,mse_at_horizon_idx,22,0.0
R1_handsout@D1,bottle_cupnoodles_shelf,0,right_hand_joints,mse_at_horizon_idx,23,0.0
R1_handsout@D1,bottle_cupnoodles_shelf,0,right_hand_joints,mse_at_horizon_idx,24,0.0
R1_handsout@D1,bottle_cupnoodles_shelf,0,right_hand_joints,mse_at_horizon_idx,25,0.0
R1_handsout@D1,bottle_cupnoodles_shelf,0,right_hand_joints,mse_at_horizon_idx,26,0.0
R1_handsout@D1,bottle_cupnoodles_shelf,0,right_hand_joints,mse_at_horizon_idx,27,0.0
R1_handsout@D1,bottle_cupnoodles_shelf,0,right_hand_joints,mse_at_horizon_idx,28,0.0
R1_handsout@D1,bottle_cupnoodles_shelf,0,right_hand_joints,mse_at_horizon_idx,29,0.0
R1_handsout@D1,bottle_cupnoodles_shelf,0,right_hand_joints,mse_at_horizon_idx,30,0.0
R1_handsout@D1,bottle_cupnoodles_shelf,0,right_hand_joints,mse_at_horizon_idx,31,0.0
R1_handsout@D1,bottle_cupnoodles_shelf,0,right_hand_joints,mse_at_horizon_idx,32,0.0
R1_handsout@D1,bottle_cupnoodles_shelf,0,right_hand_joints,mse_at_horizon_idx,33,0.0
R1_handsout@D1,bottle_cupnoodles_shelf,0,right_hand_joints,mse_at_horizon_idx,34,0.0
R1_handsout@D1,bottle_cupnoodles_shelf,0,right_hand_joints,mse_at_horizon_idx,35,0.0
R1_handsout@D1,bottle_cupnoodles_shelf,0,right_hand_joints,mse_at_horizon_idx,36,0.0
R1_handsout@D1,bottle_cupnoodles_shelf,0,right_hand_joints,mse_at_horizon_idx,37,0.0
R1_handsout@D1,bottle_cupnoodles_shelf,0,right_hand_joints,mse_at_horizon_idx,38,0.0
R1_handsout@D1,bottle_cupnoodles_shelf,0,right_hand_joints,mse_at_horizon_idx,39,0.0
R1_handsout@D1,bottle_cupnoodles_shelf,0,right_hand_joints,grasp_precision,-1,
R1_handsout@D1,bottle_cupnoodles_shelf,0,right_hand_joints,grasp_recall,-1,
R1_handsout@D1,bottle_cupnoodles_shelf,0,right_hand_joints,grasp_f1,-1,
R1_handsout@D1,bottle_cupnoodles_shelf,0,right_hand_joints,grasp_n_gt_events,-1,0.0
R1_handsout@D1,bottle_cupnoodles_shelf,0,right_hand_joints,grasp_n_pred_events,-1,0.0
R1_handsout@D1,bottle_cupnoodles_shelf,0,right_hand_joints,grasp_onset_timing_error_signed_steps,-1,
R1_handsout@D1,bottle_cupnoodles_shelf,0,right_hand_joints,grasp_spurious_transitions,-1,0.0
R1_handsout@D1,bottle_cupnoodles_shelf,0,all,mse,-1,0.00554853118956089
R1_handsout@D1,bottle_cupnoodles_shelf,0,all,mae,-1,0.05276847258210182
R1_handsout@D1,bottle_cupnoodles_shelf,0,all,normalized_mse,-1,1.1210026741027832
R1_handsout@D1,bottle_cupnoodles_shelf,0,all,final_position_error,-1,0.6002434492111206
R1_handsout@D1,bottle_cupnoodles_shelf,0,all,mean_squared_jerk_pred,-1,0.0022075439337641
R1_handsout@D1,bottle_cupnoodles_shelf,0,all,mean_squared_jerk_gt,-1,0.0010034131119027734
R1_handsout@D1,bottle_cupnoodles_shelf,0,all,jerk_ratio_pred_over_gt,-1,2.200034968227525
R1_handsout@D1,bottle_cupnoodles_shelf,0,all,chunk_boundary_discontinuity,-1,9.607359970686957e-05
R1_handsout@D1,bottle_cupnoodles_shelf,0,all,mse_proprio_ablated,-1,0.005923720542341471
R1_handsout@D1,bottle_cupnoodles_shelf,0,all,proprio_leakage_gap,-1,0.0003751893527805805
R1_handsout@D1,bottle_cupnoodles_shelf,0,all,mse_at_horizon_idx,0,0.005942242220044136
R1_handsout@D1,bottle_cupnoodles_shelf,0,all,mse_at_horizon_idx,1,0.005991847719997168
R1_handsout@D1,bottle_cupnoodles_shelf,0,all,mse_at_horizon_idx,2,0.00609695864841342
R1_handsout@D1,bottle_cupnoodles_shelf,0,all,mse_at_horizon_idx,3,0.004833813291043043
R1_handsout@D1,bottle_cupnoodles_shelf,0,all,mse_at_horizon_idx,4,0.0049865152686834335
R1_handsout@D1,bottle_cupnoodles_shelf,0,all,mse_at_horizon_idx,5,0.005109007470309734
R1_handsout@D1,bottle_cupnoodles_shelf,0,all,mse_at_horizon_idx,6,0.005310308188199997
R1_handsout@D1,bottle_cupnoodles_shelf,0,all,mse_at_horizon_idx,7,0.005492787342518568
R1_handsout@D1,bottle_cupnoodles_shelf,0,all,mse_at_horizon_idx,8,0.005603347439318895
R1_handsout@D1,bottle_cupnoodles_shelf,0,all,mse_at_horizon_idx,9,0.005825610365718603
R1_handsout@D1,bottle_cupnoodles_shelf,0,all,mse_at_horizon_idx,10,0.00600347388535738
R1_handsout@D1,bottle_cupnoodles_shelf,0,all,mse_at_horizon_idx,11,0.004916373640298843
R1_handsout@D1,bottle_cupnoodles_shelf,0,all,mse_at_horizon_idx,12,0.00506864208728075
R1_handsout@D1,bottle_cupnoodles_shelf,0,all,mse_at_horizon_idx,13,0.005249588284641504
R1_handsout@D1,bottle_cupnoodles_shelf,0,all,mse_at_horizon_idx,14,0.005422212649136782
R1_handsout@D1,bottle_cupnoodles_shelf,0,all,mse_at_horizon_idx,15,0.005598143674433231
R1_handsout@D1,bottle_cupnoodles_shelf,0,all,mse_at_horizon_idx,16,0.005716778803616762
R1_handsout@D1,bottle_cupnoodles_shelf,0,all,mse_at_horizon_idx,17,0.005774290766566992
R1_handsout@D1,bottle_cupnoodles_shelf,0,all,mse_at_horizon_idx,18,0.005824342370033264
R1_handsout@D1,bottle_cupnoodles_shelf,0,all,mse_at_horizon_idx,19,0.0049748956225812435
R1_handsout@D1,bottle_cupnoodles_shelf,0,all,mse_at_horizon_idx,20,0.005116955377161503
R1_handsout@D1,bottle_cupnoodles_shelf,0,all,mse_at_horizon_idx,21,0.005385740660130978
R1_handsout@D1,bottle_cupnoodles_shelf,0,all,mse_at_horizon_idx,22,0.005555343814194202
R1_handsout@D1,bottle_cupnoodles_shelf,0,all,mse_at_horizon_idx,23,0.005790426395833492
R1_handsout@D1,bottle_cupnoodles_shelf,0,all,mse_at_horizon_idx,24,0.005951962433755398
R1_handsout@D1,bottle_cupnoodles_shelf,0,all,mse_at_horizon_idx,25,0.006129100918769836
R1_handsout@D1,bottle_cupnoodles_shelf,0,all,mse_at_horizon_idx,26,0.006316224578768015
R1_handsout@D1,bottle_cupnoodles_shelf,0,all,mse_at_horizon_idx,27,0.004975287243723869
R1_handsout@D1,bottle_cupnoodles_shelf,0,all,mse_at_horizon_idx,28,0.005159340798854828
R1_handsout@D1,bottle_cupnoodles_shelf,0,all,mse_at_horizon_idx,29,0.005354033317416906
R1_handsout@D1,bottle_cupnoodles_shelf,0,all,mse_at_horizon_idx,30,0.005515893921256065
R1_handsout@D1,bottle_cupnoodles_shelf,0,all,mse_at_horizon_idx,31,0.005707218777388334
R1_handsout@D1,bottle_cupnoodles_shelf,0,all,mse_at_horizon_idx,32,0.0058677843771874905
R1_handsout@D1,bottle_cupnoodles_shelf,0,all,mse_at_horizon_idx,33,0.006093353498727083
R1_handsout@D1,bottle_cupnoodles_shelf,0,all,mse_at_horizon_idx,34,0.006229143589735031
R1_handsout@D1,bottle_cupnoodles_shelf,0,all,mse_at_horizon_idx,35,0.005095487926155329
R1_handsout@D1,bottle_cupnoodles_shelf,0,all,mse_at_horizon_idx,36,0.00521354703232646
R1_handsout@D1,bottle_cupnoodles_shelf,0,all,mse_at_horizon_idx,37,0.005372744984924793
R1_handsout@D1,bottle_cupnoodles_shelf,0,all,mse_at_horizon_idx,38,0.005592559929937124
R1_handsout@D1,bottle_cupnoodles_shelf,0,all,mse_at_horizon_idx,39,0.005796716082841158
R1_handsout@D1,cup_wipe_sponge_dryingrack,2,motion_token,mse,-1,0.0015325996791943908
R1_handsout@D1,cup_wipe_sponge_dryingrack,2,motion_token,mae,-1,0.0300510935485363
R1_handsout@D1,cup_wipe_sponge_dryingrack,2,motion_token,normalized_mse,-1,0.4595758020877838
R1_handsout@D1,cup_wipe_sponge_dryingrack,2,motion_token,final_position_error,-1,0.30167046189308167
R1_handsout@D1,cup_wipe_sponge_dryingrack,2,motion_token,mean_squared_jerk_pred,-1,0.0006610300042666495
R1_handsout@D1,cup_wipe_sponge_dryingrack,2,motion_token,mean_squared_jerk_gt,-1,0.0009948730003088713
R1_handsout@D1,cup_wipe_sponge_dryingrack,2,motion_token,jerk_ratio_pred_over_gt,-1,0.6644365703576478
R1_handsout@D1,cup_wipe_sponge_dryingrack,2,motion_token,chunk_boundary_discontinuity,-1,2.6737689040601254e-05
R1_handsout@D1,cup_wipe_sponge_dryingrack,2,motion_token,on_grid_fraction,-1,0.04891220787207872
R1_handsout@D1,cup_wipe_sponge_dryingrack,2,motion_token,mse_proprio_ablated,-1,0.001762319472618401
R1_handsout@D1,cup_wipe_sponge_dryingrack,2,motion_token,proprio_leakage_gap,-1,0.00022971979342401028
R1_handsout@D1,cup_wipe_sponge_dryingrack,2,motion_token,mse_at_horizon_idx,0,0.0017043629195541143
R1_handsout@D1,cup_wipe_sponge_dryingrack,2,motion_token,mse_at_horizon_idx,1,0.00170692999381572
R1_handsout@D1,cup_wipe_sponge_dryingrack,2,motion_token,mse_at_horizon_idx,2,0.0017779709305614233
R1_handsout@D1,cup_wipe_sponge_dryingrack,2,motion_token,mse_at_horizon_idx,3,0.0014278243761509657
R1_handsout@D1,cup_wipe_sponge_dryingrack,2,motion_token,mse_at_horizon_idx,4,0.001477217534556985
R1_handsout@D1,cup_wipe_sponge_dryingrack,2,motion_token,mse_at_horizon_idx,5,0.0015305159613490105
R1_handsout@D1,cup_wipe_sponge_dryingrack,2,motion_token,mse_at_horizon_idx,6,0.0016056313179433346
R1_handsout@D1,cup_wipe_sponge_dryingrack,2,motion_token,mse_at_horizon_idx,7,0.0016847914084792137
R1_handsout@D1,cup_wipe_sponge_dryingrack,2,motion_token,mse_at_horizon_idx,8,0.0017592745134606957
R1_handsout@D1,cup_wipe_sponge_dryingrack,2,motion_token,mse_at_horizon_idx,9,0.001831395784392953
R1_handsout@D1,cup_wipe_sponge_dryingrack,2,motion_token,mse_at_horizon_idx,10,0.0019347710767760873
R1_handsout@D1,cup_wipe_sponge_dryingrack,2,motion_token,mse_at_horizon_idx,11,0.0013791824458166957
R1_handsout@D1,cup_wipe_sponge_dryingrack,2,motion_token,mse_at_horizon_idx,12,0.0014175163814797997
R1_handsout@D1,cup_wipe_sponge_dryingrack,2,motion_token,mse_at_horizon_idx,13,0.0014479587553068995
R1_handsout@D1,cup_wipe_sponge_dryingrack,2,motion_token,mse_at_horizon_idx,14,0.0015240730717778206
R1_handsout@D1,cup_wipe_sponge_dryingrack,2,motion_token,mse_at_horizon_idx,15,0.0014977731043472886
R1_handsout@D1,cup_wipe_sponge_dryingrack,2,motion_token,mse_at_horizon_idx,16,0.001548911677673459
R1_handsout@D1,cup_wipe_sponge_dryingrack,2,motion_token,mse_at_horizon_idx,17,0.0016213912749662995
R1_handsout@D1,cup_wipe_sponge_dryingrack,2,motion_token,mse_at_horizon_idx,18,0.0016920717898756266
R1_handsout@D1,cup_wipe_sponge_dryingrack,2,motion_token,mse_at_horizon_idx,19,0.001305615995079279
R1_handsout@D1,cup_wipe_sponge_dryingrack,2,motion_token,mse_at_horizon_idx,20,0.001326140365563333
R1_handsout@D1,cup_wipe_sponge_dryingrack,2,motion_token,mse_at_horizon_idx,21,0.0013383475597947836
R1_handsout@D1,cup_wipe_sponge_dryingrack,2,motion_token,mse_at_horizon_idx,22,0.0013064817758277059
R1_handsout@D1,cup_wipe_sponge_dryingrack,2,motion_token,mse_at_horizon_idx,23,0.001349719357676804
R1_handsout@D1,cup_wipe_sponge_dryingrack,2,motion_token,mse_at_horizon_idx,24,0.0013695122906938195
R1_handsout@D1,cup_wipe_sponge_dryingrack,2,motion_token,mse_at_horizon_idx,25,0.001407896401360631
R1_handsout@D1,cup_wipe_sponge_dryingrack,2,motion_token,mse_at_horizon_idx,26,0.0014152104267850518
R1_handsout@D1,cup_wipe_sponge_dryingrack,2,motion_token,mse_at_horizon_idx,27,0.0013322513550519943
R1_handsout@D1,cup_wipe_sponge_dryingrack,2,motion_token,mse_at_horizon_idx,28,0.0013612869661301374
R1_handsout@D1,cup_wipe_sponge_dryingrack,2,motion_token,mse_at_horizon_idx,29,0.0014189808862283826
R1_handsout@D1,cup_wipe_sponge_dryingrack,2,motion_token,mse_at_horizon_idx,30,0.0014412403106689453
R1_handsout@D1,cup_wipe_sponge_dryingrack,2,motion_token,mse_at_horizon_idx,31,0.0014574932865798473
R1_handsout@D1,cup_wipe_sponge_dryingrack,2,motion_token,mse_at_horizon_idx,32,0.0015161399496719241
R1_handsout@D1,cup_wipe_sponge_dryingrack,2,motion_token,mse_at_horizon_idx,33,0.0015758133959025145
R1_handsout@D1,cup_wipe_sponge_dryingrack,2,motion_token,mse_at_horizon_idx,34,0.0016432814300060272
R1_handsout@D1,cup_wipe_sponge_dryingrack,2,motion_token,mse_at_horizon_idx,35,0.001546377781778574
R1_handsout@D1,cup_wipe_sponge_dryingrack,2,motion_token,mse_at_horizon_idx,36,0.0015976850409060717
R1_handsout@D1,cup_wipe_sponge_dryingrack,2,motion_token,mse_at_horizon_idx,37,0.0016283264849334955
R1_handsout@D1,cup_wipe_sponge_dryingrack,2,motion_token,mse_at_horizon_idx,38,0.001637843670323491
R1_handsout@D1,cup_wipe_sponge_dryingrack,2,motion_token,mse_at_horizon_idx,39,0.0016930997371673584
R1_handsout@D1,cup_wipe_sponge_dryingrack,2,left_hand_joints,mse,-1,0.0
R1_handsout@D1,cup_wipe_sponge_dryingrack,2,left_hand_joints,mae,-1,0.0
R1_handsout@D1,cup_wipe_sponge_dryingrack,2,left_hand_joints,normalized_mse,-1,
R1_handsout@D1,cup_wipe_sponge_dryingrack,2,left_hand_joints,final_position_error,-1,0.0
R1_handsout@D1,cup_wipe_sponge_dryingrack,2,left_hand_joints,mean_squared_jerk_pred,-1,0.0
R1_handsout@D1,cup_wipe_sponge_dryingrack,2,left_hand_joints,mean_squared_jerk_gt,-1,0.0
R1_handsout@D1,cup_wipe_sponge_dryingrack,2,left_hand_joints,jerk_ratio_pred_over_gt,-1,
R1_handsout@D1,cup_wipe_sponge_dryingrack,2,left_hand_joints,chunk_boundary_discontinuity,-1,0.0
R1_handsout@D1,cup_wipe_sponge_dryingrack,2,left_hand_joints,mse_proprio_ablated,-1,0.0
R1_handsout@D1,cup_wipe_sponge_dryingrack,2,left_hand_joints,proprio_leakage_gap,-1,0.0
R1_handsout@D1,cup_wipe_sponge_dryingrack,2,left_hand_joints,mse_at_horizon_idx,0,0.0
R1_handsout@D1,cup_wipe_sponge_dryingrack,2,left_hand_joints,mse_at_horizon_idx,1,0.0
R1_handsout@D1,cup_wipe_sponge_dryingrack,2,left_hand_joints,mse_at_horizon_idx,2,0.0
R1_handsout@D1,cup_wipe_sponge_dryingrack,2,left_hand_joints,mse_at_horizon_idx,3,0.0
R1_handsout@D1,cup_wipe_sponge_dryingrack,2,left_hand_joints,mse_at_horizon_idx,4,0.0
R1_handsout@D1,cup_wipe_sponge_dryingrack,2,left_hand_joints,mse_at_horizon_idx,5,0.0
R1_handsout@D1,cup_wipe_sponge_dryingrack,2,left_hand_joints,mse_at_horizon_idx,6,0.0
R1_handsout@D1,cup_wipe_sponge_dryingrack,2,left_hand_joints,mse_at_horizon_idx,7,0.0
R1_handsout@D1,cup_wipe_sponge_dryingrack,2,left_hand_joints,mse_at_horizon_idx,8,0.0
R1_handsout@D1,cup_wipe_sponge_dryingrack,2,left_hand_joints,mse_at_horizon_idx,9,0.0
R1_handsout@D1,cup_wipe_sponge_dryingrack,2,left_hand_joints,mse_at_horizon_idx,10,0.0
R1_handsout@D1,cup_wipe_sponge_dryingrack,2,left_hand_joints,mse_at_horizon_idx,11,0.0
R1_handsout@D1,cup_wipe_sponge_dryingrack,2,left_hand_joints,mse_at_horizon_idx,12,0.0
R1_handsout@D1,cup_wipe_sponge_dryingrack,2,left_hand_joints,mse_at_horizon_idx,13,0.0
R1_handsout@D1,cup_wipe_sponge_dryingrack,2,left_hand_joints,mse_at_horizon_idx,14,0.0
R1_handsout@D1,cup_wipe_sponge_dryingrack,2,left_hand_joints,mse_at_horizon_idx,15,0.0
R1_handsout@D1,cup_wipe_sponge_dryingrack,2,left_hand_joints,mse_at_horizon_idx,16,0.0
R1_handsout@D1,cup_wipe_sponge_dryingrack,2,left_hand_joints,mse_at_horizon_idx,17,0.0
R1_handsout@D1,cup_wipe_sponge_dryingrack,2,left_hand_joints,mse_at_horizon_idx,18,0.0
R1_handsout@D1,cup_wipe_sponge_dryingrack,2,left_hand_joints,mse_at_horizon_idx,19,0.0
R1_handsout@D1,cup_wipe_sponge_dryingrack,2,left_hand_joints,mse_at_horizon_idx,20,0.0
R1_handsout@D1,cup_wipe_sponge_dryingrack,2,left_hand_joints,mse_at_horizon_idx,21,0.0
R1_handsout@D1,cup_wipe_sponge_dryingrack,2,left_hand_joints,mse_at_horizon_idx,22,0.0
R1_handsout@D1,cup_wipe_sponge_dryingrack,2,left_hand_joints,mse_at_horizon_idx,23,0.0
R1_handsout@D1,cup_wipe_sponge_dryingrack,2,left_hand_joints,mse_at_horizon_idx,24,0.0
R1_handsout@D1,cup_wipe_sponge_dryingrack,2,left_hand_joints,mse_at_horizon_idx,25,0.0
R1_handsout@D1,cup_wipe_sponge_dryingrack,2,left_hand_joints,mse_at_horizon_idx,26,0.0
R1_handsout@D1,cup_wipe_sponge_dryingrack,2,left_hand_joints,mse_at_horizon_idx,27,0.0
R1_handsout@D1,cup_wipe_sponge_dryingrack,2,left_hand_joints,mse_at_horizon_idx,28,0.0
R1_handsout@D1,cup_wipe_sponge_dryingrack,2,left_hand_joints,mse_at_horizon_idx,29,0.0
R1_handsout@D1,cup_wipe_sponge_dryingrack,2,left_hand_joints,mse_at_horizon_idx,30,0.0
R1_handsout@D1,cup_wipe_sponge_dryingrack,2,left_hand_joints,mse_at_horizon_idx,31,0.0
R1_handsout@D1,cup_wipe_sponge_dryingrack,2,left_hand_joints,mse_at_horizon_idx,32,0.0
R1_handsout@D1,cup_wipe_sponge_dryingrack,2,left_hand_joints,mse_at_horizon_idx,33,0.0
R1_handsout@D1,cup_wipe_sponge_dryingrack,2,left_hand_joints,mse_at_horizon_idx,34,0.0
R1_handsout@D1,cup_wipe_sponge_dryingrack,2,left_hand_joints,mse_at_horizon_idx,35,0.0
R1_handsout@D1,cup_wipe_sponge_dryingrack,2,left_hand_joints,mse_at_horizon_idx,36,0.0
R1_handsout@D1,cup_wipe_sponge_dryingrack,2,left_hand_joints,mse_at_horizon_idx,37,0.0
R1_handsout@D1,cup_wipe_sponge_dryingrack,2,left_hand_joints,mse_at_horizon_idx,38,0.0
R1_handsout@D1,cup_wipe_sponge_dryingrack,2,left_hand_joints,mse_at_horizon_idx,39,0.0
R1_handsout@D1,cup_wipe_sponge_dryingrack,2,left_hand_joints,grasp_precision,-1,
R1_handsout@D1,cup_wipe_sponge_dryingrack,2,left_hand_joints,grasp_recall,-1,
R1_handsout@D1,cup_wipe_sponge_dryingrack,2,left_hand_joints,grasp_f1,-1,
R1_handsout@D1,cup_wipe_sponge_dryingrack,2,left_hand_joints,grasp_n_gt_events,-1,0.0
R1_handsout@D1,cup_wipe_sponge_dryingrack,2,left_hand_joints,grasp_n_pred_events,-1,0.0
R1_handsout@D1,cup_wipe_sponge_dryingrack,2,left_hand_joints,grasp_onset_timing_error_signed_steps,-1,
R1_handsout@D1,cup_wipe_sponge_dryingrack,2,left_hand_joints,grasp_spurious_transitions,-1,0.0
R1_handsout@D1,cup_wipe_sponge_dryingrack,2,right_hand_joints,mse,-1,0.0
R1_handsout@D1,cup_wipe_sponge_dryingrack,2,right_hand_joints,mae,-1,0.0
R1_handsout@D1,cup_wipe_sponge_dryingrack,2,right_hand_joints,normalized_mse,-1,
R1_handsout@D1,cup_wipe_sponge_dryingrack,2,right_hand_joints,final_position_error,-1,0.0
R1_handsout@D1,cup_wipe_sponge_dryingrack,2,right_hand_joints,mean_squared_jerk_pred,-1,0.0
R1_handsout@D1,cup_wipe_sponge_dryingrack,2,right_hand_joints,mean_squared_jerk_gt,-1,0.0
R1_handsout@D1,cup_wipe_sponge_dryingrack,2,right_hand_joints,jerk_ratio_pred_over_gt,-1,
R1_handsout@D1,cup_wipe_sponge_dryingrack,2,right_hand_joints,chunk_boundary_discontinuity,-1,0.0
R1_handsout@D1,cup_wipe_sponge_dryingrack,2,right_hand_joints,mse_proprio_ablated,-1,0.0
R1_handsout@D1,cup_wipe_sponge_dryingrack,2,right_hand_joints,proprio_leakage_gap,-1,0.0
R1_handsout@D1,cup_wipe_sponge_dryingrack,2,right_hand_joints,mse_at_horizon_idx,0,0.0
R1_handsout@D1,cup_wipe_sponge_dryingrack,2,right_hand_joints,mse_at_horizon_idx,1,0.0
R1_handsout@D1,cup_wipe_sponge_dryingrack,2,right_hand_joints,mse_at_horizon_idx,2,0.0
R1_handsout@D1,cup_wipe_sponge_dryingrack,2,right_hand_joints,mse_at_horizon_idx,3,0.0
R1_handsout@D1,cup_wipe_sponge_dryingrack,2,right_hand_joints,mse_at_horizon_idx,4,0.0
R1_handsout@D1,cup_wipe_sponge_dryingrack,2,right_hand_joints,mse_at_horizon_idx,5,0.0
R1_handsout@D1,cup_wipe_sponge_dryingrack,2,right_hand_joints,mse_at_horizon_idx,6,0.0
R1_handsout@D1,cup_wipe_sponge_dryingrack,2,right_hand_joints,mse_at_horizon_idx,7,0.0
R1_handsout@D1,cup_wipe_sponge_dryingrack,2,right_hand_joints,mse_at_horizon_idx,8,0.0
R1_handsout@D1,cup_wipe_sponge_dryingrack,2,right_hand_joints,mse_at_horizon_idx,9,0.0
R1_handsout@D1,cup_wipe_sponge_dryingrack,2,right_hand_joints,mse_at_horizon_idx,10,0.0
R1_handsout@D1,cup_wipe_sponge_dryingrack,2,right_hand_joints,mse_at_horizon_idx,11,0.0
R1_handsout@D1,cup_wipe_sponge_dryingrack,2,right_hand_joints,mse_at_horizon_idx,12,0.0
R1_handsout@D1,cup_wipe_sponge_dryingrack,2,right_hand_joints,mse_at_horizon_idx,13,0.0
R1_handsout@D1,cup_wipe_sponge_dryingrack,2,right_hand_joints,mse_at_horizon_idx,14,0.0
R1_handsout@D1,cup_wipe_sponge_dryingrack,2,right_hand_joints,mse_at_horizon_idx,15,0.0
R1_handsout@D1,cup_wipe_sponge_dryingrack,2,right_hand_joints,mse_at_horizon_idx,16,0.0
R1_handsout@D1,cup_wipe_sponge_dryingrack,2,right_hand_joints,mse_at_horizon_idx,17,0.0
R1_handsout@D1,cup_wipe_sponge_dryingrack,2,right_hand_joints,mse_at_horizon_idx,18,0.0
R1_handsout@D1,cup_wipe_sponge_dryingrack,2,right_hand_joints,mse_at_horizon_idx,19,0.0
R1_handsout@D1,cup_wipe_sponge_dryingrack,2,right_hand_joints,mse_at_horizon_idx,20,0.0
R1_handsout@D1,cup_wipe_sponge_dryingrack,2,right_hand_joints,mse_at_horizon_idx,21,0.0
R1_handsout@D1,cup_wipe_sponge_dryingrack,2,right_hand_joints,mse_at_horizon_idx,22,0.0
R1_handsout@D1,cup_wipe_sponge_dryingrack,2,right_hand_joints,mse_at_horizon_idx,23,0.0
R1_handsout@D1,cup_wipe_sponge_dryingrack,2,right_hand_joints,mse_at_horizon_idx,24,0.0
R1_handsout@D1,cup_wipe_sponge_dryingrack,2,right_hand_joints,mse_at_horizon_idx,25,0.0
R1_handsout@D1,cup_wipe_sponge_dryingrack,2,right_hand_joints,mse_at_horizon_idx,26,0.0
R1_handsout@D1,cup_wipe_sponge_dryingrack,2,right_hand_joints,mse_at_horizon_idx,27,0.0
R1_handsout@D1,cup_wipe_sponge_dryingrack,2,right_hand_joints,mse_at_horizon_idx,28,0.0
R1_handsout@D1,cup_wipe_sponge_dryingrack,2,right_hand_joints,mse_at_horizon_idx,29,0.0
R1_handsout@D1,cup_wipe_sponge_dryingrack,2,right_hand_joints,mse_at_horizon_idx,30,0.0
R1_handsout@D1,cup_wipe_sponge_dryingrack,2,right_hand_joints,mse_at_horizon_idx,31,0.0
R1_handsout@D1,cup_wipe_sponge_dryingrack,2,right_hand_joints,mse_at_horizon_idx,32,0.0
R1_handsout@D1,cup_wipe_sponge_dryingrack,2,right_hand_joints,mse_at_horizon_idx,33,0.0
R1_handsout@D1,cup_wipe_sponge_dryingrack,2,right_hand_joints,mse_at_horizon_idx,34,0.0
R1_handsout@D1,cup_wipe_sponge_dryingrack,2,right_hand_joints,mse_at_horizon_idx,35,0.0
R1_handsout@D1,cup_wipe_sponge_dryingrack,2,right_hand_joints,mse_at_horizon_idx,36,0.0
R1_handsout@D1,cup_wipe_sponge_dryingrack,2,right_hand_joints,mse_at_horizon_idx,37,0.0
R1_handsout@D1,cup_wipe_sponge_dryingrack,2,right_hand_joints,mse_at_horizon_idx,38,0.0
R1_handsout@D1,cup_wipe_sponge_dryingrack,2,right_hand_joints,mse_at_horizon_idx,39,0.0
R1_handsout@D1,cup_wipe_sponge_dryingrack,2,right_hand_joints,grasp_precision,-1,
R1_handsout@D1,cup_wipe_sponge_dryingrack,2,right_hand_joints,grasp_recall,-1,
R1_handsout@D1,cup_wipe_sponge_dryingrack,2,right_hand_joints,grasp_f1,-1,
R1_handsout@D1,cup_wipe_sponge_dryingrack,2,right_hand_joints,grasp_n_gt_events,-1,0.0
R1_handsout@D1,cup_wipe_sponge_dryingrack,2,right_hand_joints,grasp_n_pred_events,-1,0.0
R1_handsout@D1,cup_wipe_sponge_dryingrack,2,right_hand_joints,grasp_onset_timing_error_signed_steps,-1,
R1_handsout@D1,cup_wipe_sponge_dryingrack,2,right_hand_joints,grasp_spurious_transitions,-1,0.0
R1_handsout@D1,cup_wipe_sponge_dryingrack,2,all,mse,-1,0.0012575177242979407
R1_handsout@D1,cup_wipe_sponge_dryingrack,2,all,mae,-1,0.02465730533003807
R1_handsout@D1,cup_wipe_sponge_dryingrack,2,all,normalized_mse,-1,0.4595758020877838
R1_handsout@D1,cup_wipe_sponge_dryingrack,2,all,final_position_error,-1,0.30167046189308167
R1_handsout@D1,cup_wipe_sponge_dryingrack,2,all,mean_squared_jerk_pred,-1,0.0005423835827969015
R1_handsout@D1,cup_wipe_sponge_dryingrack,2,all,mean_squared_jerk_gt,-1,0.0008163060992956161
R1_handsout@D1,cup_wipe_sponge_dryingrack,2,all,jerk_ratio_pred_over_gt,-1,0.6644365186844982
R1_handsout@D1,cup_wipe_sponge_dryingrack,2,all,chunk_boundary_discontinuity,-1,2.193861837440636e-05
R1_handsout@D1,cup_wipe_sponge_dryingrack,2,all,mse_proprio_ablated,-1,0.0014460060046985745
R1_handsout@D1,cup_wipe_sponge_dryingrack,2,all,proprio_leakage_gap,-1,0.0001884882804006338
R1_handsout@D1,cup_wipe_sponge_dryingrack,2,all,mse_at_horizon_idx,0,0.0013984518591314554
R1_handsout@D1,cup_wipe_sponge_dryingrack,2,all,mse_at_horizon_idx,1,0.0014005576958879828
R1_handsout@D1,cup_wipe_sponge_dryingrack,2,all,mse_at_horizon_idx,2,0.0014588478952646255
R1_handsout@D1,cup_wipe_sponge_dryingrack,2,all,mse_at_horizon_idx,3,0.0011715482687577605
R1_handsout@D1,cup_wipe_sponge_dryingrack,2,all,mse_at_horizon_idx,4,0.0012120760511606932
R1_handsout@D1,cup_wipe_sponge_dryingrack,2,all,mse_at_horizon_idx,5,0.0012558081652969122
R1_handsout@D1,cup_wipe_sponge_dryingrack,2,all,mse_at_horizon_idx,6,0.0013174411142244935
R1_handsout@D1,cup_wipe_sponge_dryingrack,2,all,mse_at_horizon_idx,7,0.001382392947562039
R1_handsout@D1,cup_wipe_sponge_dryingrack,2,all,mse_at_horizon_idx,8,0.0014435072662308812
R1_handsout@D1,cup_wipe_sponge_dryingrack,2,all,mse_at_horizon_idx,9,0.001502683968283236
R1_handsout@D1,cup_wipe_sponge_dryingrack,2,all,mse_at_horizon_idx,10,0.0015875044045969844
R1_handsout@D1,cup_wipe_sponge_dryingrack,2,all,mse_at_horizon_idx,11,0.0011316367890685797
R1_handsout@D1,cup_wipe_sponge_dryingrack,2,all,mse_at_horizon_idx,12,0.00116309046279639
R1_handsout@D1,cup_wipe_sponge_dryingrack,2,all,mse_at_horizon_idx,13,0.0011880688834935427
R1_handsout@D1,cup_wipe_sponge_dryingrack,2,all,mse_at_horizon_idx,14,0.0012505213962867856
R1_handsout@D1,cup_wipe_sponge_dryingrack,2,all,mse_at_horizon_idx,15,0.0012289418373256922
R1_handsout@D1,cup_wipe_sponge_dryingrack,2,all,mse_at_horizon_idx,16,0.0012709017610177398
R1_handsout@D1,cup_wipe_sponge_dryingrack,2,all,mse_at_horizon_idx,17,0.0013303724117577076
R1_handsout@D1,cup_wipe_sponge_dryingrack,2,all,mse_at_horizon_idx,18,0.0013883665669709444
R1_handsout@D1,cup_wipe_sponge_dryingrack,2,all,mse_at_horizon_idx,19,0.0010712746297940612
R1_handsout@D1,cup_wipe_sponge_dryingrack,2,all,mse_at_horizon_idx,20,0.0010881152702495456
R1_handsout@D1,cup_wipe_sponge_dryingrack,2,all,mse_at_horizon_idx,21,0.0010981312952935696
R1_handsout@D1,cup_wipe_sponge_dryingrack,2,all,mse_at_horizon_idx,22,0.0010719849960878491
R1_handsout@D1,cup_wipe_sponge_dryingrack,2,all,mse_at_horizon_idx,23,0.0011074619833379984
R1_handsout@D1,cup_wipe_sponge_dryingrack,2,all,mse_at_horizon_idx,24,0.001123702386394143
R1_handsout@D1,cup_wipe_sponge_dryingrack,2,all,mse_at_horizon_idx,25,0.0011551969218999147
R1_handsout@D1,cup_wipe_sponge_dryingrack,2,all,mse_at_horizon_idx,26,0.001161198248155415
R1_handsout@D1,cup_wipe_sponge_dryingrack,2,all,mse_at_horizon_idx,27,0.0010931292781606317
R1_handsout@D1,cup_wipe_sponge_dryingrack,2,all,mse_at_horizon_idx,28,0.0011169534409418702
R1_handsout@D1,cup_wipe_sponge_dryingrack,2,all,mse_at_horizon_idx,29,0.0011642921017482877
R1_handsout@D1,cup_wipe_sponge_dryingrack,2,all,mse_at_horizon_idx,30,0.00118255615234375
R1_handsout@D1,cup_wipe_sponge_dryingrack,2,all,mse_at_horizon_idx,31,0.0011958919931203127
R1_handsout@D1,cup_wipe_sponge_dryingrack,2,all,mse_at_horizon_idx,32,0.0012440121499821544
R1_handsout@D1,cup_wipe_sponge_dryingrack,2,all,mse_at_horizon_idx,33,0.001292975153774023
R1_handsout@D1,cup_wipe_sponge_dryingrack,2,all,mse_at_horizon_idx,34,0.0013483333168551326
R1_handsout@D1,cup_wipe_sponge_dryingrack,2,all,mse_at_horizon_idx,35,0.0012688229326158762
R1_handsout@D1,cup_wipe_sponge_dryingrack,2,all,mse_at_horizon_idx,36,0.0013109210412949324
R1_handsout@D1,cup_wipe_sponge_dryingrack,2,all,mse_at_horizon_idx,37,0.0013360627926886082
R1_handsout@D1,cup_wipe_sponge_dryingrack,2,all,mse_at_horizon_idx,38,0.0013438716996461153
R1_handsout@D1,cup_wipe_sponge_dryingrack,2,all,mse_at_horizon_idx,39,0.0013892098795622587
R1_handsout@D1,floor_box_table,16,motion_token,mse,-1,0.00429856963455677
R1_handsout@D1,floor_box_table,16,motion_token,mae,-1,0.048729751259088516
R1_handsout@D1,floor_box_table,16,motion_token,normalized_mse,-1,0.4963305592536926
R1_handsout@D1,floor_box_table,16,motion_token,final_position_error,-1,0.5170118808746338
R1_handsout@D1,floor_box_table,16,motion_token,mean_squared_jerk_pred,-1,0.001350998878479004
R1_handsout@D1,floor_box_table,16,motion_token,mean_squared_jerk_gt,-1,0.001409223536029458
R1_handsout@D1,floor_box_table,16,motion_token,jerk_ratio_pred_over_gt,-1,0.9586831641241925
R1_handsout@D1,floor_box_table,16,motion_token,chunk_boundary_discontinuity,-1,5.320606578607112e-05
R1_handsout@D1,floor_box_table,16,motion_token,on_grid_fraction,-1,0.06224413209606987
R1_handsout@D1,floor_box_table,16,motion_token,mse_proprio_ablated,-1,0.004931006580591202
R1_handsout@D1,floor_box_table,16,motion_token,proprio_leakage_gap,-1,0.0006324369460344315
R1_handsout@D1,floor_box_table,16,motion_token,mse_at_horizon_idx,0,0.004552627447992563
R1_handsout@D1,floor_box_table,16,motion_token,mse_at_horizon_idx,1,0.00467690359801054
R1_handsout@D1,floor_box_table,16,motion_token,mse_at_horizon_idx,2,0.004866104573011398
R1_handsout@D1,floor_box_table,16,motion_token,mse_at_horizon_idx,3,0.003925880882889032
R1_handsout@D1,floor_box_table,16,motion_token,mse_at_horizon_idx,4,0.004002632573246956
R1_handsout@D1,floor_box_table,16,motion_token,mse_at_horizon_idx,5,0.0042206705547869205
R1_handsout@D1,floor_box_table,16,motion_token,mse_at_horizon_idx,6,0.004474732093513012
R1_handsout@D1,floor_box_table,16,motion_token,mse_at_horizon_idx,7,0.0046317847445607185
R1_handsout@D1,floor_box_table,16,motion_token,mse_at_horizon_idx,8,0.0048021734692156315
R1_handsout@D1,floor_box_table,16,motion_token,mse_at_horizon_idx,9,0.005052125547081232
R1_handsout@D1,floor_box_table,16,motion_token,mse_at_horizon_idx,10,0.0050667934119701385
R1_handsout@D1,floor_box_table,16,motion_token,mse_at_horizon_idx,11,0.004158932249993086
R1_handsout@D1,floor_box_table,16,motion_token,mse_at_horizon_idx,12,0.004144279286265373
R1_handsout@D1,floor_box_table,16,motion_token,mse_at_horizon_idx,13,0.004185579251497984
R1_handsout@D1,floor_box_table,16,motion_token,mse_at_horizon_idx,14,0.004320213105529547
R1_handsout@D1,floor_box_table,16,motion_token,mse_at_horizon_idx,15,0.004292204510420561
R1_handsout@D1,floor_box_table,16,motion_token,mse_at_horizon_idx,16,0.004504017531871796
R1_handsout@D1,floor_box_table,16,motion_token,mse_at_horizon_idx,17,0.004738939926028252
R1_handsout@D1,floor_box_table,16,motion_token,mse_at_horizon_idx,18,0.004922159481793642
R1_handsout@D1,floor_box_table,16,motion_token,mse_at_horizon_idx,19,0.0033989637158811092
R1_handsout@D1,floor_box_table,16,motion_token,mse_at_horizon_idx,20,0.0036170268431305885
R1_handsout@D1,floor_box_table,16,motion_token,mse_at_horizon_idx,21,0.0037703157868236303
R1_handsout@D1,floor_box_table,16,motion_token,mse_at_horizon_idx,22,0.0038571334443986416
R1_handsout@D1,floor_box_table,16,motion_token,mse_at_horizon_idx,23,0.003992438316345215
R1_handsout@D1,floor_box_table,16,motion_token,mse_at_horizon_idx,24,0.00421091029420495
R1_handsout@D1,floor_box_table,16,motion_token,mse_at_horizon_idx,25,0.004232281818985939
R1_handsout@D1,floor_box_table,16,motion_token,mse_at_horizon_idx,26,0.00416646059602499
R1_handsout@D1,floor_box_table,16,motion_token,mse_at_horizon_idx,27,0.0039534978568553925
R1_handsout@D1,floor_box_table,16,motion_token,mse_at_horizon_idx,28,0.004139757249504328
R1_handsout@D1,floor_box_table,16,motion_token,mse_at_horizon_idx,29,0.004162516910582781
R1_handsout@D1,floor_box_table,16,motion_token,mse_at_horizon_idx,30,0.004286575131118298
R1_handsout@D1,floor_box_table,16,motion_token,mse_at_horizon_idx,31,0.004308915231376886
R1_handsout@D1,floor_box_table,16,motion_token,mse_at_horizon_idx,32,0.004343345761299133
R1_handsout@D1,floor_box_table,16,motion_token,mse_at_horizon_idx,33,0.0043941945768892765
R1_handsout@D1,floor_box_table,16,motion_token,mse_at_horizon_idx,34,0.004370614420622587
R1_handsout@D1,floor_box_table,16,motion_token,mse_at_horizon_idx,35,0.004056916106492281
R1_handsout@D1,floor_box_table,16,motion_token,mse_at_horizon_idx,36,0.004183604847639799
R1_handsout@D1,floor_box_table,16,motion_token,mse_at_horizon_idx,37,0.004190186038613319
R1_handsout@D1,floor_box_table,16,motion_token,mse_at_horizon_idx,38,0.004334738478064537
R1_handsout@D1,floor_box_table,16,motion_token,mse_at_horizon_idx,39,0.004431290552020073
R1_handsout@D1,floor_box_table,16,left_hand_joints,mse,-1,0.0
R1_handsout@D1,floor_box_table,16,left_hand_joints,mae,-1,0.0
R1_handsout@D1,floor_box_table,16,left_hand_joints,normalized_mse,-1,
R1_handsout@D1,floor_box_table,16,left_hand_joints,final_position_error,-1,0.0
R1_handsout@D1,floor_box_table,16,left_hand_joints,mean_squared_jerk_pred,-1,0.0
R1_handsout@D1,floor_box_table,16,left_hand_joints,mean_squared_jerk_gt,-1,0.0
R1_handsout@D1,floor_box_table,16,left_hand_joints,jerk_ratio_pred_over_gt,-1,
R1_handsout@D1,floor_box_table,16,left_hand_joints,chunk_boundary_discontinuity,-1,0.0
R1_handsout@D1,floor_box_table,16,left_hand_joints,mse_proprio_ablated,-1,0.0
R1_handsout@D1,floor_box_table,16,left_hand_joints,proprio_leakage_gap,-1,0.0
R1_handsout@D1,floor_box_table,16,left_hand_joints,mse_at_horizon_idx,0,0.0
R1_handsout@D1,floor_box_table,16,left_hand_joints,mse_at_horizon_idx,1,0.0
R1_handsout@D1,floor_box_table,16,left_hand_joints,mse_at_horizon_idx,2,0.0
R1_handsout@D1,floor_box_table,16,left_hand_joints,mse_at_horizon_idx,3,0.0
R1_handsout@D1,floor_box_table,16,left_hand_joints,mse_at_horizon_idx,4,0.0
R1_handsout@D1,floor_box_table,16,left_hand_joints,mse_at_horizon_idx,5,0.0
R1_handsout@D1,floor_box_table,16,left_hand_joints,mse_at_horizon_idx,6,0.0
R1_handsout@D1,floor_box_table,16,left_hand_joints,mse_at_horizon_idx,7,0.0
R1_handsout@D1,floor_box_table,16,left_hand_joints,mse_at_horizon_idx,8,0.0
R1_handsout@D1,floor_box_table,16,left_hand_joints,mse_at_horizon_idx,9,0.0
R1_handsout@D1,floor_box_table,16,left_hand_joints,mse_at_horizon_idx,10,0.0
R1_handsout@D1,floor_box_table,16,left_hand_joints,mse_at_horizon_idx,11,0.0
R1_handsout@D1,floor_box_table,16,left_hand_joints,mse_at_horizon_idx,12,0.0
R1_handsout@D1,floor_box_table,16,left_hand_joints,mse_at_horizon_idx,13,0.0
R1_handsout@D1,floor_box_table,16,left_hand_joints,mse_at_horizon_idx,14,0.0
R1_handsout@D1,floor_box_table,16,left_hand_joints,mse_at_horizon_idx,15,0.0
R1_handsout@D1,floor_box_table,16,left_hand_joints,mse_at_horizon_idx,16,0.0
R1_handsout@D1,floor_box_table,16,left_hand_joints,mse_at_horizon_idx,17,0.0
R1_handsout@D1,floor_box_table,16,left_hand_joints,mse_at_horizon_idx,18,0.0
R1_handsout@D1,floor_box_table,16,left_hand_joints,mse_at_horizon_idx,19,0.0
R1_handsout@D1,floor_box_table,16,left_hand_joints,mse_at_horizon_idx,20,0.0
R1_handsout@D1,floor_box_table,16,left_hand_joints,mse_at_horizon_idx,21,0.0
R1_handsout@D1,floor_box_table,16,left_hand_joints,mse_at_horizon_idx,22,0.0
R1_handsout@D1,floor_box_table,16,left_hand_joints,mse_at_horizon_idx,23,0.0
R1_handsout@D1,floor_box_table,16,left_hand_joints,mse_at_horizon_idx,24,0.0
R1_handsout@D1,floor_box_table,16,left_hand_joints,mse_at_horizon_idx,25,0.0
R1_handsout@D1,floor_box_table,16,left_hand_joints,mse_at_horizon_idx,26,0.0
R1_handsout@D1,floor_box_table,16,left_hand_joints,mse_at_horizon_idx,27,0.0
R1_handsout@D1,floor_box_table,16,left_hand_joints,mse_at_horizon_idx,28,0.0
R1_handsout@D1,floor_box_table,16,left_hand_joints,mse_at_horizon_idx,29,0.0
R1_handsout@D1,floor_box_table,16,left_hand_joints,mse_at_horizon_idx,30,0.0
R1_handsout@D1,floor_box_table,16,left_hand_joints,mse_at_horizon_idx,31,0.0
R1_handsout@D1,floor_box_table,16,left_hand_joints,mse_at_horizon_idx,32,0.0
R1_handsout@D1,floor_box_table,16,left_hand_joints,mse_at_horizon_idx,33,0.0
R1_handsout@D1,floor_box_table,16,left_hand_joints,mse_at_horizon_idx,34,0.0
R1_handsout@D1,floor_box_table,16,left_hand_joints,mse_at_horizon_idx,35,0.0
R1_handsout@D1,floor_box_table,16,left_hand_joints,mse_at_horizon_idx,36,0.0
R1_handsout@D1,floor_box_table,16,left_hand_joints,mse_at_horizon_idx,37,0.0
R1_handsout@D1,floor_box_table,16,left_hand_joints,mse_at_horizon_idx,38,0.0
R1_handsout@D1,floor_box_table,16,left_hand_joints,mse_at_horizon_idx,39,0.0
R1_handsout@D1,floor_box_table,16,left_hand_joints,grasp_precision,-1,
R1_handsout@D1,floor_box_table,16,left_hand_joints,grasp_recall,-1,
R1_handsout@D1,floor_box_table,16,left_hand_joints,grasp_f1,-1,
R1_handsout@D1,floor_box_table,16,left_hand_joints,grasp_n_gt_events,-1,0.0
R1_handsout@D1,floor_box_table,16,left_hand_joints,grasp_n_pred_events,-1,0.0
R1_handsout@D1,floor_box_table,16,left_hand_joints,grasp_onset_timing_error_signed_steps,-1,
R1_handsout@D1,floor_box_table,16,left_hand_joints,grasp_spurious_transitions,-1,0.0
R1_handsout@D1,floor_box_table,16,right_hand_joints,mse,-1,0.0
R1_handsout@D1,floor_box_table,16,right_hand_joints,mae,-1,0.0
R1_handsout@D1,floor_box_table,16,right_hand_joints,normalized_mse,-1,
R1_handsout@D1,floor_box_table,16,right_hand_joints,final_position_error,-1,0.0
R1_handsout@D1,floor_box_table,16,right_hand_joints,mean_squared_jerk_pred,-1,0.0
R1_handsout@D1,floor_box_table,16,right_hand_joints,mean_squared_jerk_gt,-1,0.0
R1_handsout@D1,floor_box_table,16,right_hand_joints,jerk_ratio_pred_over_gt,-1,
R1_handsout@D1,floor_box_table,16,right_hand_joints,chunk_boundary_discontinuity,-1,0.0
R1_handsout@D1,floor_box_table,16,right_hand_joints,mse_proprio_ablated,-1,0.0
R1_handsout@D1,floor_box_table,16,right_hand_joints,proprio_leakage_gap,-1,0.0
R1_handsout@D1,floor_box_table,16,right_hand_joints,mse_at_horizon_idx,0,0.0
R1_handsout@D1,floor_box_table,16,right_hand_joints,mse_at_horizon_idx,1,0.0
R1_handsout@D1,floor_box_table,16,right_hand_joints,mse_at_horizon_idx,2,0.0
R1_handsout@D1,floor_box_table,16,right_hand_joints,mse_at_horizon_idx,3,0.0
R1_handsout@D1,floor_box_table,16,right_hand_joints,mse_at_horizon_idx,4,0.0
R1_handsout@D1,floor_box_table,16,right_hand_joints,mse_at_horizon_idx,5,0.0
R1_handsout@D1,floor_box_table,16,right_hand_joints,mse_at_horizon_idx,6,0.0
R1_handsout@D1,floor_box_table,16,right_hand_joints,mse_at_horizon_idx,7,0.0
R1_handsout@D1,floor_box_table,16,right_hand_joints,mse_at_horizon_idx,8,0.0
R1_handsout@D1,floor_box_table,16,right_hand_joints,mse_at_horizon_idx,9,0.0
R1_handsout@D1,floor_box_table,16,right_hand_joints,mse_at_horizon_idx,10,0.0
R1_handsout@D1,floor_box_table,16,right_hand_joints,mse_at_horizon_idx,11,0.0
R1_handsout@D1,floor_box_table,16,right_hand_joints,mse_at_horizon_idx,12,0.0
R1_handsout@D1,floor_box_table,16,right_hand_joints,mse_at_horizon_idx,13,0.0
R1_handsout@D1,floor_box_table,16,right_hand_joints,mse_at_horizon_idx,14,0.0
R1_handsout@D1,floor_box_table,16,right_hand_joints,mse_at_horizon_idx,15,0.0
R1_handsout@D1,floor_box_table,16,right_hand_joints,mse_at_horizon_idx,16,0.0
R1_handsout@D1,floor_box_table,16,right_hand_joints,mse_at_horizon_idx,17,0.0
R1_handsout@D1,floor_box_table,16,right_hand_joints,mse_at_horizon_idx,18,0.0
R1_handsout@D1,floor_box_table,16,right_hand_joints,mse_at_horizon_idx,19,0.0
R1_handsout@D1,floor_box_table,16,right_hand_joints,mse_at_horizon_idx,20,0.0
R1_handsout@D1,floor_box_table,16,right_hand_joints,mse_at_horizon_idx,21,0.0
R1_handsout@D1,floor_box_table,16,right_hand_joints,mse_at_horizon_idx,22,0.0
R1_handsout@D1,floor_box_table,16,right_hand_joints,mse_at_horizon_idx,23,0.0
R1_handsout@D1,floor_box_table,16,right_hand_joints,mse_at_horizon_idx,24,0.0
R1_handsout@D1,floor_box_table,16,right_hand_joints,mse_at_horizon_idx,25,0.0
R1_handsout@D1,floor_box_table,16,right_hand_joints,mse_at_horizon_idx,26,0.0
R1_handsout@D1,floor_box_table,16,right_hand_joints,mse_at_horizon_idx,27,0.0
R1_handsout@D1,floor_box_table,16,right_hand_joints,mse_at_horizon_idx,28,0.0
R1_handsout@D1,floor_box_table,16,right_hand_joints,mse_at_horizon_idx,29,0.0
R1_handsout@D1,floor_box_table,16,right_hand_joints,mse_at_horizon_idx,30,0.0
R1_handsout@D1,floor_box_table,16,right_hand_joints,mse_at_horizon_idx,31,0.0
R1_handsout@D1,floor_box_table,16,right_hand_joints,mse_at_horizon_idx,32,0.0
R1_handsout@D1,floor_box_table,16,right_hand_joints,mse_at_horizon_idx,33,0.0
R1_handsout@D1,floor_box_table,16,right_hand_joints,mse_at_horizon_idx,34,0.0
R1_handsout@D1,floor_box_table,16,right_hand_joints,mse_at_horizon_idx,35,0.0
R1_handsout@D1,floor_box_table,16,right_hand_joints,mse_at_horizon_idx,36,0.0
R1_handsout@D1,floor_box_table,16,right_hand_joints,mse_at_horizon_idx,37,0.0
R1_handsout@D1,floor_box_table,16,right_hand_joints,mse_at_horizon_idx,38,0.0
R1_handsout@D1,floor_box_table,16,right_hand_joints,mse_at_horizon_idx,39,0.0
R1_handsout@D1,floor_box_table,16,right_hand_joints,grasp_precision,-1,
R1_handsout@D1,floor_box_table,16,right_hand_joints,grasp_recall,-1,
R1_handsout@D1,floor_box_table,16,right_hand_joints,grasp_f1,-1,
R1_handsout@D1,floor_box_table,16,right_hand_joints,grasp_n_gt_events,-1,0.0
R1_handsout@D1,floor_box_table,16,right_hand_joints,grasp_n_pred_events,-1,0.0
R1_handsout@D1,floor_box_table,16,right_hand_joints,grasp_onset_timing_error_signed_steps,-1,
R1_handsout@D1,floor_box_table,16,right_hand_joints,grasp_spurious_transitions,-1,0.0
R1_handsout@D1,floor_box_table,16,all,mse,-1,0.0035270319785922766
R1_handsout@D1,floor_box_table,16,all,mae,-1,0.03998338058590889
R1_handsout@D1,floor_box_table,16,all,normalized_mse,-1,0.4963305592536926
R1_handsout@D1,floor_box_table,16,all,final_position_error,-1,0.5170118808746338
R1_handsout@D1,floor_box_table,16,all,mean_squared_jerk_pred,-1,0.0011085118167102337
R1_handsout@D1,floor_box_table,16,all,mean_squared_jerk_gt,-1,0.0011562859872356057
R1_handsout@D1,floor_box_table,16,all,jerk_ratio_pred_over_gt,-1,0.9586830844161761
R1_handsout@D1,floor_box_table,16,all,chunk_boundary_discontinuity,-1,4.365626591606997e-05
R1_handsout@D1,floor_box_table,16,all,mse_proprio_ablated,-1,0.004045953508466482
R1_handsout@D1,floor_box_table,16,all,proprio_leakage_gap,-1,0.0005189215298742056
R1_handsout@D1,floor_box_table,16,all,mse_at_horizon_idx,0,0.003735489211976528
R1_handsout@D1,floor_box_table,16,all,mse_at_horizon_idx,1,0.0038374594878405333
R1_handsout@D1,floor_box_table,16,all,mse_at_horizon_idx,2,0.003992701414972544
R1_handsout@D1,floor_box_table,16,all,mse_at_horizon_idx,3,0.0032212359365075827
R1_handsout@D1,floor_box_table,16,all,mse_at_horizon_idx,4,0.0032842110376805067
R1_handsout@D1,floor_box_table,16,all,mse_at_horizon_idx,5,0.0034631143789738417
R1_handsout@D1,floor_box_table,16,all,mse_at_horizon_idx,6,0.0036715748719871044
R1_handsout@D1,floor_box_table,16,all,mse_at_horizon_idx,7,0.003800438717007637
R1_handsout@D1,floor_box_table,16,all,mse_at_horizon_idx,8,0.00394024420529604
R1_handsout@D1,floor_box_table,16,all,mse_at_horizon_idx,9,0.004145334474742413
R1_handsout@D1,floor_box_table,16,all,mse_at_horizon_idx,10,0.0041573685593903065
R1_handsout@D1,floor_box_table,16,all,mse_at_horizon_idx,11,0.003412456950172782
R1_handsout@D1,floor_box_table,16,all,mse_at_horizon_idx,12,0.003400434274226427
R1_handsout@D1,floor_box_table,16,all,mse_at_horizon_idx,13,0.003434322075918317
R1_handsout@D1,floor_box_table,16,all,mse_at_horizon_idx,14,0.003544790204614401
R1_handsout@D1,floor_box_table,16,all,mse_at_horizon_idx,15,0.0035218088887631893
R1_handsout@D1,floor_box_table,16,all,mse_at_horizon_idx,16,0.0036956036929041147
R1_handsout@D1,floor_box_table,16,all,mse_at_horizon_idx,17,0.0038883609231561422
R1_handsout@D1,floor_box_table,16,all,mse_at_horizon_idx,18,0.004038694780319929
R1_handsout@D1,floor_box_table,16,all,mse_at_horizon_idx,19,0.0027888936456292868
R1_handsout@D1,floor_box_table,16,all,mse_at_horizon_idx,20,0.002967817010357976
R1_handsout@D1,floor_box_table,16,all,mse_at_horizon_idx,21,0.0030935921240597963
R1_handsout@D1,floor_box_table,16,all,mse_at_horizon_idx,22,0.003164827823638916
R1_handsout@D1,floor_box_table,16,all,mse_at_horizon_idx,23,0.0032758465968072414
R1_handsout@D1,floor_box_table,16,all,mse_at_horizon_idx,24,0.003455105936154723
R1_handsout@D1,floor_box_table,16,all,mse_at_horizon_idx,25,0.0034726408775895834
R1_handsout@D1,floor_box_table,16,all,mse_at_horizon_idx,26,0.0034186341799795628
R1_handsout@D1,floor_box_table,16,all,mse_at_horizon_idx,27,0.003243895946070552
R1_handsout@D1,floor_box_table,16,all,mse_at_horizon_idx,28,0.003396723885089159
R1_handsout@D1,floor_box_table,16,all,mse_at_horizon_idx,29,0.0034153980668634176
R1_handsout@D1,floor_box_table,16,all,mse_at_horizon_idx,30,0.00351718976162374
R1_handsout@D1,floor_box_table,16,all,mse_at_horizon_idx,31,0.003535520052537322
R1_handsout@D1,floor_box_table,16,all,mse_at_horizon_idx,32,0.0035637710243463516
R1_handsout@D1,floor_box_table,16,all,mse_at_horizon_idx,33,0.003605493111535907
R1_handsout@D1,floor_box_table,16,all,mse_at_horizon_idx,34,0.0035861448850482702
R1_handsout@D1,floor_box_table,16,all,mse_at_horizon_idx,35,0.0033287520054727793
R1_handsout@D1,floor_box_table,16,all,mse_at_horizon_idx,36,0.0034327013418078423
R1_handsout@D1,floor_box_table,16,all,mse_at_horizon_idx,37,0.0034381018485873938
R1_handsout@D1,floor_box_table,16,all,mse_at_horizon_idx,38,0.0035567088052630424
R1_handsout@D1,floor_box_table,16,all,mse_at_horizon_idx,39,0.003635931061580777
R1_handsout@D2,bottle_cupnoodles_shelf,0,motion_token,mse,-1,0.00715361163020134
R1_handsout@D2,bottle_cupnoodles_shelf,0,motion_token,mae,-1,0.06306231021881104
R1_handsout@D2,bottle_cupnoodles_shelf,0,motion_token,normalized_mse,-1,1.1902613639831543
R1_handsout@D2,bottle_cupnoodles_shelf,0,motion_token,final_position_error,-1,0.664384126663208
R1_handsout@D2,bottle_cupnoodles_shelf,0,motion_token,mean_squared_jerk_pred,-1,0.005717487074434757
R1_handsout@D2,bottle_cupnoodles_shelf,0,motion_token,mean_squared_jerk_gt,-1,0.0012229096610099077
R1_handsout@D2,bottle_cupnoodles_shelf,0,motion_token,jerk_ratio_pred_over_gt,-1,4.675314339828766
R1_handsout@D2,bottle_cupnoodles_shelf,0,motion_token,chunk_boundary_discontinuity,-1,0.0004849368706345558
R1_handsout@D2,bottle_cupnoodles_shelf,0,motion_token,on_grid_fraction,-1,1.0
R1_handsout@D2,bottle_cupnoodles_shelf,0,motion_token,mse_proprio_ablated,-1,0.0073930732905864716
R1_handsout@D2,bottle_cupnoodles_shelf,0,motion_token,proprio_leakage_gap,-1,0.00023946166038513184
R1_handsout@D2,bottle_cupnoodles_shelf,0,motion_token,mse_at_horizon_idx,0,0.007584855426102877
R1_handsout@D2,bottle_cupnoodles_shelf,0,motion_token,mse_at_horizon_idx,1,0.007622796110808849
R1_handsout@D2,bottle_cupnoodles_shelf,0,motion_token,mse_at_horizon_idx,2,0.007792704738676548
R1_handsout@D2,bottle_cupnoodles_shelf,0,motion_token,mse_at_horizon_idx,3,0.006407042033970356
R1_handsout@D2,bottle_cupnoodles_shelf,0,motion_token,mse_at_horizon_idx,4,0.006589322350919247
R1_handsout@D2,bottle_cupnoodles_shelf,0,motion_token,mse_at_horizon_idx,5,0.006761705502867699
R1_handsout@D2,bottle_cupnoodles_shelf,0,motion_token,mse_at_horizon_idx,6,0.006950584705919027
R1_handsout@D2,bottle_cupnoodles_shelf,0,motion_token,mse_at_horizon_idx,7,0.007215345278382301
R1_handsout@D2,bottle_cupnoodles_shelf,0,motion_token,mse_at_horizon_idx,8,0.007287102751433849
R1_handsout@D2,bottle_cupnoodles_shelf,0,motion_token,mse_at_horizon_idx,9,0.007415771484375
R1_handsout@D2,bottle_cupnoodles_shelf,0,motion_token,mse_at_horizon_idx,10,0.007643416058272123
R1_handsout@D2,bottle_cupnoodles_shelf,0,motion_token,mse_at_horizon_idx,11,0.006407866720110178
R1_handsout@D2,bottle_cupnoodles_shelf,0,motion_token,mse_at_horizon_idx,12,0.006550556980073452
R1_handsout@D2,bottle_cupnoodles_shelf,0,motion_token,mse_at_horizon_idx,13,0.00678644934669137
R1_handsout@D2,bottle_cupnoodles_shelf,0,motion_token,mse_at_horizon_idx,14,0.007001722231507301
R1_handsout@D2,bottle_cupnoodles_shelf,0,motion_token,mse_at_horizon_idx,15,0.007178737781941891
R1_handsout@D2,bottle_cupnoodles_shelf,0,motion_token,mse_at_horizon_idx,16,0.007293283008038998
R1_handsout@D2,bottle_cupnoodles_shelf,0,motion_token,mse_at_horizon_idx,17,0.007448797579854727
R1_handsout@D2,bottle_cupnoodles_shelf,0,motion_token,mse_at_horizon_idx,18,0.007499799132347107
R1_handsout@D2,bottle_cupnoodles_shelf,0,motion_token,mse_at_horizon_idx,19,0.006410363595932722
R1_handsout@D2,bottle_cupnoodles_shelf,0,motion_token,mse_at_horizon_idx,20,0.006579255219548941
R1_handsout@D2,bottle_cupnoodles_shelf,0,motion_token,mse_at_horizon_idx,21,0.006830084603279829
R1_handsout@D2,bottle_cupnoodles_shelf,0,motion_token,mse_at_horizon_idx,22,0.007049142383038998
R1_handsout@D2,bottle_cupnoodles_shelf,0,motion_token,mse_at_horizon_idx,23,0.0072790696285665035
R1_handsout@D2,bottle_cupnoodles_shelf,0,motion_token,mse_at_horizon_idx,24,0.007496454752981663
R1_handsout@D2,bottle_cupnoodles_shelf,0,motion_token,mse_at_horizon_idx,25,0.007716348860412836
R1_handsout@D2,bottle_cupnoodles_shelf,0,motion_token,mse_at_horizon_idx,26,0.00789694581180811
R1_handsout@D2,bottle_cupnoodles_shelf,0,motion_token,mse_at_horizon_idx,27,0.006489792838692665
R1_handsout@D2,bottle_cupnoodles_shelf,0,motion_token,mse_at_horizon_idx,28,0.006695473100990057
R1_handsout@D2,bottle_cupnoodles_shelf,0,motion_token,mse_at_horizon_idx,29,0.006912022363394499
R1_handsout@D2,bottle_cupnoodles_shelf,0,motion_token,mse_at_horizon_idx,30,0.007111013866961002
R1_handsout@D2,bottle_cupnoodles_shelf,0,motion_token,mse_at_horizon_idx,31,0.007457158528268337
R1_handsout@D2,bottle_cupnoodles_shelf,0,motion_token,mse_at_horizon_idx,32,0.007585081271827221
R1_handsout@D2,bottle_cupnoodles_shelf,0,motion_token,mse_at_horizon_idx,33,0.00791366770863533
R1_handsout@D2,bottle_cupnoodles_shelf,0,motion_token,mse_at_horizon_idx,34,0.008027377538383007
R1_handsout@D2,bottle_cupnoodles_shelf,0,motion_token,mse_at_horizon_idx,35,0.00661269947886467
R1_handsout@D2,bottle_cupnoodles_shelf,0,motion_token,mse_at_horizon_idx,36,0.006939613725990057
R1_handsout@D2,bottle_cupnoodles_shelf,0,motion_token,mse_at_horizon_idx,37,0.007035764865577221
R1_handsout@D2,bottle_cupnoodles_shelf,0,motion_token,mse_at_horizon_idx,38,0.007342612836509943
R1_handsout@D2,bottle_cupnoodles_shelf,0,motion_token,mse_at_horizon_idx,39,0.007344285026192665
R1_handsout@D2,bottle_cupnoodles_shelf,0,left_hand_joints,mse,-1,0.0
R1_handsout@D2,bottle_cupnoodles_shelf,0,left_hand_joints,mae,-1,0.0
R1_handsout@D2,bottle_cupnoodles_shelf,0,left_hand_joints,normalized_mse,-1,
R1_handsout@D2,bottle_cupnoodles_shelf,0,left_hand_joints,final_position_error,-1,0.0
R1_handsout@D2,bottle_cupnoodles_shelf,0,left_hand_joints,mean_squared_jerk_pred,-1,0.0
R1_handsout@D2,bottle_cupnoodles_shelf,0,left_hand_joints,mean_squared_jerk_gt,-1,0.0
R1_handsout@D2,bottle_cupnoodles_shelf,0,left_hand_joints,jerk_ratio_pred_over_gt,-1,
R1_handsout@D2,bottle_cupnoodles_shelf,0,left_hand_joints,chunk_boundary_discontinuity,-1,0.0
R1_handsout@D2,bottle_cupnoodles_shelf,0,left_hand_joints,mse_proprio_ablated,-1,0.0
R1_handsout@D2,bottle_cupnoodles_shelf,0,left_hand_joints,proprio_leakage_gap,-1,0.0
R1_handsout@D2,bottle_cupnoodles_shelf,0,left_hand_joints,mse_at_horizon_idx,0,0.0
R1_handsout@D2,bottle_cupnoodles_shelf,0,left_hand_joints,mse_at_horizon_idx,1,0.0
R1_handsout@D2,bottle_cupnoodles_shelf,0,left_hand_joints,mse_at_horizon_idx,2,0.0
R1_handsout@D2,bottle_cupnoodles_shelf,0,left_hand_joints,mse_at_horizon_idx,3,0.0
R1_handsout@D2,bottle_cupnoodles_shelf,0,left_hand_joints,mse_at_horizon_idx,4,0.0
R1_handsout@D2,bottle_cupnoodles_shelf,0,left_hand_joints,mse_at_horizon_idx,5,0.0
R1_handsout@D2,bottle_cupnoodles_shelf,0,left_hand_joints,mse_at_horizon_idx,6,0.0
R1_handsout@D2,bottle_cupnoodles_shelf,0,left_hand_joints,mse_at_horizon_idx,7,0.0
R1_handsout@D2,bottle_cupnoodles_shelf,0,left_hand_joints,mse_at_horizon_idx,8,0.0
R1_handsout@D2,bottle_cupnoodles_shelf,0,left_hand_joints,mse_at_horizon_idx,9,0.0
R1_handsout@D2,bottle_cupnoodles_shelf,0,left_hand_joints,mse_at_horizon_idx,10,0.0
R1_handsout@D2,bottle_cupnoodles_shelf,0,left_hand_joints,mse_at_horizon_idx,11,0.0
R1_handsout@D2,bottle_cupnoodles_shelf,0,left_hand_joints,mse_at_horizon_idx,12,0.0
R1_handsout@D2,bottle_cupnoodles_shelf,0,left_hand_joints,mse_at_horizon_idx,13,0.0
R1_handsout@D2,bottle_cupnoodles_shelf,0,left_hand_joints,mse_at_horizon_idx,14,0.0
R1_handsout@D2,bottle_cupnoodles_shelf,0,left_hand_joints,mse_at_horizon_idx,15,0.0
R1_handsout@D2,bottle_cupnoodles_shelf,0,left_hand_joints,mse_at_horizon_idx,16,0.0
R1_handsout@D2,bottle_cupnoodles_shelf,0,left_hand_joints,mse_at_horizon_idx,17,0.0
R1_handsout@D2,bottle_cupnoodles_shelf,0,left_hand_joints,mse_at_horizon_idx,18,0.0
R1_handsout@D2,bottle_cupnoodles_shelf,0,left_hand_joints,mse_at_horizon_idx,19,0.0
R1_handsout@D2,bottle_cupnoodles_shelf,0,left_hand_joints,mse_at_horizon_idx,20,0.0
R1_handsout@D2,bottle_cupnoodles_shelf,0,left_hand_joints,mse_at_horizon_idx,21,0.0
R1_handsout@D2,bottle_cupnoodles_shelf,0,left_hand_joints,mse_at_horizon_idx,22,0.0
R1_handsout@D2,bottle_cupnoodles_shelf,0,left_hand_joints,mse_at_horizon_idx,23,0.0
R1_handsout@D2,bottle_cupnoodles_shelf,0,left_hand_joints,mse_at_horizon_idx,24,0.0
R1_handsout@D2,bottle_cupnoodles_shelf,0,left_hand_joints,mse_at_horizon_idx,25,0.0
R1_handsout@D2,bottle_cupnoodles_shelf,0,left_hand_joints,mse_at_horizon_idx,26,0.0
R1_handsout@D2,bottle_cupnoodles_shelf,0,left_hand_joints,mse_at_horizon_idx,27,0.0
R1_handsout@D2,bottle_cupnoodles_shelf,0,left_hand_joints,mse_at_horizon_idx,28,0.0
R1_handsout@D2,bottle_cupnoodles_shelf,0,left_hand_joints,mse_at_horizon_idx,29,0.0
R1_handsout@D2,bottle_cupnoodles_shelf,0,left_hand_joints,mse_at_horizon_idx,30,0.0
R1_handsout@D2,bottle_cupnoodles_shelf,0,left_hand_joints,mse_at_horizon_idx,31,0.0
R1_handsout@D2,bottle_cupnoodles_shelf,0,left_hand_joints,mse_at_horizon_idx,32,0.0
R1_handsout@D2,bottle_cupnoodles_shelf,0,left_hand_joints,mse_at_horizon_idx,33,0.0
R1_handsout@D2,bottle_cupnoodles_shelf,0,left_hand_joints,mse_at_horizon_idx,34,0.0
R1_handsout@D2,bottle_cupnoodles_shelf,0,left_hand_joints,mse_at_horizon_idx,35,0.0
R1_handsout@D2,bottle_cupnoodles_shelf,0,left_hand_joints,mse_at_horizon_idx,36,0.0
R1_handsout@D2,bottle_cupnoodles_shelf,0,left_hand_joints,mse_at_horizon_idx,37,0.0
R1_handsout@D2,bottle_cupnoodles_shelf,0,left_hand_joints,mse_at_horizon_idx,38,0.0
R1_handsout@D2,bottle_cupnoodles_shelf,0,left_hand_joints,mse_at_horizon_idx,39,0.0
R1_handsout@D2,bottle_cupnoodles_shelf,0,left_hand_joints,grasp_precision,-1,
R1_handsout@D2,bottle_cupnoodles_shelf,0,left_hand_joints,grasp_recall,-1,
R1_handsout@D2,bottle_cupnoodles_shelf,0,left_hand_joints,grasp_f1,-1,
R1_handsout@D2,bottle_cupnoodles_shelf,0,left_hand_joints,grasp_n_gt_events,-1,0.0
R1_handsout@D2,bottle_cupnoodles_shelf,0,left_hand_joints,grasp_n_pred_events,-1,0.0
R1_handsout@D2,bottle_cupnoodles_shelf,0,left_hand_joints,grasp_onset_timing_error_signed_steps,-1,
R1_handsout@D2,bottle_cupnoodles_shelf,0,left_hand_joints,grasp_spurious_transitions,-1,0.0
R1_handsout@D2,bottle_cupnoodles_shelf,0,right_hand_joints,mse,-1,0.0
R1_handsout@D2,bottle_cupnoodles_shelf,0,right_hand_joints,mae,-1,0.0
R1_handsout@D2,bottle_cupnoodles_shelf,0,right_hand_joints,normalized_mse,-1,
R1_handsout@D2,bottle_cupnoodles_shelf,0,right_hand_joints,final_position_error,-1,0.0
R1_handsout@D2,bottle_cupnoodles_shelf,0,right_hand_joints,mean_squared_jerk_pred,-1,0.0
R1_handsout@D2,bottle_cupnoodles_shelf,0,right_hand_joints,mean_squared_jerk_gt,-1,0.0
R1_handsout@D2,bottle_cupnoodles_shelf,0,right_hand_joints,jerk_ratio_pred_over_gt,-1,
R1_handsout@D2,bottle_cupnoodles_shelf,0,right_hand_joints,chunk_boundary_discontinuity,-1,0.0
R1_handsout@D2,bottle_cupnoodles_shelf,0,right_hand_joints,mse_proprio_ablated,-1,0.0
R1_handsout@D2,bottle_cupnoodles_shelf,0,right_hand_joints,proprio_leakage_gap,-1,0.0
R1_handsout@D2,bottle_cupnoodles_shelf,0,right_hand_joints,mse_at_horizon_idx,0,0.0
R1_handsout@D2,bottle_cupnoodles_shelf,0,right_hand_joints,mse_at_horizon_idx,1,0.0
R1_handsout@D2,bottle_cupnoodles_shelf,0,right_hand_joints,mse_at_horizon_idx,2,0.0
R1_handsout@D2,bottle_cupnoodles_shelf,0,right_hand_joints,mse_at_horizon_idx,3,0.0
R1_handsout@D2,bottle_cupnoodles_shelf,0,right_hand_joints,mse_at_horizon_idx,4,0.0
R1_handsout@D2,bottle_cupnoodles_shelf,0,right_hand_joints,mse_at_horizon_idx,5,0.0
R1_handsout@D2,bottle_cupnoodles_shelf,0,right_hand_joints,mse_at_horizon_idx,6,0.0
R1_handsout@D2,bottle_cupnoodles_shelf,0,right_hand_joints,mse_at_horizon_idx,7,0.0
R1_handsout@D2,bottle_cupnoodles_shelf,0,right_hand_joints,mse_at_horizon_idx,8,0.0
R1_handsout@D2,bottle_cupnoodles_shelf,0,right_hand_joints,mse_at_horizon_idx,9,0.0
R1_handsout@D2,bottle_cupnoodles_shelf,0,right_hand_joints,mse_at_horizon_idx,10,0.0
R1_handsout@D2,bottle_cupnoodles_shelf,0,right_hand_joints,mse_at_horizon_idx,11,0.0
R1_handsout@D2,bottle_cupnoodles_shelf,0,right_hand_joints,mse_at_horizon_idx,12,0.0
R1_handsout@D2,bottle_cupnoodles_shelf,0,right_hand_joints,mse_at_horizon_idx,13,0.0
R1_handsout@D2,bottle_cupnoodles_shelf,0,right_hand_joints,mse_at_horizon_idx,14,0.0
R1_handsout@D2,bottle_cupnoodles_shelf,0,right_hand_joints,mse_at_horizon_idx,15,0.0
R1_handsout@D2,bottle_cupnoodles_shelf,0,right_hand_joints,mse_at_horizon_idx,16,0.0
R1_handsout@D2,bottle_cupnoodles_shelf,0,right_hand_joints,mse_at_horizon_idx,17,0.0
R1_handsout@D2,bottle_cupnoodles_shelf,0,right_hand_joints,mse_at_horizon_idx,18,0.0
R1_handsout@D2,bottle_cupnoodles_shelf,0,right_hand_joints,mse_at_horizon_idx,19,0.0
R1_handsout@D2,bottle_cupnoodles_shelf,0,right_hand_joints,mse_at_horizon_idx,20,0.0
R1_handsout@D2,bottle_cupnoodles_shelf,0,right_hand_joints,mse_at_horizon_idx,21,0.0
R1_handsout@D2,bottle_cupnoodles_shelf,0,right_hand_joints,mse_at_horizon_idx,22,0.0
R1_handsout@D2,bottle_cupnoodles_shelf,0,right_hand_joints,mse_at_horizon_idx,23,0.0
R1_handsout@D2,bottle_cupnoodles_shelf,0,right_hand_joints,mse_at_horizon_idx,24,0.0
R1_handsout@D2,bottle_cupnoodles_shelf,0,right_hand_joints,mse_at_horizon_idx,25,0.0
R1_handsout@D2,bottle_cupnoodles_shelf,0,right_hand_joints,mse_at_horizon_idx,26,0.0
R1_handsout@D2,bottle_cupnoodles_shelf,0,right_hand_joints,mse_at_horizon_idx,27,0.0
R1_handsout@D2,bottle_cupnoodles_shelf,0,right_hand_joints,mse_at_horizon_idx,28,0.0
R1_handsout@D2,bottle_cupnoodles_shelf,0,right_hand_joints,mse_at_horizon_idx,29,0.0
R1_handsout@D2,bottle_cupnoodles_shelf,0,right_hand_joints,mse_at_horizon_idx,30,0.0
R1_handsout@D2,bottle_cupnoodles_shelf,0,right_hand_joints,mse_at_horizon_idx,31,0.0
R1_handsout@D2,bottle_cupnoodles_shelf,0,right_hand_joints,mse_at_horizon_idx,32,0.0
R1_handsout@D2,bottle_cupnoodles_shelf,0,right_hand_joints,mse_at_horizon_idx,33,0.0
R1_handsout@D2,bottle_cupnoodles_shelf,0,right_hand_joints,mse_at_horizon_idx,34,0.0
R1_handsout@D2,bottle_cupnoodles_shelf,0,right_hand_joints,mse_at_horizon_idx,35,0.0
R1_handsout@D2,bottle_cupnoodles_shelf,0,right_hand_joints,mse_at_horizon_idx,36,0.0
R1_handsout@D2,bottle_cupnoodles_shelf,0,right_hand_joints,mse_at_horizon_idx,37,0.0
R1_handsout@D2,bottle_cupnoodles_shelf,0,right_hand_joints,mse_at_horizon_idx,38,0.0
R1_handsout@D2,bottle_cupnoodles_shelf,0,right_hand_joints,mse_at_horizon_idx,39,0.0
R1_handsout@D2,bottle_cupnoodles_shelf,0,right_hand_joints,grasp_precision,-1,
R1_handsout@D2,bottle_cupnoodles_shelf,0,right_hand_joints,grasp_recall,-1,
R1_handsout@D2,bottle_cupnoodles_shelf,0,right_hand_joints,grasp_f1,-1,
R1_handsout@D2,bottle_cupnoodles_shelf,0,right_hand_joints,grasp_n_gt_events,-1,0.0
R1_handsout@D2,bottle_cupnoodles_shelf,0,right_hand_joints,grasp_n_pred_events,-1,0.0
R1_handsout@D2,bottle_cupnoodles_shelf,0,right_hand_joints,grasp_onset_timing_error_signed_steps,-1,
R1_handsout@D2,bottle_cupnoodles_shelf,0,right_hand_joints,grasp_spurious_transitions,-1,0.0
R1_handsout@D2,bottle_cupnoodles_shelf,0,all,mse,-1,0.005869629792869091
R1_handsout@D2,bottle_cupnoodles_shelf,0,all,mae,-1,0.051743436604738235
R1_handsout@D2,bottle_cupnoodles_shelf,0,all,normalized_mse,-1,1.1902613639831543
R1_handsout@D2,bottle_cupnoodles_shelf,0,all,final_position_error,-1,0.664384126663208
R1_handsout@D2,bottle_cupnoodles_shelf,0,all,mean_squared_jerk_pred,-1,0.00469127157703042
R1_handsout@D2,bottle_cupnoodles_shelf,0,all,mean_squared_jerk_gt,-1,0.0010034131119027734
R1_handsout@D2,bottle_cupnoodles_shelf,0,all,jerk_ratio_pred_over_gt,-1,4.675314206463136
R1_handsout@D2,bottle_cupnoodles_shelf,0,all,chunk_boundary_discontinuity,-1,0.0003978969471063465
R1_handsout@D2,bottle_cupnoodles_shelf,0,all,mse_proprio_ablated,-1,0.006066111382097006
R1_handsout@D2,bottle_cupnoodles_shelf,0,all,proprio_leakage_gap,-1,0.0001964815892279148
R1_handsout@D2,bottle_cupnoodles_shelf,0,all,mse_at_horizon_idx,0,0.006223470903933048
R1_handsout@D2,bottle_cupnoodles_shelf,0,all,mse_at_horizon_idx,1,0.00625460222363472
R1_handsout@D2,bottle_cupnoodles_shelf,0,all,mse_at_horizon_idx,2,0.006394014228135347
R1_handsout@D2,bottle_cupnoodles_shelf,0,all,mse_at_horizon_idx,3,0.005257060285657644
R1_handsout@D2,bottle_cupnoodles_shelf,0,all,mse_at_horizon_idx,4,0.0054066237062215805
R1_handsout@D2,bottle_cupnoodles_shelf,0,all,mse_at_horizon_idx,5,0.00554806599393487
R1_handsout@D2,bottle_cupnoodles_shelf,0,all,mse_at_horizon_idx,6,0.005703043192625046
R1_handsout@D2,bottle_cupnoodles_shelf,0,all,mse_at_horizon_idx,7,0.005920282565057278
R1_handsout@D2,bottle_cupnoodles_shelf,0,all,mse_at_horizon_idx,8,0.0059791612438857555
R1_handsout@D2,bottle_cupnoodles_shelf,0,all,mse_at_horizon_idx,9,0.006084735505282879
R1_handsout@D2,bottle_cupnoodles_shelf,0,all,mse_at_horizon_idx,10,0.006271520629525185
R1_handsout@D2,bottle_cupnoodles_shelf,0,all,mse_at_horizon_idx,11,0.005257736425846815
R1_handsout@D2,bottle_cupnoodles_shelf,0,all,mse_at_horizon_idx,12,0.005374815780669451
R1_handsout@D2,bottle_cupnoodles_shelf,0,all,mse_at_horizon_idx,13,0.005568368826061487
R1_handsout@D2,bottle_cupnoodles_shelf,0,all,mse_at_horizon_idx,14,0.005745002534240484
R1_handsout@D2,bottle_cupnoodles_shelf,0,all,mse_at_horizon_idx,15,0.005890246015042067
R1_handsout@D2,bottle_cupnoodles_shelf,0,all,mse_at_horizon_idx,16,0.005984232295304537
R1_handsout@D2,bottle_cupnoodles_shelf,0,all,mse_at_horizon_idx,17,0.0061118341982364655
R1_handsout@D2,bottle_cupnoodles_shelf,0,all,mse_at_horizon_idx,18,0.00615368178114295
R1_handsout@D2,bottle_cupnoodles_shelf,0,all,mse_at_horizon_idx,19,0.005259785335510969
R1_handsout@D2,bottle_cupnoodles_shelf,0,all,mse_at_horizon_idx,20,0.0053983633406460285
R1_handsout@D2,bottle_cupnoodles_shelf,0,all,mse_at_horizon_idx,21,0.005604172125458717
R1_handsout@D2,bottle_cupnoodles_shelf,0,all,mse_at_horizon_idx,22,0.005783911794424057
R1_handsout@D2,bottle_cupnoodles_shelf,0,all,mse_at_horizon_idx,23,0.0059725698083639145
R1_handsout@D2,bottle_cupnoodles_shelf,0,all,mse_at_horizon_idx,24,0.006150937173515558
R1_handsout@D2,bottle_cupnoodles_shelf,0,all,mse_at_horizon_idx,25,0.006331362761557102
R1_handsout@D2,bottle_cupnoodles_shelf,0,all,mse_at_horizon_idx,26,0.006479545030742884
R1_handsout@D2,bottle_cupnoodles_shelf,0,all,mse_at_horizon_idx,27,0.005324957892298698
R1_handsout@D2,bottle_cupnoodles_shelf,0,all,mse_at_horizon_idx,28,0.005493721924722195
R1_handsout@D2,bottle_cupnoodles_shelf,0,all,mse_at_horizon_idx,29,0.005671402905136347
R1_handsout@D2,bottle_cupnoodles_shelf,0,all,mse_at_horizon_idx,30,0.005834678187966347
R1_handsout@D2,bottle_cupnoodles_shelf,0,all,mse_at_horizon_idx,31,0.006118693854659796
R1_handsout@D2,bottle_cupnoodles_shelf,0,all,mse_at_horizon_idx,32,0.006223657168447971
R1_handsout@D2,bottle_cupnoodles_shelf,0,all,mse_at_horizon_idx,33,0.006493265740573406
R1_handsout@D2,bottle_cupnoodles_shelf,0,all,mse_at_horizon_idx,34,0.006586565636098385
R1_handsout@D2,bottle_cupnoodles_shelf,0,all,mse_at_horizon_idx,35,0.005425804294645786
R1_handsout@D2,bottle_cupnoodles_shelf,0,all,mse_at_horizon_idx,36,0.005694041959941387
R1_handsout@D2,bottle_cupnoodles_shelf,0,all,mse_at_horizon_idx,37,0.005772935226559639
R1_handsout@D2,bottle_cupnoodles_shelf,0,all,mse_at_horizon_idx,38,0.006024708040058613
R1_handsout@D2,bottle_cupnoodles_shelf,0,all,mse_at_horizon_idx,39,0.006026080343872309
R1_handsout@D2,cup_wipe_sponge_dryingrack,2,motion_token,mse,-1,0.0018363099079579115
R1_handsout@D2,cup_wipe_sponge_dryingrack,2,motion_token,mae,-1,0.02656298130750656
R1_handsout@D2,cup_wipe_sponge_dryingrack,2,motion_token,normalized_mse,-1,0.5550801753997803
R1_handsout@D2,cup_wipe_sponge_dryingrack,2,motion_token,final_position_error,-1,0.33071890473365784
R1_handsout@D2,cup_wipe_sponge_dryingrack,2,motion_token,mean_squared_jerk_pred,-1,0.002422116231173277
R1_handsout@D2,cup_wipe_sponge_dryingrack,2,motion_token,mean_squared_jerk_gt,-1,0.0009948730003088713
R1_handsout@D2,cup_wipe_sponge_dryingrack,2,motion_token,jerk_ratio_pred_over_gt,-1,2.4345984165027086
R1_handsout@D2,cup_wipe_sponge_dryingrack,2,motion_token,chunk_boundary_discontinuity,-1,0.00020141601271461695
R1_handsout@D2,cup_wipe_sponge_dryingrack,2,motion_token,on_grid_fraction,-1,1.0
R1_handsout@D2,cup_wipe_sponge_dryingrack,2,motion_token,mse_proprio_ablated,-1,0.002055375836789608
R1_handsout@D2,cup_wipe_sponge_dryingrack,2,motion_token,proprio_leakage_gap,-1,0.0002190659288316965
R1_handsout@D2,cup_wipe_sponge_dryingrack,2,motion_token,mse_at_horizon_idx,0,0.0020490374881774187
R1_handsout@D2,cup_wipe_sponge_dryingrack,2,motion_token,mse_at_horizon_idx,1,0.0020810081623494625
R1_handsout@D2,cup_wipe_sponge_dryingrack,2,motion_token,mse_at_horizon_idx,2,0.002185639925301075
R1_handsout@D2,cup_wipe_sponge_dryingrack,2,motion_token,mse_at_horizon_idx,3,0.0017467680154368281
R1_handsout@D2,cup_wipe_sponge_dryingrack,2,motion_token,mse_at_horizon_idx,4,0.0017438615905120969
R1_handsout@D2,cup_wipe_sponge_dryingrack,2,motion_token,mse_at_horizon_idx,5,0.0018136160215362906
R1_handsout@D2,cup_wipe_sponge_dryingrack,2,motion_token,mse_at_horizon_idx,6,0.0018107095966115594
R1_handsout@D2,cup_wipe_sponge_dryingrack,2,motion_token,mse_at_horizon_idx,7,0.0019502185750752687
R1_handsout@D2,cup_wipe_sponge_dryingrack,2,motion_token,mse_at_horizon_idx,8,0.0020170665811747313
R1_handsout@D2,cup_wipe_sponge_dryingrack,2,motion_token,mse_at_horizon_idx,9,0.0020839145872741938
R1_handsout@D2,cup_wipe_sponge_dryingrack,2,motion_token,mse_at_horizon_idx,10,0.0021711078006774187
R1_handsout@D2,cup_wipe_sponge_dryingrack,2,motion_token,mse_at_horizon_idx,11,0.0016334170941263437
R1_handsout@D2,cup_wipe_sponge_dryingrack,2,motion_token,mse_at_horizon_idx,12,0.0016566684935241938
R1_handsout@D2,cup_wipe_sponge_dryingrack,2,motion_token,mse_at_horizon_idx,13,0.0017303467029705644
R1_handsout@D2,cup_wipe_sponge_dryingrack,2,motion_token,mse_at_horizon_idx,14,0.0017852783203125
R1_handsout@D2,cup_wipe_sponge_dryingrack,2,motion_token,mse_at_horizon_idx,15,0.0017761230701580644
R1_handsout@D2,cup_wipe_sponge_dryingrack,2,motion_token,mse_at_horizon_idx,16,0.0018280029762536287
R1_handsout@D2,cup_wipe_sponge_dryingrack,2,motion_token,mse_at_horizon_idx,17,0.0018768310546875
R1_handsout@D2,cup_wipe_sponge_dryingrack,2,motion_token,mse_at_horizon_idx,18,0.0018951415549963713
R1_handsout@D2,cup_wipe_sponge_dryingrack,2,motion_token,mse_at_horizon_idx,19,0.0016571044689044356
R1_handsout@D2,cup_wipe_sponge_dryingrack,2,motion_token,mse_at_horizon_idx,20,0.0016967772971838713
R1_handsout@D2,cup_wipe_sponge_dryingrack,2,motion_token,mse_at_horizon_idx,21,0.0016906738746911287
R1_handsout@D2,cup_wipe_sponge_dryingrack,2,motion_token,mse_at_horizon_idx,22,0.0016510009299963713
R1_handsout@D2,cup_wipe_sponge_dryingrack,2,motion_token,mse_at_horizon_idx,23,0.0016418456798419356
R1_handsout@D2,cup_wipe_sponge_dryingrack,2,motion_token,mse_at_horizon_idx,24,0.0016723632579669356
R1_handsout@D2,cup_wipe_sponge_dryingrack,2,motion_token,mse_at_horizon_idx,25,0.0016693115467205644
R1_handsout@D2,cup_wipe_sponge_dryingrack,2,motion_token,mse_at_horizon_idx,26,0.0017181396251544356
R1_handsout@D2,cup_wipe_sponge_dryingrack,2,motion_token,mse_at_horizon_idx,27,0.0016235351795330644
R1_handsout@D2,cup_wipe_sponge_dryingrack,2,motion_token,mse_at_horizon_idx,28,0.0016235351795330644
R1_handsout@D2,cup_wipe_sponge_dryingrack,2,motion_token,mse_at_horizon_idx,29,0.0017761230701580644
R1_handsout@D2,cup_wipe_sponge_dryingrack,2,motion_token,mse_at_horizon_idx,30,0.0017791747814044356
R1_handsout@D2,cup_wipe_sponge_dryingrack,2,motion_token,mse_at_horizon_idx,31,0.0017730712424963713
R1_handsout@D2,cup_wipe_sponge_dryingrack,2,motion_token,mse_at_horizon_idx,32,0.0018798827659338713
R1_handsout@D2,cup_wipe_sponge_dryingrack,2,motion_token,mse_at_horizon_idx,33,0.0019073486328125
R1_handsout@D2,cup_wipe_sponge_dryingrack,2,motion_token,mse_at_horizon_idx,34,0.0019653320778161287
R1_handsout@D2,cup_wipe_sponge_dryingrack,2,motion_token,mse_at_horizon_idx,35,0.0018463134765625
R1_handsout@D2,cup_wipe_sponge_dryingrack,2,motion_token,mse_at_horizon_idx,36,0.0019165038829669356
R1_handsout@D2,cup_wipe_sponge_dryingrack,2,motion_token,mse_at_horizon_idx,37,0.0019897460006177425
R1_handsout@D2,cup_wipe_sponge_dryingrack,2,motion_token,mse_at_horizon_idx,38,0.0020324706565588713
R1_handsout@D2,cup_wipe_sponge_dryingrack,2,motion_token,mse_at_horizon_idx,39,0.0020538331009447575
R1_handsout@D2,cup_wipe_sponge_dryingrack,2,left_hand_joints,mse,-1,0.0
R1_handsout@D2,cup_wipe_sponge_dryingrack,2,left_hand_joints,mae,-1,0.0
R1_handsout@D2,cup_wipe_sponge_dryingrack,2,left_hand_joints,normalized_mse,-1,
R1_handsout@D2,cup_wipe_sponge_dryingrack,2,left_hand_joints,final_position_error,-1,0.0
R1_handsout@D2,cup_wipe_sponge_dryingrack,2,left_hand_joints,mean_squared_jerk_pred,-1,0.0
R1_handsout@D2,cup_wipe_sponge_dryingrack,2,left_hand_joints,mean_squared_jerk_gt,-1,0.0
R1_handsout@D2,cup_wipe_sponge_dryingrack,2,left_hand_joints,jerk_ratio_pred_over_gt,-1,
R1_handsout@D2,cup_wipe_sponge_dryingrack,2,left_hand_joints,chunk_boundary_discontinuity,-1,0.0
R1_handsout@D2,cup_wipe_sponge_dryingrack,2,left_hand_joints,mse_proprio_ablated,-1,0.0
R1_handsout@D2,cup_wipe_sponge_dryingrack,2,left_hand_joints,proprio_leakage_gap,-1,0.0
R1_handsout@D2,cup_wipe_sponge_dryingrack,2,left_hand_joints,mse_at_horizon_idx,0,0.0
R1_handsout@D2,cup_wipe_sponge_dryingrack,2,left_hand_joints,mse_at_horizon_idx,1,0.0
R1_handsout@D2,cup_wipe_sponge_dryingrack,2,left_hand_joints,mse_at_horizon_idx,2,0.0
R1_handsout@D2,cup_wipe_sponge_dryingrack,2,left_hand_joints,mse_at_horizon_idx,3,0.0
R1_handsout@D2,cup_wipe_sponge_dryingrack,2,left_hand_joints,mse_at_horizon_idx,4,0.0
R1_handsout@D2,cup_wipe_sponge_dryingrack,2,left_hand_joints,mse_at_horizon_idx,5,0.0
R1_handsout@D2,cup_wipe_sponge_dryingrack,2,left_hand_joints,mse_at_horizon_idx,6,0.0
R1_handsout@D2,cup_wipe_sponge_dryingrack,2,left_hand_joints,mse_at_horizon_idx,7,0.0
R1_handsout@D2,cup_wipe_sponge_dryingrack,2,left_hand_joints,mse_at_horizon_idx,8,0.0
R1_handsout@D2,cup_wipe_sponge_dryingrack,2,left_hand_joints,mse_at_horizon_idx,9,0.0
R1_handsout@D2,cup_wipe_sponge_dryingrack,2,left_hand_joints,mse_at_horizon_idx,10,0.0
R1_handsout@D2,cup_wipe_sponge_dryingrack,2,left_hand_joints,mse_at_horizon_idx,11,0.0
R1_handsout@D2,cup_wipe_sponge_dryingrack,2,left_hand_joints,mse_at_horizon_idx,12,0.0
R1_handsout@D2,cup_wipe_sponge_dryingrack,2,left_hand_joints,mse_at_horizon_idx,13,0.0
R1_handsout@D2,cup_wipe_sponge_dryingrack,2,left_hand_joints,mse_at_horizon_idx,14,0.0
R1_handsout@D2,cup_wipe_sponge_dryingrack,2,left_hand_joints,mse_at_horizon_idx,15,0.0
R1_handsout@D2,cup_wipe_sponge_dryingrack,2,left_hand_joints,mse_at_horizon_idx,16,0.0
R1_handsout@D2,cup_wipe_sponge_dryingrack,2,left_hand_joints,mse_at_horizon_idx,17,0.0
R1_handsout@D2,cup_wipe_sponge_dryingrack,2,left_hand_joints,mse_at_horizon_idx,18,0.0
R1_handsout@D2,cup_wipe_sponge_dryingrack,2,left_hand_joints,mse_at_horizon_idx,19,0.0
R1_handsout@D2,cup_wipe_sponge_dryingrack,2,left_hand_joints,mse_at_horizon_idx,20,0.0
R1_handsout@D2,cup_wipe_sponge_dryingrack,2,left_hand_joints,mse_at_horizon_idx,21,0.0
R1_handsout@D2,cup_wipe_sponge_dryingrack,2,left_hand_joints,mse_at_horizon_idx,22,0.0
R1_handsout@D2,cup_wipe_sponge_dryingrack,2,left_hand_joints,mse_at_horizon_idx,23,0.0
R1_handsout@D2,cup_wipe_sponge_dryingrack,2,left_hand_joints,mse_at_horizon_idx,24,0.0
R1_handsout@D2,cup_wipe_sponge_dryingrack,2,left_hand_joints,mse_at_horizon_idx,25,0.0
R1_handsout@D2,cup_wipe_sponge_dryingrack,2,left_hand_joints,mse_at_horizon_idx,26,0.0
R1_handsout@D2,cup_wipe_sponge_dryingrack,2,left_hand_joints,mse_at_horizon_idx,27,0.0
R1_handsout@D2,cup_wipe_sponge_dryingrack,2,left_hand_joints,mse_at_horizon_idx,28,0.0
R1_handsout@D2,cup_wipe_sponge_dryingrack,2,left_hand_joints,mse_at_horizon_idx,29,0.0
R1_handsout@D2,cup_wipe_sponge_dryingrack,2,left_hand_joints,mse_at_horizon_idx,30,0.0
R1_handsout@D2,cup_wipe_sponge_dryingrack,2,left_hand_joints,mse_at_horizon_idx,31,0.0
R1_handsout@D2,cup_wipe_sponge_dryingrack,2,left_hand_joints,mse_at_horizon_idx,32,0.0
R1_handsout@D2,cup_wipe_sponge_dryingrack,2,left_hand_joints,mse_at_horizon_idx,33,0.0
R1_handsout@D2,cup_wipe_sponge_dryingrack,2,left_hand_joints,mse_at_horizon_idx,34,0.0
R1_handsout@D2,cup_wipe_sponge_dryingrack,2,left_hand_joints,mse_at_horizon_idx,35,0.0
R1_handsout@D2,cup_wipe_sponge_dryingrack,2,left_hand_joints,mse_at_horizon_idx,36,0.0
R1_handsout@D2,cup_wipe_sponge_dryingrack,2,left_hand_joints,mse_at_horizon_idx,37,0.0
R1_handsout@D2,cup_wipe_sponge_dryingrack,2,left_hand_joints,mse_at_horizon_idx,38,0.0
R1_handsout@D2,cup_wipe_sponge_dryingrack,2,left_hand_joints,mse_at_horizon_idx,39,0.0
R1_handsout@D2,cup_wipe_sponge_dryingrack,2,left_hand_joints,grasp_precision,-1,
R1_handsout@D2,cup_wipe_sponge_dryingrack,2,left_hand_joints,grasp_recall,-1,
R1_handsout@D2,cup_wipe_sponge_dryingrack,2,left_hand_joints,grasp_f1,-1,
R1_handsout@D2,cup_wipe_sponge_dryingrack,2,left_hand_joints,grasp_n_gt_events,-1,0.0
R1_handsout@D2,cup_wipe_sponge_dryingrack,2,left_hand_joints,grasp_n_pred_events,-1,0.0
R1_handsout@D2,cup_wipe_sponge_dryingrack,2,left_hand_joints,grasp_onset_timing_error_signed_steps,-1,
R1_handsout@D2,cup_wipe_sponge_dryingrack,2,left_hand_joints,grasp_spurious_transitions,-1,0.0
R1_handsout@D2,cup_wipe_sponge_dryingrack,2,right_hand_joints,mse,-1,0.0
R1_handsout@D2,cup_wipe_sponge_dryingrack,2,right_hand_joints,mae,-1,0.0
R1_handsout@D2,cup_wipe_sponge_dryingrack,2,right_hand_joints,normalized_mse,-1,
R1_handsout@D2,cup_wipe_sponge_dryingrack,2,right_hand_joints,final_position_error,-1,0.0
R1_handsout@D2,cup_wipe_sponge_dryingrack,2,right_hand_joints,mean_squared_jerk_pred,-1,0.0
R1_handsout@D2,cup_wipe_sponge_dryingrack,2,right_hand_joints,mean_squared_jerk_gt,-1,0.0
R1_handsout@D2,cup_wipe_sponge_dryingrack,2,right_hand_joints,jerk_ratio_pred_over_gt,-1,
R1_handsout@D2,cup_wipe_sponge_dryingrack,2,right_hand_joints,chunk_boundary_discontinuity,-1,0.0
R1_handsout@D2,cup_wipe_sponge_dryingrack,2,right_hand_joints,mse_proprio_ablated,-1,0.0
R1_handsout@D2,cup_wipe_sponge_dryingrack,2,right_hand_joints,proprio_leakage_gap,-1,0.0
R1_handsout@D2,cup_wipe_sponge_dryingrack,2,right_hand_joints,mse_at_horizon_idx,0,0.0
R1_handsout@D2,cup_wipe_sponge_dryingrack,2,right_hand_joints,mse_at_horizon_idx,1,0.0
R1_handsout@D2,cup_wipe_sponge_dryingrack,2,right_hand_joints,mse_at_horizon_idx,2,0.0
R1_handsout@D2,cup_wipe_sponge_dryingrack,2,right_hand_joints,mse_at_horizon_idx,3,0.0
R1_handsout@D2,cup_wipe_sponge_dryingrack,2,right_hand_joints,mse_at_horizon_idx,4,0.0
R1_handsout@D2,cup_wipe_sponge_dryingrack,2,right_hand_joints,mse_at_horizon_idx,5,0.0
R1_handsout@D2,cup_wipe_sponge_dryingrack,2,right_hand_joints,mse_at_horizon_idx,6,0.0
R1_handsout@D2,cup_wipe_sponge_dryingrack,2,right_hand_joints,mse_at_horizon_idx,7,0.0
R1_handsout@D2,cup_wipe_sponge_dryingrack,2,right_hand_joints,mse_at_horizon_idx,8,0.0
R1_handsout@D2,cup_wipe_sponge_dryingrack,2,right_hand_joints,mse_at_horizon_idx,9,0.0
R1_handsout@D2,cup_wipe_sponge_dryingrack,2,right_hand_joints,mse_at_horizon_idx,10,0.0
R1_handsout@D2,cup_wipe_sponge_dryingrack,2,right_hand_joints,mse_at_horizon_idx,11,0.0
R1_handsout@D2,cup_wipe_sponge_dryingrack,2,right_hand_joints,mse_at_horizon_idx,12,0.0
R1_handsout@D2,cup_wipe_sponge_dryingrack,2,right_hand_joints,mse_at_horizon_idx,13,0.0
R1_handsout@D2,cup_wipe_sponge_dryingrack,2,right_hand_joints,mse_at_horizon_idx,14,0.0
R1_handsout@D2,cup_wipe_sponge_dryingrack,2,right_hand_joints,mse_at_horizon_idx,15,0.0
R1_handsout@D2,cup_wipe_sponge_dryingrack,2,right_hand_joints,mse_at_horizon_idx,16,0.0
R1_handsout@D2,cup_wipe_sponge_dryingrack,2,right_hand_joints,mse_at_horizon_idx,17,0.0
R1_handsout@D2,cup_wipe_sponge_dryingrack,2,right_hand_joints,mse_at_horizon_idx,18,0.0
R1_handsout@D2,cup_wipe_sponge_dryingrack,2,right_hand_joints,mse_at_horizon_idx,19,0.0
R1_handsout@D2,cup_wipe_sponge_dryingrack,2,right_hand_joints,mse_at_horizon_idx,20,0.0
R1_handsout@D2,cup_wipe_sponge_dryingrack,2,right_hand_joints,mse_at_horizon_idx,21,0.0
R1_handsout@D2,cup_wipe_sponge_dryingrack,2,right_hand_joints,mse_at_horizon_idx,22,0.0
R1_handsout@D2,cup_wipe_sponge_dryingrack,2,right_hand_joints,mse_at_horizon_idx,23,0.0
R1_handsout@D2,cup_wipe_sponge_dryingrack,2,right_hand_joints,mse_at_horizon_idx,24,0.0
R1_handsout@D2,cup_wipe_sponge_dryingrack,2,right_hand_joints,mse_at_horizon_idx,25,0.0
R1_handsout@D2,cup_wipe_sponge_dryingrack,2,right_hand_joints,mse_at_horizon_idx,26,0.0
R1_handsout@D2,cup_wipe_sponge_dryingrack,2,right_hand_joints,mse_at_horizon_idx,27,0.0
R1_handsout@D2,cup_wipe_sponge_dryingrack,2,right_hand_joints,mse_at_horizon_idx,28,0.0
R1_handsout@D2,cup_wipe_sponge_dryingrack,2,right_hand_joints,mse_at_horizon_idx,29,0.0
R1_handsout@D2,cup_wipe_sponge_dryingrack,2,right_hand_joints,mse_at_horizon_idx,30,0.0
R1_handsout@D2,cup_wipe_sponge_dryingrack,2,right_hand_joints,mse_at_horizon_idx,31,0.0
R1_handsout@D2,cup_wipe_sponge_dryingrack,2,right_hand_joints,mse_at_horizon_idx,32,0.0
R1_handsout@D2,cup_wipe_sponge_dryingrack,2,right_hand_joints,mse_at_horizon_idx,33,0.0
R1_handsout@D2,cup_wipe_sponge_dryingrack,2,right_hand_joints,mse_at_horizon_idx,34,0.0
R1_handsout@D2,cup_wipe_sponge_dryingrack,2,right_hand_joints,mse_at_horizon_idx,35,0.0
R1_handsout@D2,cup_wipe_sponge_dryingrack,2,right_hand_joints,mse_at_horizon_idx,36,0.0
R1_handsout@D2,cup_wipe_sponge_dryingrack,2,right_hand_joints,mse_at_horizon_idx,37,0.0
R1_handsout@D2,cup_wipe_sponge_dryingrack,2,right_hand_joints,mse_at_horizon_idx,38,0.0
R1_handsout@D2,cup_wipe_sponge_dryingrack,2,right_hand_joints,mse_at_horizon_idx,39,0.0
R1_handsout@D2,cup_wipe_sponge_dryingrack,2,right_hand_joints,grasp_precision,-1,
R1_handsout@D2,cup_wipe_sponge_dryingrack,2,right_hand_joints,grasp_recall,-1,
R1_handsout@D2,cup_wipe_sponge_dryingrack,2,right_hand_joints,grasp_f1,-1,
R1_handsout@D2,cup_wipe_sponge_dryingrack,2,right_hand_joints,grasp_n_gt_events,-1,0.0
R1_handsout@D2,cup_wipe_sponge_dryingrack,2,right_hand_joints,grasp_n_pred_events,-1,0.0
R1_handsout@D2,cup_wipe_sponge_dryingrack,2,right_hand_joints,grasp_onset_timing_error_signed_steps,-1,
R1_handsout@D2,cup_wipe_sponge_dryingrack,2,right_hand_joints,grasp_spurious_transitions,-1,0.0
R1_handsout@D2,cup_wipe_sponge_dryingrack,2,all,mse,-1,0.0015067157801240683
R1_handsout@D2,cup_wipe_sponge_dryingrack,2,all,mae,-1,0.02179526537656784
R1_handsout@D2,cup_wipe_sponge_dryingrack,2,all,normalized_mse,-1,0.5550801753997803
R1_handsout@D2,cup_wipe_sponge_dryingrack,2,all,final_position_error,-1,0.33071890473365784
R1_handsout@D2,cup_wipe_sponge_dryingrack,2,all,mean_squared_jerk_pred,-1,0.0019873774144798517
R1_handsout@D2,cup_wipe_sponge_dryingrack,2,all,mean_squared_jerk_gt,-1,0.0008163060992956161
R1_handsout@D2,cup_wipe_sponge_dryingrack,2,all,jerk_ratio_pred_over_gt,-1,2.434598266746682
R1_handsout@D2,cup_wipe_sponge_dryingrack,2,all,chunk_boundary_discontinuity,-1,0.0001652644423302263
R1_handsout@D2,cup_wipe_sponge_dryingrack,2,all,mse_proprio_ablated,-1,0.0016864622011780739
R1_handsout@D2,cup_wipe_sponge_dryingrack,2,all,proprio_leakage_gap,-1,0.00017974642105400562
R1_handsout@D2,cup_wipe_sponge_dryingrack,2,all,mse_at_horizon_idx,0,0.0016812614630907774
R1_handsout@D2,cup_wipe_sponge_dryingrack,2,all,mse_at_horizon_idx,1,0.001707493676804006
R1_handsout@D2,cup_wipe_sponge_dryingrack,2,all,mse_at_horizon_idx,2,0.001793345552869141
R1_handsout@D2,cup_wipe_sponge_dryingrack,2,all,mse_at_horizon_idx,3,0.0014332456048578024
R1_handsout@D2,cup_wipe_sponge_dryingrack,2,all,mse_at_horizon_idx,4,0.0014308607205748558
R1_handsout@D2,cup_wipe_sponge_dryingrack,2,all,mse_at_horizon_idx,5,0.0014880952658131719
R1_handsout@D2,cup_wipe_sponge_dryingrack,2,all,mse_at_horizon_idx,6,0.0014857103815302253
R1_handsout@D2,cup_wipe_sponge_dryingrack,2,all,mse_at_horizon_idx,7,0.0016001794720068574
R1_handsout@D2,cup_wipe_sponge_dryingrack,2,all,mse_at_horizon_idx,8,0.001655029016546905
R1_handsout@D2,cup_wipe_sponge_dryingrack,2,all,mse_at_horizon_idx,9,0.0017098786775022745
R1_handsout@D2,cup_wipe_sponge_dryingrack,2,all,mse_at_horizon_idx,10,0.0017814215971156955
R1_handsout@D2,cup_wipe_sponge_dryingrack,2,all,mse_at_horizon_idx,11,0.0013402396580204368
R1_handsout@D2,cup_wipe_sponge_dryingrack,2,all,mse_at_horizon_idx,12,0.001359317684546113
R1_handsout@D2,cup_wipe_sponge_dryingrack,2,all,mse_at_horizon_idx,13,0.0014197718119248748
R1_handsout@D2,cup_wipe_sponge_dryingrack,2,all,mse_at_horizon_idx,14,0.00146484375
R1_handsout@D2,cup_wipe_sponge_dryingrack,2,all,mse_at_horizon_idx,15,0.0014573317021131516
R1_handsout@D2,cup_wipe_sponge_dryingrack,2,all,mse_at_horizon_idx,16,0.0014998998958617449
R1_handsout@D2,cup_wipe_sponge_dryingrack,2,all,mse_at_horizon_idx,17,0.0015399639960378408
R1_handsout@D2,cup_wipe_sponge_dryingrack,2,all,mse_at_horizon_idx,18,0.001554987975396216
R1_handsout@D2,cup_wipe_sponge_dryingrack,2,all,mse_at_horizon_idx,19,0.001359675545245409
R1_handsout@D2,cup_wipe_sponge_dryingrack,2,all,mse_at_horizon_idx,20,0.0013922275975346565
R1_handsout@D2,cup_wipe_sponge_dryingrack,2,all,mse_at_horizon_idx,21,0.0013872196432203054
R1_handsout@D2,cup_wipe_sponge_dryingrack,2,all,mse_at_horizon_idx,22,0.001354667590931058
R1_handsout@D2,cup_wipe_sponge_dryingrack,2,all,mse_at_horizon_idx,23,0.0013471555430442095
R1_handsout@D2,cup_wipe_sponge_dryingrack,2,all,mse_at_horizon_idx,24,0.0013721955474466085
R1_handsout@D2,cup_wipe_sponge_dryingrack,2,all,mse_at_horizon_idx,25,0.0013696916867047548
R1_handsout@D2,cup_wipe_sponge_dryingrack,2,all,mse_at_horizon_idx,26,0.001409755670465529
R1_handsout@D2,cup_wipe_sponge_dryingrack,2,all,mse_at_horizon_idx,27,0.0013321314472705126
R1_handsout@D2,cup_wipe_sponge_dryingrack,2,all,mse_at_horizon_idx,28,0.0013321315636858344
R1_handsout@D2,cup_wipe_sponge_dryingrack,2,all,mse_at_horizon_idx,29,0.0014573317021131516
R1_handsout@D2,cup_wipe_sponge_dryingrack,2,all,mse_at_horizon_idx,30,0.001459835795685649
R1_handsout@D2,cup_wipe_sponge_dryingrack,2,all,mse_at_horizon_idx,31,0.0014548276085406542
R1_handsout@D2,cup_wipe_sponge_dryingrack,2,all,mse_at_horizon_idx,32,0.0015424679731950164
R1_handsout@D2,cup_wipe_sponge_dryingrack,2,all,mse_at_horizon_idx,33,0.0015650041168555617
R1_handsout@D2,cup_wipe_sponge_dryingrack,2,all,mse_at_horizon_idx,34,0.0016125800320878625
R1_handsout@D2,cup_wipe_sponge_dryingrack,2,all,mse_at_horizon_idx,35,0.00151492387522012
R1_handsout@D2,cup_wipe_sponge_dryingrack,2,all,mse_at_horizon_idx,36,0.0015725161647424102
R1_handsout@D2,cup_wipe_sponge_dryingrack,2,all,mse_at_horizon_idx,37,0.0016326121985912323
R1_handsout@D2,cup_wipe_sponge_dryingrack,2,all,mse_at_horizon_idx,38,0.0016676683444529772
R1_handsout@D2,cup_wipe_sponge_dryingrack,2,all,mse_at_horizon_idx,39,0.0016851965337991714
R1_handsout@D2,floor_box_table,16,motion_token,mse,-1,0.004578436259180307
R1_handsout@D2,floor_box_table,16,motion_token,mae,-1,0.04670868441462517
R1_handsout@D2,floor_box_table,16,motion_token,normalized_mse,-1,0.5328666567802429
R1_handsout@D2,floor_box_table,16,motion_token,final_position_error,-1,0.5796011686325073
R1_handsout@D2,floor_box_table,16,motion_token,mean_squared_jerk_pred,-1,0.003521654987707734
R1_handsout@D2,floor_box_table,16,motion_token,mean_squared_jerk_gt,-1,0.001409223536029458
R1_handsout@D2,floor_box_table,16,motion_token,jerk_ratio_pred_over_gt,-1,2.499003811439407
R1_handsout@D2,floor_box_table,16,motion_token,chunk_boundary_discontinuity,-1,0.0003190473944414407
R1_handsout@D2,floor_box_table,16,motion_token,on_grid_fraction,-1,1.0
R1_handsout@D2,floor_box_table,16,motion_token,mse_proprio_ablated,-1,0.005314522888511419
R1_handsout@D2,floor_box_table,16,motion_token,proprio_leakage_gap,-1,0.0007360866293311119
R1_handsout@D2,floor_box_table,16,motion_token,mse_at_horizon_idx,0,0.00448475731536746
R1_handsout@D2,floor_box_table,16,motion_token,mse_at_horizon_idx,1,0.004646632820367813
R1_handsout@D2,floor_box_table,16,motion_token,mse_at_horizon_idx,2,0.00477135693654418
R1_handsout@D2,floor_box_table,16,motion_token,mse_at_horizon_idx,3,0.00431226659566164
R1_handsout@D2,floor_box_table,16,motion_token,mse_at_horizon_idx,4,0.00435472559183836
R1_handsout@D2,floor_box_table,16,motion_token,mse_at_horizon_idx,5,0.00462805712595582
R1_handsout@D2,floor_box_table,16,motion_token,mse_at_horizon_idx,6,0.0047607421875
R1_handsout@D2,floor_box_table,16,motion_token,mse_at_horizon_idx,7,0.004880158696323633
R1_handsout@D2,floor_box_table,16,motion_token,mse_at_horizon_idx,8,0.005084493663161993
R1_handsout@D2,floor_box_table,16,motion_token,mse_at_horizon_idx,9,0.00543212890625
R1_handsout@D2,floor_box_table,16,motion_token,mse_at_horizon_idx,10,0.00541089940816164
R1_handsout@D2,floor_box_table,16,motion_token,mse_at_horizon_idx,11,0.00464928662404418
R1_handsout@D2,floor_box_table,16,motion_token,mse_at_horizon_idx,12,0.004633364267647266
R1_handsout@D2,floor_box_table,16,motion_token,mse_at_horizon_idx,13,0.004535177256911993
R1_handsout@D2,floor_box_table,16,motion_token,mse_at_horizon_idx,14,0.00472889794036746
R1_handsout@D2,floor_box_table,16,motion_token,mse_at_horizon_idx,15,0.00460682762786746
R1_handsout@D2,floor_box_table,16,motion_token,mse_at_horizon_idx,16,0.004590905271470547
R1_handsout@D2,floor_box_table,16,motion_token,mse_at_horizon_idx,17,0.0047872792929410934
R1_handsout@D2,floor_box_table,16,motion_token,mse_at_horizon_idx,18,0.004962423350661993
R1_handsout@D2,floor_box_table,16,motion_token,mse_at_horizon_idx,19,0.0037523352075368166
R1_handsout@D2,floor_box_table,16,motion_token,mse_at_horizon_idx,20,0.00393809424713254
R1_handsout@D2,floor_box_table,16,motion_token,mse_at_horizon_idx,21,0.0040734331123530865
R1_handsout@D2,floor_box_table,16,motion_token,mse_at_horizon_idx,22,0.00424327002838254
R1_handsout@D2,floor_box_table,16,motion_token,mse_at_horizon_idx,23,0.004352071788161993
R1_handsout@D2,floor_box_table,16,motion_token,mse_at_horizon_idx,24,0.0044104536063969135
R1_handsout@D2,floor_box_table,16,motion_token,mse_at_horizon_idx,25,0.00465990137308836
R1_handsout@D2,floor_box_table,16,motion_token,mse_at_horizon_idx,26,0.004601520020514727
R1_handsout@D2,floor_box_table,16,motion_token,mse_at_horizon_idx,27,0.004198157228529453
R1_handsout@D2,floor_box_table,16,motion_token,mse_at_horizon_idx,28,0.00444495165720582
R1_handsout@D2,floor_box_table,16,motion_token,mse_at_horizon_idx,29,0.004511293955147266
R1_handsout@D2,floor_box_table,16,motion_token,mse_at_horizon_idx,30,0.00468909228220582
R1_handsout@D2,floor_box_table,16,motion_token,mse_at_horizon_idx,31,0.0046837846748530865
R1_handsout@D2,floor_box_table,16,motion_token,mse_at_horizon_idx,32,0.004686438478529453
R1_handsout@D2,floor_box_table,16,motion_token,mse_at_horizon_idx,33,0.00485362159088254
R1_handsout@D2,floor_box_table,16,motion_token,mse_at_horizon_idx,34,0.0048058549873530865
R1_handsout@D2,floor_box_table,16,motion_token,mse_at_horizon_idx,35,0.00435472559183836
R1_handsout@D2,floor_box_table,16,motion_token,mse_at_horizon_idx,36,0.004405628424137831
R1_handsout@D2,floor_box_table,16,motion_token,mse_at_horizon_idx,37,0.004280783701688051
R1_handsout@D2,floor_box_table,16,motion_token,mse_at_horizon_idx,38,0.0044583408161997795
R1_handsout@D2,floor_box_table,16,motion_token,mse_at_horizon_idx,39,0.00444169482216239
R1_handsout@D2,floor_box_table,16,left_hand_joints,mse,-1,0.0
R1_handsout@D2,floor_box_table,16,left_hand_joints,mae,-1,0.0
R1_handsout@D2,floor_box_table,16,left_hand_joints,normalized_mse,-1,
R1_handsout@D2,floor_box_table,16,left_hand_joints,final_position_error,-1,0.0
R1_handsout@D2,floor_box_table,16,left_hand_joints,mean_squared_jerk_pred,-1,0.0
R1_handsout@D2,floor_box_table,16,left_hand_joints,mean_squared_jerk_gt,-1,0.0
R1_handsout@D2,floor_box_table,16,left_hand_joints,jerk_ratio_pred_over_gt,-1,
R1_handsout@D2,floor_box_table,16,left_hand_joints,chunk_boundary_discontinuity,-1,0.0
R1_handsout@D2,floor_box_table,16,left_hand_joints,mse_proprio_ablated,-1,0.0
R1_handsout@D2,floor_box_table,16,left_hand_joints,proprio_leakage_gap,-1,0.0
R1_handsout@D2,floor_box_table,16,left_hand_joints,mse_at_horizon_idx,0,0.0
R1_handsout@D2,floor_box_table,16,left_hand_joints,mse_at_horizon_idx,1,0.0
R1_handsout@D2,floor_box_table,16,left_hand_joints,mse_at_horizon_idx,2,0.0
R1_handsout@D2,floor_box_table,16,left_hand_joints,mse_at_horizon_idx,3,0.0
R1_handsout@D2,floor_box_table,16,left_hand_joints,mse_at_horizon_idx,4,0.0
R1_handsout@D2,floor_box_table,16,left_hand_joints,mse_at_horizon_idx,5,0.0
R1_handsout@D2,floor_box_table,16,left_hand_joints,mse_at_horizon_idx,6,0.0
R1_handsout@D2,floor_box_table,16,left_hand_joints,mse_at_horizon_idx,7,0.0
R1_handsout@D2,floor_box_table,16,left_hand_joints,mse_at_horizon_idx,8,0.0
R1_handsout@D2,floor_box_table,16,left_hand_joints,mse_at_horizon_idx,9,0.0
R1_handsout@D2,floor_box_table,16,left_hand_joints,mse_at_horizon_idx,10,0.0
R1_handsout@D2,floor_box_table,16,left_hand_joints,mse_at_horizon_idx,11,0.0
R1_handsout@D2,floor_box_table,16,left_hand_joints,mse_at_horizon_idx,12,0.0
R1_handsout@D2,floor_box_table,16,left_hand_joints,mse_at_horizon_idx,13,0.0
R1_handsout@D2,floor_box_table,16,left_hand_joints,mse_at_horizon_idx,14,0.0
R1_handsout@D2,floor_box_table,16,left_hand_joints,mse_at_horizon_idx,15,0.0
R1_handsout@D2,floor_box_table,16,left_hand_joints,mse_at_horizon_idx,16,0.0
R1_handsout@D2,floor_box_table,16,left_hand_joints,mse_at_horizon_idx,17,0.0
R1_handsout@D2,floor_box_table,16,left_hand_joints,mse_at_horizon_idx,18,0.0
R1_handsout@D2,floor_box_table,16,left_hand_joints,mse_at_horizon_idx,19,0.0
R1_handsout@D2,floor_box_table,16,left_hand_joints,mse_at_horizon_idx,20,0.0
R1_handsout@D2,floor_box_table,16,left_hand_joints,mse_at_horizon_idx,21,0.0
R1_handsout@D2,floor_box_table,16,left_hand_joints,mse_at_horizon_idx,22,0.0
R1_handsout@D2,floor_box_table,16,left_hand_joints,mse_at_horizon_idx,23,0.0
R1_handsout@D2,floor_box_table,16,left_hand_joints,mse_at_horizon_idx,24,0.0
R1_handsout@D2,floor_box_table,16,left_hand_joints,mse_at_horizon_idx,25,0.0
R1_handsout@D2,floor_box_table,16,left_hand_joints,mse_at_horizon_idx,26,0.0
R1_handsout@D2,floor_box_table,16,left_hand_joints,mse_at_horizon_idx,27,0.0
R1_handsout@D2,floor_box_table,16,left_hand_joints,mse_at_horizon_idx,28,0.0
R1_handsout@D2,floor_box_table,16,left_hand_joints,mse_at_horizon_idx,29,0.0
R1_handsout@D2,floor_box_table,16,left_hand_joints,mse_at_horizon_idx,30,0.0
R1_handsout@D2,floor_box_table,16,left_hand_joints,mse_at_horizon_idx,31,0.0
R1_handsout@D2,floor_box_table,16,left_hand_joints,mse_at_horizon_idx,32,0.0
R1_handsout@D2,floor_box_table,16,left_hand_joints,mse_at_horizon_idx,33,0.0
R1_handsout@D2,floor_box_table,16,left_hand_joints,mse_at_horizon_idx,34,0.0
R1_handsout@D2,floor_box_table,16,left_hand_joints,mse_at_horizon_idx,35,0.0
R1_handsout@D2,floor_box_table,16,left_hand_joints,mse_at_horizon_idx,36,0.0
R1_handsout@D2,floor_box_table,16,left_hand_joints,mse_at_horizon_idx,37,0.0
R1_handsout@D2,floor_box_table,16,left_hand_joints,mse_at_horizon_idx,38,0.0
R1_handsout@D2,floor_box_table,16,left_hand_joints,mse_at_horizon_idx,39,0.0
R1_handsout@D2,floor_box_table,16,left_hand_joints,grasp_precision,-1,
R1_handsout@D2,floor_box_table,16,left_hand_joints,grasp_recall,-1,
R1_handsout@D2,floor_box_table,16,left_hand_joints,grasp_f1,-1,
R1_handsout@D2,floor_box_table,16,left_hand_joints,grasp_n_gt_events,-1,0.0
R1_handsout@D2,floor_box_table,16,left_hand_joints,grasp_n_pred_events,-1,0.0
R1_handsout@D2,floor_box_table,16,left_hand_joints,grasp_onset_timing_error_signed_steps,-1,
R1_handsout@D2,floor_box_table,16,left_hand_joints,grasp_spurious_transitions,-1,0.0
R1_handsout@D2,floor_box_table,16,right_hand_joints,mse,-1,0.0
R1_handsout@D2,floor_box_table,16,right_hand_joints,mae,-1,0.0
R1_handsout@D2,floor_box_table,16,right_hand_joints,normalized_mse,-1,
R1_handsout@D2,floor_box_table,16,right_hand_joints,final_position_error,-1,0.0
R1_handsout@D2,floor_box_table,16,right_hand_joints,mean_squared_jerk_pred,-1,0.0
R1_handsout@D2,floor_box_table,16,right_hand_joints,mean_squared_jerk_gt,-1,0.0
R1_handsout@D2,floor_box_table,16,right_hand_joints,jerk_ratio_pred_over_gt,-1,
R1_handsout@D2,floor_box_table,16,right_hand_joints,chunk_boundary_discontinuity,-1,0.0
R1_handsout@D2,floor_box_table,16,right_hand_joints,mse_proprio_ablated,-1,0.0
R1_handsout@D2,floor_box_table,16,right_hand_joints,proprio_leakage_gap,-1,0.0
R1_handsout@D2,floor_box_table,16,right_hand_joints,mse_at_horizon_idx,0,0.0
R1_handsout@D2,floor_box_table,16,right_hand_joints,mse_at_horizon_idx,1,0.0
R1_handsout@D2,floor_box_table,16,right_hand_joints,mse_at_horizon_idx,2,0.0
R1_handsout@D2,floor_box_table,16,right_hand_joints,mse_at_horizon_idx,3,0.0
R1_handsout@D2,floor_box_table,16,right_hand_joints,mse_at_horizon_idx,4,0.0
R1_handsout@D2,floor_box_table,16,right_hand_joints,mse_at_horizon_idx,5,0.0
R1_handsout@D2,floor_box_table,16,right_hand_joints,mse_at_horizon_idx,6,0.0
R1_handsout@D2,floor_box_table,16,right_hand_joints,mse_at_horizon_idx,7,0.0
R1_handsout@D2,floor_box_table,16,right_hand_joints,mse_at_horizon_idx,8,0.0
R1_handsout@D2,floor_box_table,16,right_hand_joints,mse_at_horizon_idx,9,0.0
R1_handsout@D2,floor_box_table,16,right_hand_joints,mse_at_horizon_idx,10,0.0
R1_handsout@D2,floor_box_table,16,right_hand_joints,mse_at_horizon_idx,11,0.0
R1_handsout@D2,floor_box_table,16,right_hand_joints,mse_at_horizon_idx,12,0.0
R1_handsout@D2,floor_box_table,16,right_hand_joints,mse_at_horizon_idx,13,0.0
R1_handsout@D2,floor_box_table,16,right_hand_joints,mse_at_horizon_idx,14,0.0
R1_handsout@D2,floor_box_table,16,right_hand_joints,mse_at_horizon_idx,15,0.0
R1_handsout@D2,floor_box_table,16,right_hand_joints,mse_at_horizon_idx,16,0.0
R1_handsout@D2,floor_box_table,16,right_hand_joints,mse_at_horizon_idx,17,0.0
R1_handsout@D2,floor_box_table,16,right_hand_joints,mse_at_horizon_idx,18,0.0
R1_handsout@D2,floor_box_table,16,right_hand_joints,mse_at_horizon_idx,19,0.0
R1_handsout@D2,floor_box_table,16,right_hand_joints,mse_at_horizon_idx,20,0.0
R1_handsout@D2,floor_box_table,16,right_hand_joints,mse_at_horizon_idx,21,0.0
R1_handsout@D2,floor_box_table,16,right_hand_joints,mse_at_horizon_idx,22,0.0
R1_handsout@D2,floor_box_table,16,right_hand_joints,mse_at_horizon_idx,23,0.0
R1_handsout@D2,floor_box_table,16,right_hand_joints,mse_at_horizon_idx,24,0.0
R1_handsout@D2,floor_box_table,16,right_hand_joints,mse_at_horizon_idx,25,0.0
R1_handsout@D2,floor_box_table,16,right_hand_joints,mse_at_horizon_idx,26,0.0
R1_handsout@D2,floor_box_table,16,right_hand_joints,mse_at_horizon_idx,27,0.0
R1_handsout@D2,floor_box_table,16,right_hand_joints,mse_at_horizon_idx,28,0.0
R1_handsout@D2,floor_box_table,16,right_hand_joints,mse_at_horizon_idx,29,0.0
R1_handsout@D2,floor_box_table,16,right_hand_joints,mse_at_horizon_idx,30,0.0
R1_handsout@D2,floor_box_table,16,right_hand_joints,mse_at_horizon_idx,31,0.0
R1_handsout@D2,floor_box_table,16,right_hand_joints,mse_at_horizon_idx,32,0.0
R1_handsout@D2,floor_box_table,16,right_hand_joints,mse_at_horizon_idx,33,0.0
R1_handsout@D2,floor_box_table,16,right_hand_joints,mse_at_horizon_idx,34,0.0
R1_handsout@D2,floor_box_table,16,right_hand_joints,mse_at_horizon_idx,35,0.0
R1_handsout@D2,floor_box_table,16,right_hand_joints,mse_at_horizon_idx,36,0.0
R1_handsout@D2,floor_box_table,16,right_hand_joints,mse_at_horizon_idx,37,0.0
R1_handsout@D2,floor_box_table,16,right_hand_joints,mse_at_horizon_idx,38,0.0
R1_handsout@D2,floor_box_table,16,right_hand_joints,mse_at_horizon_idx,39,0.0
R1_handsout@D2,floor_box_table,16,right_hand_joints,grasp_precision,-1,
R1_handsout@D2,floor_box_table,16,right_hand_joints,grasp_recall,-1,
R1_handsout@D2,floor_box_table,16,right_hand_joints,grasp_f1,-1,
R1_handsout@D2,floor_box_table,16,right_hand_joints,grasp_n_gt_events,-1,0.0
R1_handsout@D2,floor_box_table,16,right_hand_joints,grasp_n_pred_events,-1,0.0
R1_handsout@D2,floor_box_table,16,right_hand_joints,grasp_onset_timing_error_signed_steps,-1,
R1_handsout@D2,floor_box_table,16,right_hand_joints,grasp_spurious_transitions,-1,0.0
R1_handsout@D2,floor_box_table,16,all,mse,-1,0.003756665624678135
R1_handsout@D2,floor_box_table,16,all,mae,-1,0.038325075060129166
R1_handsout@D2,floor_box_table,16,all,normalized_mse,-1,0.5328666567802429
R1_handsout@D2,floor_box_table,16,all,final_position_error,-1,0.5796011686325073
R1_handsout@D2,floor_box_table,16,all,mean_squared_jerk_pred,-1,0.0028895630966871977
R1_handsout@D2,floor_box_table,16,all,mean_squared_jerk_gt,-1,0.0011562859872356057
R1_handsout@D2,floor_box_table,16,all,jerk_ratio_pred_over_gt,-1,2.4990038179009932
R1_handsout@D2,floor_box_table,16,all,chunk_boundary_discontinuity,-1,0.0002617825230117887
R1_handsout@D2,floor_box_table,16,all,mse_proprio_ablated,-1,0.004360634367913008
R1_handsout@D2,floor_box_table,16,all,proprio_leakage_gap,-1,0.0006039687432348728
R1_handsout@D2,floor_box_table,16,all,mse_at_horizon_idx,0,0.0036798010114580393
R1_handsout@D2,floor_box_table,16,all,mse_at_horizon_idx,1,0.0038126225117594004
R1_handsout@D2,floor_box_table,16,all,mse_at_horizon_idx,2,0.003914960194379091
R1_handsout@D2,floor_box_table,16,all,mse_at_horizon_idx,3,0.003538270015269518
R1_handsout@D2,floor_box_table,16,all,mse_at_horizon_idx,4,0.003573107998818159
R1_handsout@D2,floor_box_table,16,all,mse_at_horizon_idx,5,0.003797380719333887
R1_handsout@D2,floor_box_table,16,all,mse_at_horizon_idx,6,0.003906250465661287
R1_handsout@D2,floor_box_table,16,all,mse_at_horizon_idx,7,0.004004233051091433
R1_handsout@D2,floor_box_table,16,all,mse_at_horizon_idx,8,0.004171892534941435
R1_handsout@D2,floor_box_table,16,all,mse_at_horizon_idx,9,0.004457131959497929
R1_handsout@D2,floor_box_table,16,all,mse_at_horizon_idx,10,0.004439712036401033
R1_handsout@D2,floor_box_table,16,all,mse_at_horizon_idx,11,0.0038147992454469204
R1_handsout@D2,floor_box_table,16,all,mse_at_horizon_idx,12,0.0038017351180315018
R1_handsout@D2,floor_box_table,16,all,mse_at_horizon_idx,13,0.003721171524375677
R1_handsout@D2,floor_box_table,16,all,mse_at_horizon_idx,14,0.003880121512338519
R1_handsout@D2,floor_box_table,16,all,mse_at_horizon_idx,15,0.0037799610290676355
R1_handsout@D2,floor_box_table,16,all,mse_at_horizon_idx,16,0.0037668966688215733
R1_handsout@D2,floor_box_table,16,all,mse_at_horizon_idx,17,0.003928023856133223
R1_handsout@D2,floor_box_table,16,all,mse_at_horizon_idx,18,0.004071732517331839
R1_handsout@D2,floor_box_table,16,all,mse_at_horizon_idx,19,0.0030788390431553125
R1_handsout@D2,floor_box_table,16,all,mse_at_horizon_idx,20,0.003231256967410445
R1_handsout@D2,floor_box_table,16,all,mse_at_horizon_idx,21,0.0033423041459172964
R1_handsout@D2,floor_box_table,16,all,mse_at_horizon_idx,22,0.003481657709926367
R1_handsout@D2,floor_box_table,16,all,mse_at_horizon_idx,23,0.0035709310322999954
R1_handsout@D2,floor_box_table,16,all,mse_at_horizon_idx,24,0.003618833841755986
R1_handsout@D2,floor_box_table,16,all,mse_at_horizon_idx,25,0.0038235094398260117
R1_handsout@D2,floor_box_table,16,all,mse_at_horizon_idx,26,0.00377560593187809
R1_handsout@D2,floor_box_table,16,all,mse_at_horizon_idx,27,0.0034446425270289183
R1_handsout@D2,floor_box_table,16,all,mse_at_horizon_idx,28,0.0036471395287662745
R1_handsout@D2,floor_box_table,16,all,mse_at_horizon_idx,29,0.003701574867591262
R1_handsout@D2,floor_box_table,16,all,mse_at_horizon_idx,30,0.0038474607281386852
R1_handsout@D2,floor_box_table,16,all,mse_at_horizon_idx,31,0.003843105398118496
R1_handsout@D2,floor_box_table,16,all,mse_at_horizon_idx,32,0.003845282830297947
R1_handsout@D2,floor_box_table,16,all,mse_at_horizon_idx,33,0.00398245919495821
R1_handsout@D2,floor_box_table,16,all,mse_at_horizon_idx,34,0.003943265415728092
R1_handsout@D2,floor_box_table,16,all,mse_at_horizon_idx,35,0.0035731082316488028
R1_handsout@D2,floor_box_table,16,all,mse_at_horizon_idx,36,0.003614874789491296
R1_handsout@D2,floor_box_table,16,all,mse_at_horizon_idx,37,0.003512438153848052
R1_handsout@D2,floor_box_table,16,all,mse_at_horizon_idx,38,0.0036581256426870823
R1_handsout@D2,floor_box_table,16,all,mse_at_horizon_idx,39,0.003644467331469059
R1_handsout,bottle_cupnoodles_shelf,0,motion_token,mse,-1,0.008676768280565739
R1_handsout,bottle_cupnoodles_shelf,0,motion_token,mae,-1,0.07152064889669418
R1_handsout,bottle_cupnoodles_shelf,0,motion_token,normalized_mse,-1,1.3686635494232178
R1_handsout,bottle_cupnoodles_shelf,0,motion_token,final_position_error,-1,0.6466811299324036
R1_handsout,bottle_cupnoodles_shelf,0,motion_token,mean_squared_jerk_pred,-1,0.0012941937893629074
R1_handsout,bottle_cupnoodles_shelf,0,motion_token,mean_squared_jerk_gt,-1,0.0012229096610099077
R1_handsout,bottle_cupnoodles_shelf,0,motion_token,jerk_ratio_pred_over_gt,-1,1.0582905922046044
R1_handsout,bottle_cupnoodles_shelf,0,motion_token,chunk_boundary_discontinuity,-1,0.006222570780664682
R1_handsout,bottle_cupnoodles_shelf,0,motion_token,on_grid_fraction,-1,0.04230195911413969
R1_handsout,bottle_cupnoodles_shelf,0,motion_token,mse_proprio_ablated,-1,0.008211521431803703
R1_handsout,bottle_cupnoodles_shelf,0,motion_token,proprio_leakage_gap,-1,-0.00046524684876203537
R1_handsout,bottle_cupnoodles_shelf,0,motion_token,mse_at_horizon_idx,0,0.005499938502907753
R1_handsout,bottle_cupnoodles_shelf,0,motion_token,mse_at_horizon_idx,1,0.005500800907611847
R1_handsout,bottle_cupnoodles_shelf,0,motion_token,mse_at_horizon_idx,2,0.005627830978482962
R1_handsout,bottle_cupnoodles_shelf,0,motion_token,mse_at_horizon_idx,3,0.005801867693662643
R1_handsout,bottle_cupnoodles_shelf,0,motion_token,mse_at_horizon_idx,4,0.005976263899356127
R1_handsout,bottle_cupnoodles_shelf,0,motion_token,mse_at_horizon_idx,5,0.006142632570117712
R1_handsout,bottle_cupnoodles_shelf,0,motion_token,mse_at_horizon_idx,6,0.006347648799419403
R1_handsout,bottle_cupnoodles_shelf,0,motion_token,mse_at_horizon_idx,7,0.006537799257785082
R1_handsout,bottle_cupnoodles_shelf,0,motion_token,mse_at_horizon_idx,8,0.0066539216786623
R1_handsout,bottle_cupnoodles_shelf,0,motion_token,mse_at_horizon_idx,9,0.0069340853951871395
R1_handsout,bottle_cupnoodles_shelf,0,motion_token,mse_at_horizon_idx,10,0.0071442523039877415
R1_handsout,bottle_cupnoodles_shelf,0,motion_token,mse_at_horizon_idx,11,0.007322322577238083
R1_handsout,bottle_cupnoodles_shelf,0,motion_token,mse_at_horizon_idx,12,0.007464068941771984
R1_handsout,bottle_cupnoodles_shelf,0,motion_token,mse_at_horizon_idx,13,0.00767299672588706
R1_handsout,bottle_cupnoodles_shelf,0,motion_token,mse_at_horizon_idx,14,0.007922062650322914
R1_handsout,bottle_cupnoodles_shelf,0,motion_token,mse_at_horizon_idx,15,0.008223988115787506
R1_handsout,bottle_cupnoodles_shelf,0,motion_token,mse_at_horizon_idx,16,0.008456937037408352
R1_handsout,bottle_cupnoodles_shelf,0,motion_token,mse_at_horizon_idx,17,0.00869412999600172
R1_handsout,bottle_cupnoodles_shelf,0,motion_token,mse_at_horizon_idx,18,0.008874209597706795
R1_handsout,bottle_cupnoodles_shelf,0,motion_token,mse_at_horizon_idx,19,0.009163163602352142
R1_handsout,bottle_cupnoodles_shelf,0,motion_token,mse_at_horizon_idx,20,0.0094148525968194
R1_handsout,bottle_cupnoodles_shelf,0,motion_token,mse_at_horizon_idx,21,0.00969981960952282
R1_handsout,bottle_cupnoodles_shelf,0,motion_token,mse_at_horizon_idx,22,0.009886103682219982
R1_handsout,bottle_cupnoodles_shelf,0,motion_token,mse_at_horizon_idx,23,0.010027299635112286
R1_handsout,bottle_cupnoodles_shelf,0,motion_token,mse_at_horizon_idx,24,0.010277265682816505
R1_handsout,bottle_cupnoodles_shelf,0,motion_token,mse_at_horizon_idx,25,0.010463744401931763
R1_handsout,bottle_cupnoodles_shelf,0,motion_token,mse_at_horizon_idx,26,0.010535657405853271
R1_handsout,bottle_cupnoodles_shelf,0,motion_token,mse_at_horizon_idx,27,0.010587848722934723
R1_handsout,bottle_cupnoodles_shelf,0,motion_token,mse_at_horizon_idx,28,0.010457711294293404
R1_handsout,bottle_cupnoodles_shelf,0,motion_token,mse_at_horizon_idx,29,0.010401066392660141
R1_handsout,bottle_cupnoodles_shelf,0,motion_token,mse_at_horizon_idx,30,0.010331982746720314
R1_handsout,bottle_cupnoodles_shelf,0,motion_token,mse_at_horizon_idx,31,0.010208192281425
R1_handsout,bottle_cupnoodles_shelf,0,motion_token,mse_at_horizon_idx,32,0.010224365629255772
R1_handsout,bottle_cupnoodles_shelf,0,motion_token,mse_at_horizon_idx,33,0.010197523981332779
R1_handsout,bottle_cupnoodles_shelf,0,motion_token,mse_at_horizon_idx,34,0.010249294340610504
R1_handsout,bottle_cupnoodles_shelf,0,motion_token,mse_at_horizon_idx,35,0.010343373753130436
R1_handsout,bottle_cupnoodles_shelf,0,motion_token,mse_at_horizon_idx,36,0.010387863032519817
R1_handsout,bottle_cupnoodles_shelf,0,motion_token,mse_at_horizon_idx,37,0.010506344959139824
R1_handsout,bottle_cupnoodles_shelf,0,motion_token,mse_at_horizon_idx,38,0.010609840974211693
R1_handsout,bottle_cupnoodles_shelf,0,motion_token,mse_at_horizon_idx,39,0.010732567869126797
R1_handsout,bottle_cupnoodles_shelf,0,left_hand_joints,mse,-1,0.0
R1_handsout,bottle_cupnoodles_shelf,0,left_hand_joints,mae,-1,0.0
R1_handsout,bottle_cupnoodles_shelf,0,left_hand_joints,normalized_mse,-1,
R1_handsout,bottle_cupnoodles_shelf,0,left_hand_joints,final_position_error,-1,0.0
R1_handsout,bottle_cupnoodles_shelf,0,left_hand_joints,mean_squared_jerk_pred,-1,0.0
R1_handsout,bottle_cupnoodles_shelf,0,left_hand_joints,mean_squared_jerk_gt,-1,0.0
R1_handsout,bottle_cupnoodles_shelf,0,left_hand_joints,jerk_ratio_pred_over_gt,-1,
R1_handsout,bottle_cupnoodles_shelf,0,left_hand_joints,chunk_boundary_discontinuity,-1,0.0
R1_handsout,bottle_cupnoodles_shelf,0,left_hand_joints,mse_proprio_ablated,-1,0.0
R1_handsout,bottle_cupnoodles_shelf,0,left_hand_joints,proprio_leakage_gap,-1,0.0
R1_handsout,bottle_cupnoodles_shelf,0,left_hand_joints,mse_at_horizon_idx,0,0.0
R1_handsout,bottle_cupnoodles_shelf,0,left_hand_joints,mse_at_horizon_idx,1,0.0
R1_handsout,bottle_cupnoodles_shelf,0,left_hand_joints,mse_at_horizon_idx,2,0.0
R1_handsout,bottle_cupnoodles_shelf,0,left_hand_joints,mse_at_horizon_idx,3,0.0
R1_handsout,bottle_cupnoodles_shelf,0,left_hand_joints,mse_at_horizon_idx,4,0.0
R1_handsout,bottle_cupnoodles_shelf,0,left_hand_joints,mse_at_horizon_idx,5,0.0
R1_handsout,bottle_cupnoodles_shelf,0,left_hand_joints,mse_at_horizon_idx,6,0.0
R1_handsout,bottle_cupnoodles_shelf,0,left_hand_joints,mse_at_horizon_idx,7,0.0
R1_handsout,bottle_cupnoodles_shelf,0,left_hand_joints,mse_at_horizon_idx,8,0.0
R1_handsout,bottle_cupnoodles_shelf,0,left_hand_joints,mse_at_horizon_idx,9,0.0
R1_handsout,bottle_cupnoodles_shelf,0,left_hand_joints,mse_at_horizon_idx,10,0.0
R1_handsout,bottle_cupnoodles_shelf,0,left_hand_joints,mse_at_horizon_idx,11,0.0
R1_handsout,bottle_cupnoodles_shelf,0,left_hand_joints,mse_at_horizon_idx,12,0.0
R1_handsout,bottle_cupnoodles_shelf,0,left_hand_joints,mse_at_horizon_idx,13,0.0
R1_handsout,bottle_cupnoodles_shelf,0,left_hand_joints,mse_at_horizon_idx,14,0.0
R1_handsout,bottle_cupnoodles_shelf,0,left_hand_joints,mse_at_horizon_idx,15,0.0
R1_handsout,bottle_cupnoodles_shelf,0,left_hand_joints,mse_at_horizon_idx,16,0.0
R1_handsout,bottle_cupnoodles_shelf,0,left_hand_joints,mse_at_horizon_idx,17,0.0
R1_handsout,bottle_cupnoodles_shelf,0,left_hand_joints,mse_at_horizon_idx,18,0.0
R1_handsout,bottle_cupnoodles_shelf,0,left_hand_joints,mse_at_horizon_idx,19,0.0
R1_handsout,bottle_cupnoodles_shelf,0,left_hand_joints,mse_at_horizon_idx,20,0.0
R1_handsout,bottle_cupnoodles_shelf,0,left_hand_joints,mse_at_horizon_idx,21,0.0
R1_handsout,bottle_cupnoodles_shelf,0,left_hand_joints,mse_at_horizon_idx,22,0.0
R1_handsout,bottle_cupnoodles_shelf,0,left_hand_joints,mse_at_horizon_idx,23,0.0
R1_handsout,bottle_cupnoodles_shelf,0,left_hand_joints,mse_at_horizon_idx,24,0.0
R1_handsout,bottle_cupnoodles_shelf,0,left_hand_joints,mse_at_horizon_idx,25,0.0
R1_handsout,bottle_cupnoodles_shelf,0,left_hand_joints,mse_at_horizon_idx,26,0.0
R1_handsout,bottle_cupnoodles_shelf,0,left_hand_joints,mse_at_horizon_idx,27,0.0
R1_handsout,bottle_cupnoodles_shelf,0,left_hand_joints,mse_at_horizon_idx,28,0.0
R1_handsout,bottle_cupnoodles_shelf,0,left_hand_joints,mse_at_horizon_idx,29,0.0
R1_handsout,bottle_cupnoodles_shelf,0,left_hand_joints,mse_at_horizon_idx,30,0.0
R1_handsout,bottle_cupnoodles_shelf,0,left_hand_joints,mse_at_horizon_idx,31,0.0
R1_handsout,bottle_cupnoodles_shelf,0,left_hand_joints,mse_at_horizon_idx,32,0.0
R1_handsout,bottle_cupnoodles_shelf,0,left_hand_joints,mse_at_horizon_idx,33,0.0
R1_handsout,bottle_cupnoodles_shelf,0,left_hand_joints,mse_at_horizon_idx,34,0.0
R1_handsout,bottle_cupnoodles_shelf,0,left_hand_joints,mse_at_horizon_idx,35,0.0
R1_handsout,bottle_cupnoodles_shelf,0,left_hand_joints,mse_at_horizon_idx,36,0.0
R1_handsout,bottle_cupnoodles_shelf,0,left_hand_joints,mse_at_horizon_idx,37,0.0
R1_handsout,bottle_cupnoodles_shelf,0,left_hand_joints,mse_at_horizon_idx,38,0.0
R1_handsout,bottle_cupnoodles_shelf,0,left_hand_joints,mse_at_horizon_idx,39,0.0
R1_handsout,bottle_cupnoodles_shelf,0,left_hand_joints,grasp_precision,-1,
R1_handsout,bottle_cupnoodles_shelf,0,left_hand_joints,grasp_recall,-1,
R1_handsout,bottle_cupnoodles_shelf,0,left_hand_joints,grasp_f1,-1,
R1_handsout,bottle_cupnoodles_shelf,0,left_hand_joints,grasp_n_gt_events,-1,0.0
R1_handsout,bottle_cupnoodles_shelf,0,left_hand_joints,grasp_n_pred_events,-1,0.0
R1_handsout,bottle_cupnoodles_shelf,0,left_hand_joints,grasp_onset_timing_error_signed_steps,-1,
R1_handsout,bottle_cupnoodles_shelf,0,left_hand_joints,grasp_spurious_transitions,-1,0.0
R1_handsout,bottle_cupnoodles_shelf,0,right_hand_joints,mse,-1,0.0
R1_handsout,bottle_cupnoodles_shelf,0,right_hand_joints,mae,-1,0.0
R1_handsout,bottle_cupnoodles_shelf,0,right_hand_joints,normalized_mse,-1,
R1_handsout,bottle_cupnoodles_shelf,0,right_hand_joints,final_position_error,-1,0.0
R1_handsout,bottle_cupnoodles_shelf,0,right_hand_joints,mean_squared_jerk_pred,-1,0.0
R1_handsout,bottle_cupnoodles_shelf,0,right_hand_joints,mean_squared_jerk_gt,-1,0.0
R1_handsout,bottle_cupnoodles_shelf,0,right_hand_joints,jerk_ratio_pred_over_gt,-1,
R1_handsout,bottle_cupnoodles_shelf,0,right_hand_joints,chunk_boundary_discontinuity,-1,0.0
R1_handsout,bottle_cupnoodles_shelf,0,right_hand_joints,mse_proprio_ablated,-1,0.0
R1_handsout,bottle_cupnoodles_shelf,0,right_hand_joints,proprio_leakage_gap,-1,0.0
R1_handsout,bottle_cupnoodles_shelf,0,right_hand_joints,mse_at_horizon_idx,0,0.0
R1_handsout,bottle_cupnoodles_shelf,0,right_hand_joints,mse_at_horizon_idx,1,0.0
R1_handsout,bottle_cupnoodles_shelf,0,right_hand_joints,mse_at_horizon_idx,2,0.0
R1_handsout,bottle_cupnoodles_shelf,0,right_hand_joints,mse_at_horizon_idx,3,0.0
R1_handsout,bottle_cupnoodles_shelf,0,right_hand_joints,mse_at_horizon_idx,4,0.0
R1_handsout,bottle_cupnoodles_shelf,0,right_hand_joints,mse_at_horizon_idx,5,0.0
R1_handsout,bottle_cupnoodles_shelf,0,right_hand_joints,mse_at_horizon_idx,6,0.0
R1_handsout,bottle_cupnoodles_shelf,0,right_hand_joints,mse_at_horizon_idx,7,0.0
R1_handsout,bottle_cupnoodles_shelf,0,right_hand_joints,mse_at_horizon_idx,8,0.0
R1_handsout,bottle_cupnoodles_shelf,0,right_hand_joints,mse_at_horizon_idx,9,0.0
R1_handsout,bottle_cupnoodles_shelf,0,right_hand_joints,mse_at_horizon_idx,10,0.0
R1_handsout,bottle_cupnoodles_shelf,0,right_hand_joints,mse_at_horizon_idx,11,0.0
R1_handsout,bottle_cupnoodles_shelf,0,right_hand_joints,mse_at_horizon_idx,12,0.0
R1_handsout,bottle_cupnoodles_shelf,0,right_hand_joints,mse_at_horizon_idx,13,0.0
R1_handsout,bottle_cupnoodles_shelf,0,right_hand_joints,mse_at_horizon_idx,14,0.0
R1_handsout,bottle_cupnoodles_shelf,0,right_hand_joints,mse_at_horizon_idx,15,0.0
R1_handsout,bottle_cupnoodles_shelf,0,right_hand_joints,mse_at_horizon_idx,16,0.0
R1_handsout,bottle_cupnoodles_shelf,0,right_hand_joints,mse_at_horizon_idx,17,0.0
R1_handsout,bottle_cupnoodles_shelf,0,right_hand_joints,mse_at_horizon_idx,18,0.0
R1_handsout,bottle_cupnoodles_shelf,0,right_hand_joints,mse_at_horizon_idx,19,0.0
R1_handsout,bottle_cupnoodles_shelf,0,right_hand_joints,mse_at_horizon_idx,20,0.0
R1_handsout,bottle_cupnoodles_shelf,0,right_hand_joints,mse_at_horizon_idx,21,0.0
R1_handsout,bottle_cupnoodles_shelf,0,right_hand_joints,mse_at_horizon_idx,22,0.0
R1_handsout,bottle_cupnoodles_shelf,0,right_hand_joints,mse_at_horizon_idx,23,0.0
R1_handsout,bottle_cupnoodles_shelf,0,right_hand_joints,mse_at_horizon_idx,24,0.0
R1_handsout,bottle_cupnoodles_shelf,0,right_hand_joints,mse_at_horizon_idx,25,0.0
R1_handsout,bottle_cupnoodles_shelf,0,right_hand_joints,mse_at_horizon_idx,26,0.0
R1_handsout,bottle_cupnoodles_shelf,0,right_hand_joints,mse_at_horizon_idx,27,0.0
R1_handsout,bottle_cupnoodles_shelf,0,right_hand_joints,mse_at_horizon_idx,28,0.0
R1_handsout,bottle_cupnoodles_shelf,0,right_hand_joints,mse_at_horizon_idx,29,0.0
R1_handsout,bottle_cupnoodles_shelf,0,right_hand_joints,mse_at_horizon_idx,30,0.0
R1_handsout,bottle_cupnoodles_shelf,0,right_hand_joints,mse_at_horizon_idx,31,0.0
R1_handsout,bottle_cupnoodles_shelf,0,right_hand_joints,mse_at_horizon_idx,32,0.0
R1_handsout,bottle_cupnoodles_shelf,0,right_hand_joints,mse_at_horizon_idx,33,0.0
R1_handsout,bottle_cupnoodles_shelf,0,right_hand_joints,mse_at_horizon_idx,34,0.0
R1_handsout,bottle_cupnoodles_shelf,0,right_hand_joints,mse_at_horizon_idx,35,0.0
R1_handsout,bottle_cupnoodles_shelf,0,right_hand_joints,mse_at_horizon_idx,36,0.0
R1_handsout,bottle_cupnoodles_shelf,0,right_hand_joints,mse_at_horizon_idx,37,0.0
R1_handsout,bottle_cupnoodles_shelf,0,right_hand_joints,mse_at_horizon_idx,38,0.0
R1_handsout,bottle_cupnoodles_shelf,0,right_hand_joints,mse_at_horizon_idx,39,0.0
R1_handsout,bottle_cupnoodles_shelf,0,right_hand_joints,grasp_precision,-1,
R1_handsout,bottle_cupnoodles_shelf,0,right_hand_joints,grasp_recall,-1,
R1_handsout,bottle_cupnoodles_shelf,0,right_hand_joints,grasp_f1,-1,
R1_handsout,bottle_cupnoodles_shelf,0,right_hand_joints,grasp_n_gt_events,-1,0.0
R1_handsout,bottle_cupnoodles_shelf,0,right_hand_joints,grasp_n_pred_events,-1,0.0
R1_handsout,bottle_cupnoodles_shelf,0,right_hand_joints,grasp_onset_timing_error_signed_steps,-1,
R1_handsout,bottle_cupnoodles_shelf,0,right_hand_joints,grasp_spurious_transitions,-1,0.0
R1_handsout,bottle_cupnoodles_shelf,0,all,mse,-1,0.007119400426745415
R1_handsout,bottle_cupnoodles_shelf,0,all,mae,-1,0.0586836151778698
R1_handsout,bottle_cupnoodles_shelf,0,all,normalized_mse,-1,1.3686635494232178
R1_handsout,bottle_cupnoodles_shelf,0,all,final_position_error,-1,0.6466811299324036
R1_handsout,bottle_cupnoodles_shelf,0,all,mean_squared_jerk_pred,-1,0.001061902497895062
R1_handsout,bottle_cupnoodles_shelf,0,all,mean_squared_jerk_gt,-1,0.0010034131119027734
R1_handsout,bottle_cupnoodles_shelf,0,all,jerk_ratio_pred_over_gt,-1,1.0582904342174433
R1_handsout,bottle_cupnoodles_shelf,0,all,chunk_boundary_discontinuity,-1,0.005105698946863413
R1_handsout,bottle_cupnoodles_shelf,0,all,mse_proprio_ablated,-1,0.006737658753991127
R1_handsout,bottle_cupnoodles_shelf,0,all,proprio_leakage_gap,-1,-0.0003817416727542877
R1_handsout,bottle_cupnoodles_shelf,0,all,mse_at_horizon_idx,0,0.004512770101428032
R1_handsout,bottle_cupnoodles_shelf,0,all,mse_at_horizon_idx,1,0.004513477440923452
R1_handsout,bottle_cupnoodles_shelf,0,all,mse_at_horizon_idx,2,0.004617707338184118
R1_handsout,bottle_cupnoodles_shelf,0,all,mse_at_horizon_idx,3,0.004760506562888622
R1_handsout,bottle_cupnoodles_shelf,0,all,mse_at_horizon_idx,4,0.004903600551187992
R1_handsout,bottle_cupnoodles_shelf,0,all,mse_at_horizon_idx,5,0.005040108226239681
R1_handsout,bottle_cupnoodles_shelf,0,all,mse_at_horizon_idx,6,0.00520832696929574
R1_handsout,bottle_cupnoodles_shelf,0,all,mse_at_horizon_idx,7,0.005364347714930773
R1_handsout,bottle_cupnoodles_shelf,0,all,mse_at_horizon_idx,8,0.005459628067910671
R1_handsout,bottle_cupnoodles_shelf,0,all,mse_at_horizon_idx,9,0.00568950641900301
R1_handsout,bottle_cupnoodles_shelf,0,all,mse_at_horizon_idx,10,0.0058619496412575245
R1_handsout,bottle_cupnoodles_shelf,0,all,mse_at_horizon_idx,11,0.0060080597177147865
R1_handsout,bottle_cupnoodles_shelf,0,all,mse_at_horizon_idx,12,0.006124364677816629
R1_handsout,bottle_cupnoodles_shelf,0,all,mse_at_horizon_idx,13,0.006295791827142239
R1_handsout,bottle_cupnoodles_shelf,0,all,mse_at_horizon_idx,14,0.006500153336673975
R1_handsout,bottle_cupnoodles_shelf,0,all,mse_at_horizon_idx,15,0.006747887469828129
R1_handsout,bottle_cupnoodles_shelf,0,all,mse_at_horizon_idx,16,0.006939026527106762
R1_handsout,bottle_cupnoodles_shelf,0,all,mse_at_horizon_idx,17,0.007133645471185446
R1_handsout,bottle_cupnoodles_shelf,0,all,mse_at_horizon_idx,18,0.007281403057277203
R1_handsout,bottle_cupnoodles_shelf,0,all,mse_at_horizon_idx,19,0.007518493104726076
R1_handsout,bottle_cupnoodles_shelf,0,all,mse_at_horizon_idx,20,0.007725006900727749
R1_handsout,bottle_cupnoodles_shelf,0,all,mse_at_horizon_idx,21,0.00795882660895586
R1_handsout,bottle_cupnoodles_shelf,0,all,mse_at_horizon_idx,22,0.008111675269901752
R1_handsout,bottle_cupnoodles_shelf,0,all,mse_at_horizon_idx,23,0.008227529004216194
R1_handsout,bottle_cupnoodles_shelf,0,all,mse_at_horizon_idx,24,0.008432628586888313
R1_handsout,bottle_cupnoodles_shelf,0,all,mse_at_horizon_idx,25,0.00858563557267189
R1_handsout,bottle_cupnoodles_shelf,0,all,mse_at_horizon_idx,26,0.008644643239676952
R1_handsout,bottle_cupnoodles_shelf,0,all,mse_at_horizon_idx,27,0.008687465451657772
R1_handsout,bottle_cupnoodles_shelf,0,all,mse_at_horizon_idx,28,0.008580687455832958
R1_handsout,bottle_cupnoodles_shelf,0,all,mse_at_horizon_idx,29,0.008534207940101624
R1_handsout,bottle_cupnoodles_shelf,0,all,mse_at_horizon_idx,30,0.008477524854242802
R1_handsout,bottle_cupnoodles_shelf,0,all,mse_at_horizon_idx,31,0.008375952951610088
R1_handsout,bottle_cupnoodles_shelf,0,all,mse_at_horizon_idx,32,0.00838922243565321
R1_handsout,bottle_cupnoodles_shelf,0,all,mse_at_horizon_idx,33,0.008367199450731277
R1_handsout,bottle_cupnoodles_shelf,0,all,mse_at_horizon_idx,34,0.00840967707335949
R1_handsout,bottle_cupnoodles_shelf,0,all,mse_at_horizon_idx,35,0.008486871607601643
R1_handsout,bottle_cupnoodles_shelf,0,all,mse_at_horizon_idx,36,0.008523374795913696
R1_handsout,bottle_cupnoodles_shelf,0,all,mse_at_horizon_idx,37,0.008620589971542358
R1_handsout,bottle_cupnoodles_shelf,0,all,mse_at_horizon_idx,38,0.008705511689186096
R1_handsout,bottle_cupnoodles_shelf,0,all,mse_at_horizon_idx,39,0.008806209079921246
R1_handsout,cup_wipe_sponge_dryingrack,2,motion_token,mse,-1,0.002221458125859499
R1_handsout,cup_wipe_sponge_dryingrack,2,motion_token,mae,-1,0.035578954964876175
R1_handsout,cup_wipe_sponge_dryingrack,2,motion_token,normalized_mse,-1,0.6516561508178711
R1_handsout,cup_wipe_sponge_dryingrack,2,motion_token,final_position_error,-1,0.2925648093223572
R1_handsout,cup_wipe_sponge_dryingrack,2,motion_token,mean_squared_jerk_pred,-1,0.000466314289951697
R1_handsout,cup_wipe_sponge_dryingrack,2,motion_token,mean_squared_jerk_gt,-1,0.0009948730003088713
R1_handsout,cup_wipe_sponge_dryingrack,2,motion_token,jerk_ratio_pred_over_gt,-1,0.4687174039369082
R1_handsout,cup_wipe_sponge_dryingrack,2,motion_token,chunk_boundary_discontinuity,-1,0.0018952261889353395
R1_handsout,cup_wipe_sponge_dryingrack,2,motion_token,on_grid_fraction,-1,0.05262146371463715
R1_handsout,cup_wipe_sponge_dryingrack,2,motion_token,mse_proprio_ablated,-1,0.0021616287995129824
R1_handsout,cup_wipe_sponge_dryingrack,2,motion_token,proprio_leakage_gap,-1,-5.982932634651661e-05
R1_handsout,cup_wipe_sponge_dryingrack,2,motion_token,mse_at_horizon_idx,0,0.0013866698136553168
R1_handsout,cup_wipe_sponge_dryingrack,2,motion_token,mse_at_horizon_idx,1,0.0013739223359152675
R1_handsout,cup_wipe_sponge_dryingrack,2,motion_token,mse_at_horizon_idx,2,0.0013637414667755365
R1_handsout,cup_wipe_sponge_dryingrack,2,motion_token,mse_at_horizon_idx,3,0.0013787256320938468
R1_handsout,cup_wipe_sponge_dryingrack,2,motion_token,mse_at_horizon_idx,4,0.001409956836141646
R1_handsout,cup_wipe_sponge_dryingrack,2,motion_token,mse_at_horizon_idx,5,0.0014492914779111743
R1_handsout,cup_wipe_sponge_dryingrack,2,motion_token,mse_at_horizon_idx,6,0.001528275548480451
R1_handsout,cup_wipe_sponge_dryingrack,2,motion_token,mse_at_horizon_idx,7,0.0016038609901443124
R1_handsout,cup_wipe_sponge_dryingrack,2,motion_token,mse_at_horizon_idx,8,0.001680773333646357
R1_handsout,cup_wipe_sponge_dryingrack,2,motion_token,mse_at_horizon_idx,9,0.001780717633664608
R1_handsout,cup_wipe_sponge_dryingrack,2,motion_token,mse_at_horizon_idx,10,0.0018657087348401546
R1_handsout,cup_wipe_sponge_dryingrack,2,motion_token,mse_at_horizon_idx,11,0.001880062511190772
R1_handsout,cup_wipe_sponge_dryingrack,2,motion_token,mse_at_horizon_idx,12,0.0019410231616348028
R1_handsout,cup_wipe_sponge_dryingrack,2,motion_token,mse_at_horizon_idx,13,0.002069542184472084
R1_handsout,cup_wipe_sponge_dryingrack,2,motion_token,mse_at_horizon_idx,14,0.00216602417640388
R1_handsout,cup_wipe_sponge_dryingrack,2,motion_token,mse_at_horizon_idx,15,0.0021580851171165705
R1_handsout,cup_wipe_sponge_dryingrack,2,motion_token,mse_at_horizon_idx,16,0.0022936861496418715
R1_handsout,cup_wipe_sponge_dryingrack,2,motion_token,mse_at_horizon_idx,17,0.002334249671548605
R1_handsout,cup_wipe_sponge_dryingrack,2,motion_token,mse_at_horizon_idx,18,0.0023598880507051945
R1_handsout,cup_wipe_sponge_dryingrack,2,motion_token,mse_at_horizon_idx,19,0.002305686939507723
R1_handsout,cup_wipe_sponge_dryingrack,2,motion_token,mse_at_horizon_idx,20,0.002296778839081526
R1_handsout,cup_wipe_sponge_dryingrack,2,motion_token,mse_at_horizon_idx,21,0.0022698603570461273
R1_handsout,cup_wipe_sponge_dryingrack,2,motion_token,mse_at_horizon_idx,22,0.002258664695546031
R1_handsout,cup_wipe_sponge_dryingrack,2,motion_token,mse_at_horizon_idx,23,0.0022829598747193813
R1_handsout,cup_wipe_sponge_dryingrack,2,motion_token,mse_at_horizon_idx,24,0.002418717136606574
R1_handsout,cup_wipe_sponge_dryingrack,2,motion_token,mse_at_horizon_idx,25,0.002421882702037692
R1_handsout,cup_wipe_sponge_dryingrack,2,motion_token,mse_at_horizon_idx,26,0.0025040688924491405
R1_handsout,cup_wipe_sponge_dryingrack,2,motion_token,mse_at_horizon_idx,27,0.002595286350697279
R1_handsout,cup_wipe_sponge_dryingrack,2,motion_token,mse_at_horizon_idx,28,0.0025916823651641607
R1_handsout,cup_wipe_sponge_dryingrack,2,motion_token,mse_at_horizon_idx,29,0.002665734849870205
R1_handsout,cup_wipe_sponge_dryingrack,2,motion_token,mse_at_horizon_idx,30,0.0026719574816524982
R1_handsout,cup_wipe_sponge_dryingrack,2,motion_token,mse_at_horizon_idx,31,0.0027107640635222197
R1_handsout,cup_wipe_sponge_dryingrack,2,motion_token,mse_at_horizon_idx,32,0.0027306198608130217
R1_handsout,cup_wipe_sponge_dryingrack,2,motion_token,mse_at_horizon_idx,33,0.002828737022355199
R1_handsout,cup_wipe_sponge_dryingrack,2,motion_token,mse_at_horizon_idx,34,0.002834920771420002
R1_handsout,cup_wipe_sponge_dryingrack,2,motion_token,mse_at_horizon_idx,35,0.002898100996389985
R1_handsout,cup_wipe_sponge_dryingrack,2,motion_token,mse_at_horizon_idx,36,0.002992551773786545
R1_handsout,cup_wipe_sponge_dryingrack,2,motion_token,mse_at_horizon_idx,37,0.0029999688267707825
R1_handsout,cup_wipe_sponge_dryingrack,2,motion_token,mse_at_horizon_idx,38,0.0029986025765538216
R1_handsout,cup_wipe_sponge_dryingrack,2,motion_token,mse_at_horizon_idx,39,0.002968392102047801
R1_handsout,cup_wipe_sponge_dryingrack,2,left_hand_joints,mse,-1,0.0
R1_handsout,cup_wipe_sponge_dryingrack,2,left_hand_joints,mae,-1,0.0
R1_handsout,cup_wipe_sponge_dryingrack,2,left_hand_joints,normalized_mse,-1,
R1_handsout,cup_wipe_sponge_dryingrack,2,left_hand_joints,final_position_error,-1,0.0
R1_handsout,cup_wipe_sponge_dryingrack,2,left_hand_joints,mean_squared_jerk_pred,-1,0.0
R1_handsout,cup_wipe_sponge_dryingrack,2,left_hand_joints,mean_squared_jerk_gt,-1,0.0
R1_handsout,cup_wipe_sponge_dryingrack,2,left_hand_joints,jerk_ratio_pred_over_gt,-1,
R1_handsout,cup_wipe_sponge_dryingrack,2,left_hand_joints,chunk_boundary_discontinuity,-1,0.0
R1_handsout,cup_wipe_sponge_dryingrack,2,left_hand_joints,mse_proprio_ablated,-1,0.0
R1_handsout,cup_wipe_sponge_dryingrack,2,left_hand_joints,proprio_leakage_gap,-1,0.0
R1_handsout,cup_wipe_sponge_dryingrack,2,left_hand_joints,mse_at_horizon_idx,0,0.0
R1_handsout,cup_wipe_sponge_dryingrack,2,left_hand_joints,mse_at_horizon_idx,1,0.0
R1_handsout,cup_wipe_sponge_dryingrack,2,left_hand_joints,mse_at_horizon_idx,2,0.0
R1_handsout,cup_wipe_sponge_dryingrack,2,left_hand_joints,mse_at_horizon_idx,3,0.0
R1_handsout,cup_wipe_sponge_dryingrack,2,left_hand_joints,mse_at_horizon_idx,4,0.0
R1_handsout,cup_wipe_sponge_dryingrack,2,left_hand_joints,mse_at_horizon_idx,5,0.0
R1_handsout,cup_wipe_sponge_dryingrack,2,left_hand_joints,mse_at_horizon_idx,6,0.0
R1_handsout,cup_wipe_sponge_dryingrack,2,left_hand_joints,mse_at_horizon_idx,7,0.0
R1_handsout,cup_wipe_sponge_dryingrack,2,left_hand_joints,mse_at_horizon_idx,8,0.0
R1_handsout,cup_wipe_sponge_dryingrack,2,left_hand_joints,mse_at_horizon_idx,9,0.0
R1_handsout,cup_wipe_sponge_dryingrack,2,left_hand_joints,mse_at_horizon_idx,10,0.0
R1_handsout,cup_wipe_sponge_dryingrack,2,left_hand_joints,mse_at_horizon_idx,11,0.0
R1_handsout,cup_wipe_sponge_dryingrack,2,left_hand_joints,mse_at_horizon_idx,12,0.0
R1_handsout,cup_wipe_sponge_dryingrack,2,left_hand_joints,mse_at_horizon_idx,13,0.0
R1_handsout,cup_wipe_sponge_dryingrack,2,left_hand_joints,mse_at_horizon_idx,14,0.0
R1_handsout,cup_wipe_sponge_dryingrack,2,left_hand_joints,mse_at_horizon_idx,15,0.0
R1_handsout,cup_wipe_sponge_dryingrack,2,left_hand_joints,mse_at_horizon_idx,16,0.0
R1_handsout,cup_wipe_sponge_dryingrack,2,left_hand_joints,mse_at_horizon_idx,17,0.0
R1_handsout,cup_wipe_sponge_dryingrack,2,left_hand_joints,mse_at_horizon_idx,18,0.0
R1_handsout,cup_wipe_sponge_dryingrack,2,left_hand_joints,mse_at_horizon_idx,19,0.0
R1_handsout,cup_wipe_sponge_dryingrack,2,left_hand_joints,mse_at_horizon_idx,20,0.0
R1_handsout,cup_wipe_sponge_dryingrack,2,left_hand_joints,mse_at_horizon_idx,21,0.0
R1_handsout,cup_wipe_sponge_dryingrack,2,left_hand_joints,mse_at_horizon_idx,22,0.0
R1_handsout,cup_wipe_sponge_dryingrack,2,left_hand_joints,mse_at_horizon_idx,23,0.0
R1_handsout,cup_wipe_sponge_dryingrack,2,left_hand_joints,mse_at_horizon_idx,24,0.0
R1_handsout,cup_wipe_sponge_dryingrack,2,left_hand_joints,mse_at_horizon_idx,25,0.0
R1_handsout,cup_wipe_sponge_dryingrack,2,left_hand_joints,mse_at_horizon_idx,26,0.0
R1_handsout,cup_wipe_sponge_dryingrack,2,left_hand_joints,mse_at_horizon_idx,27,0.0
R1_handsout,cup_wipe_sponge_dryingrack,2,left_hand_joints,mse_at_horizon_idx,28,0.0
R1_handsout,cup_wipe_sponge_dryingrack,2,left_hand_joints,mse_at_horizon_idx,29,0.0
R1_handsout,cup_wipe_sponge_dryingrack,2,left_hand_joints,mse_at_horizon_idx,30,0.0
R1_handsout,cup_wipe_sponge_dryingrack,2,left_hand_joints,mse_at_horizon_idx,31,0.0
R1_handsout,cup_wipe_sponge_dryingrack,2,left_hand_joints,mse_at_horizon_idx,32,0.0
R1_handsout,cup_wipe_sponge_dryingrack,2,left_hand_joints,mse_at_horizon_idx,33,0.0
R1_handsout,cup_wipe_sponge_dryingrack,2,left_hand_joints,mse_at_horizon_idx,34,0.0
R1_handsout,cup_wipe_sponge_dryingrack,2,left_hand_joints,mse_at_horizon_idx,35,0.0
R1_handsout,cup_wipe_sponge_dryingrack,2,left_hand_joints,mse_at_horizon_idx,36,0.0
R1_handsout,cup_wipe_sponge_dryingrack,2,left_hand_joints,mse_at_horizon_idx,37,0.0
R1_handsout,cup_wipe_sponge_dryingrack,2,left_hand_joints,mse_at_horizon_idx,38,0.0
R1_handsout,cup_wipe_sponge_dryingrack,2,left_hand_joints,mse_at_horizon_idx,39,0.0
R1_handsout,cup_wipe_sponge_dryingrack,2,left_hand_joints,grasp_precision,-1,
R1_handsout,cup_wipe_sponge_dryingrack,2,left_hand_joints,grasp_recall,-1,
R1_handsout,cup_wipe_sponge_dryingrack,2,left_hand_joints,grasp_f1,-1,
R1_handsout,cup_wipe_sponge_dryingrack,2,left_hand_joints,grasp_n_gt_events,-1,0.0
R1_handsout,cup_wipe_sponge_dryingrack,2,left_hand_joints,grasp_n_pred_events,-1,0.0
R1_handsout,cup_wipe_sponge_dryingrack,2,left_hand_joints,grasp_onset_timing_error_signed_steps,-1,
R1_handsout,cup_wipe_sponge_dryingrack,2,left_hand_joints,grasp_spurious_transitions,-1,0.0
R1_handsout,cup_wipe_sponge_dryingrack,2,right_hand_joints,mse,-1,0.0
R1_handsout,cup_wipe_sponge_dryingrack,2,right_hand_joints,mae,-1,0.0
R1_handsout,cup_wipe_sponge_dryingrack,2,right_hand_joints,normalized_mse,-1,
R1_handsout,cup_wipe_sponge_dryingrack,2,right_hand_joints,final_position_error,-1,0.0
R1_handsout,cup_wipe_sponge_dryingrack,2,right_hand_joints,mean_squared_jerk_pred,-1,0.0
R1_handsout,cup_wipe_sponge_dryingrack,2,right_hand_joints,mean_squared_jerk_gt,-1,0.0
R1_handsout,cup_wipe_sponge_dryingrack,2,right_hand_joints,jerk_ratio_pred_over_gt,-1,
R1_handsout,cup_wipe_sponge_dryingrack,2,right_hand_joints,chunk_boundary_discontinuity,-1,0.0
R1_handsout,cup_wipe_sponge_dryingrack,2,right_hand_joints,mse_proprio_ablated,-1,0.0
R1_handsout,cup_wipe_sponge_dryingrack,2,right_hand_joints,proprio_leakage_gap,-1,0.0
R1_handsout,cup_wipe_sponge_dryingrack,2,right_hand_joints,mse_at_horizon_idx,0,0.0
R1_handsout,cup_wipe_sponge_dryingrack,2,right_hand_joints,mse_at_horizon_idx,1,0.0
R1_handsout,cup_wipe_sponge_dryingrack,2,right_hand_joints,mse_at_horizon_idx,2,0.0
R1_handsout,cup_wipe_sponge_dryingrack,2,right_hand_joints,mse_at_horizon_idx,3,0.0
R1_handsout,cup_wipe_sponge_dryingrack,2,right_hand_joints,mse_at_horizon_idx,4,0.0
R1_handsout,cup_wipe_sponge_dryingrack,2,right_hand_joints,mse_at_horizon_idx,5,0.0
R1_handsout,cup_wipe_sponge_dryingrack,2,right_hand_joints,mse_at_horizon_idx,6,0.0
R1_handsout,cup_wipe_sponge_dryingrack,2,right_hand_joints,mse_at_horizon_idx,7,0.0
R1_handsout,cup_wipe_sponge_dryingrack,2,right_hand_joints,mse_at_horizon_idx,8,0.0
R1_handsout,cup_wipe_sponge_dryingrack,2,right_hand_joints,mse_at_horizon_idx,9,0.0
R1_handsout,cup_wipe_sponge_dryingrack,2,right_hand_joints,mse_at_horizon_idx,10,0.0
R1_handsout,cup_wipe_sponge_dryingrack,2,right_hand_joints,mse_at_horizon_idx,11,0.0
R1_handsout,cup_wipe_sponge_dryingrack,2,right_hand_joints,mse_at_horizon_idx,12,0.0
R1_handsout,cup_wipe_sponge_dryingrack,2,right_hand_joints,mse_at_horizon_idx,13,0.0
R1_handsout,cup_wipe_sponge_dryingrack,2,right_hand_joints,mse_at_horizon_idx,14,0.0
R1_handsout,cup_wipe_sponge_dryingrack,2,right_hand_joints,mse_at_horizon_idx,15,0.0
R1_handsout,cup_wipe_sponge_dryingrack,2,right_hand_joints,mse_at_horizon_idx,16,0.0
R1_handsout,cup_wipe_sponge_dryingrack,2,right_hand_joints,mse_at_horizon_idx,17,0.0
R1_handsout,cup_wipe_sponge_dryingrack,2,right_hand_joints,mse_at_horizon_idx,18,0.0
R1_handsout,cup_wipe_sponge_dryingrack,2,right_hand_joints,mse_at_horizon_idx,19,0.0
R1_handsout,cup_wipe_sponge_dryingrack,2,right_hand_joints,mse_at_horizon_idx,20,0.0
R1_handsout,cup_wipe_sponge_dryingrack,2,right_hand_joints,mse_at_horizon_idx,21,0.0
R1_handsout,cup_wipe_sponge_dryingrack,2,right_hand_joints,mse_at_horizon_idx,22,0.0
R1_handsout,cup_wipe_sponge_dryingrack,2,right_hand_joints,mse_at_horizon_idx,23,0.0
R1_handsout,cup_wipe_sponge_dryingrack,2,right_hand_joints,mse_at_horizon_idx,24,0.0
R1_handsout,cup_wipe_sponge_dryingrack,2,right_hand_joints,mse_at_horizon_idx,25,0.0
R1_handsout,cup_wipe_sponge_dryingrack,2,right_hand_joints,mse_at_horizon_idx,26,0.0
R1_handsout,cup_wipe_sponge_dryingrack,2,right_hand_joints,mse_at_horizon_idx,27,0.0
R1_handsout,cup_wipe_sponge_dryingrack,2,right_hand_joints,mse_at_horizon_idx,28,0.0
R1_handsout,cup_wipe_sponge_dryingrack,2,right_hand_joints,mse_at_horizon_idx,29,0.0
R1_handsout,cup_wipe_sponge_dryingrack,2,right_hand_joints,mse_at_horizon_idx,30,0.0
R1_handsout,cup_wipe_sponge_dryingrack,2,right_hand_joints,mse_at_horizon_idx,31,0.0
R1_handsout,cup_wipe_sponge_dryingrack,2,right_hand_joints,mse_at_horizon_idx,32,0.0
R1_handsout,cup_wipe_sponge_dryingrack,2,right_hand_joints,mse_at_horizon_idx,33,0.0
R1_handsout,cup_wipe_sponge_dryingrack,2,right_hand_joints,mse_at_horizon_idx,34,0.0
R1_handsout,cup_wipe_sponge_dryingrack,2,right_hand_joints,mse_at_horizon_idx,35,0.0
R1_handsout,cup_wipe_sponge_dryingrack,2,right_hand_joints,mse_at_horizon_idx,36,0.0
R1_handsout,cup_wipe_sponge_dryingrack,2,right_hand_joints,mse_at_horizon_idx,37,0.0
R1_handsout,cup_wipe_sponge_dryingrack,2,right_hand_joints,mse_at_horizon_idx,38,0.0
R1_handsout,cup_wipe_sponge_dryingrack,2,right_hand_joints,mse_at_horizon_idx,39,0.0
R1_handsout,cup_wipe_sponge_dryingrack,2,right_hand_joints,grasp_precision,-1,
R1_handsout,cup_wipe_sponge_dryingrack,2,right_hand_joints,grasp_recall,-1,
R1_handsout,cup_wipe_sponge_dryingrack,2,right_hand_joints,grasp_f1,-1,
R1_handsout,cup_wipe_sponge_dryingrack,2,right_hand_joints,grasp_n_gt_events,-1,0.0
R1_handsout,cup_wipe_sponge_dryingrack,2,right_hand_joints,grasp_n_pred_events,-1,0.0
R1_handsout,cup_wipe_sponge_dryingrack,2,right_hand_joints,grasp_onset_timing_error_signed_steps,-1,
R1_handsout,cup_wipe_sponge_dryingrack,2,right_hand_joints,grasp_spurious_transitions,-1,0.0
R1_handsout,cup_wipe_sponge_dryingrack,2,all,mse,-1,0.001822735066525638
R1_handsout,cup_wipe_sponge_dryingrack,2,all,mae,-1,0.029192989692091942
R1_handsout,cup_wipe_sponge_dryingrack,2,all,normalized_mse,-1,0.6516561508178711
R1_handsout,cup_wipe_sponge_dryingrack,2,all,final_position_error,-1,0.2925648093223572
R1_handsout,cup_wipe_sponge_dryingrack,2,all,mean_squared_jerk_pred,-1,0.0003826168831437826
R1_handsout,cup_wipe_sponge_dryingrack,2,all,mean_squared_jerk_gt,-1,0.0008163060992956161
R1_handsout,cup_wipe_sponge_dryingrack,2,all,jerk_ratio_pred_over_gt,-1,0.46871741308063186
R1_handsout,cup_wipe_sponge_dryingrack,2,all,chunk_boundary_discontinuity,-1,0.0015550574753433466
R1_handsout,cup_wipe_sponge_dryingrack,2,all,mse_proprio_ablated,-1,0.0017736441222950816
R1_handsout,cup_wipe_sponge_dryingrack,2,all,proprio_leakage_gap,-1,-4.909094423055649e-05
R1_handsout,cup_wipe_sponge_dryingrack,2,all,mse_at_horizon_idx,0,0.0011377803748473525
R1_handsout,cup_wipe_sponge_dryingrack,2,all,mse_at_horizon_idx,1,0.0011273209238424897
R1_handsout,cup_wipe_sponge_dryingrack,2,all,mse_at_horizon_idx,2,0.0011189674260094762
R1_handsout,cup_wipe_sponge_dryingrack,2,all,mse_at_horizon_idx,3,0.0011312620481476188
R1_handsout,cup_wipe_sponge_dryingrack,2,all,mse_at_horizon_idx,4,0.0011568876216188073
R1_handsout,cup_wipe_sponge_dryingrack,2,all,mse_at_horizon_idx,5,0.0011891621397808194
R1_handsout,cup_wipe_sponge_dryingrack,2,all,mse_at_horizon_idx,6,0.0012539695017039776
R1_handsout,cup_wipe_sponge_dryingrack,2,all,mse_at_horizon_idx,7,0.001315988483838737
R1_handsout,cup_wipe_sponge_dryingrack,2,all,mse_at_horizon_idx,8,0.0013790960656479
R1_handsout,cup_wipe_sponge_dryingrack,2,all,mse_at_horizon_idx,9,0.0014611015794798732
R1_handsout,cup_wipe_sponge_dryingrack,2,all,mse_at_horizon_idx,10,0.0015308381989598274
R1_handsout,cup_wipe_sponge_dryingrack,2,all,mse_at_horizon_idx,11,0.0015426153549924493
R1_handsout,cup_wipe_sponge_dryingrack,2,all,mse_at_horizon_idx,12,0.00159263436216861
R1_handsout,cup_wipe_sponge_dryingrack,2,all,mse_at_horizon_idx,13,0.0016980860382318497
R1_handsout,cup_wipe_sponge_dryingrack,2,all,mse_at_horizon_idx,14,0.00177725066896528
R1_handsout,cup_wipe_sponge_dryingrack,2,all,mse_at_horizon_idx,15,0.0017707364168018103
R1_handsout,cup_wipe_sponge_dryingrack,2,all,mse_at_horizon_idx,16,0.0018819989636540413
R1_handsout,cup_wipe_sponge_dryingrack,2,all,mse_at_horizon_idx,17,0.001915281405672431
R1_handsout,cup_wipe_sponge_dryingrack,2,all,mse_at_horizon_idx,18,0.0019363185856491327
R1_handsout,cup_wipe_sponge_dryingrack,2,all,mse_at_horizon_idx,19,0.001891845604404807
R1_handsout,cup_wipe_sponge_dryingrack,2,all,mse_at_horizon_idx,20,0.001884536468423903
R1_handsout,cup_wipe_sponge_dryingrack,2,all,mse_at_horizon_idx,21,0.0018624493386596441
R1_handsout,cup_wipe_sponge_dryingrack,2,all,mse_at_horizon_idx,22,0.0018532632384449244
R1_handsout,cup_wipe_sponge_dryingrack,2,all,mse_at_horizon_idx,23,0.0018731973832473159
R1_handsout,cup_wipe_sponge_dryingrack,2,all,mse_at_horizon_idx,24,0.001984588336199522
R1_handsout,cup_wipe_sponge_dryingrack,2,all,mse_at_horizon_idx,25,0.0019871860276907682
R1_handsout,cup_wipe_sponge_dryingrack,2,all,mse_at_horizon_idx,26,0.002054620534181595
R1_handsout,cup_wipe_sponge_dryingrack,2,all,mse_at_horizon_idx,27,0.0021294658072292805
R1_handsout,cup_wipe_sponge_dryingrack,2,all,mse_at_horizon_idx,28,0.0021265086252242327
R1_handsout,cup_wipe_sponge_dryingrack,2,all,mse_at_horizon_idx,29,0.0021872699726372957
R1_handsout,cup_wipe_sponge_dryingrack,2,all,mse_at_horizon_idx,30,0.002192375250160694
R1_handsout,cup_wipe_sponge_dryingrack,2,all,mse_at_horizon_idx,31,0.00222421670332551
R1_handsout,cup_wipe_sponge_dryingrack,2,all,mse_at_horizon_idx,32,0.0022405085619539022
R1_handsout,cup_wipe_sponge_dryingrack,2,all,mse_at_horizon_idx,33,0.0023210151121020317
R1_handsout,cup_wipe_sponge_dryingrack,2,all,mse_at_horizon_idx,34,0.002326088724657893
R1_handsout,cup_wipe_sponge_dryingrack,2,all,mse_at_horizon_idx,35,0.002377928700298071
R1_handsout,cup_wipe_sponge_dryingrack,2,all,mse_at_horizon_idx,36,0.0024554270785301924
R1_handsout,cup_wipe_sponge_dryingrack,2,all,mse_at_horizon_idx,37,0.0024615128058940172
R1_handsout,cup_wipe_sponge_dryingrack,2,all,mse_at_horizon_idx,38,0.0024603919591754675
R1_handsout,cup_wipe_sponge_dryingrack,2,all,mse_at_horizon_idx,39,0.0024356041103601456
R1_handsout,floor_box_table,16,motion_token,mse,-1,0.006192190106958151
R1_handsout,floor_box_table,16,motion_token,mae,-1,0.05535610392689705
R1_handsout,floor_box_table,16,motion_token,normalized_mse,-1,0.5814056992530823
R1_handsout,floor_box_table,16,motion_token,final_position_error,-1,0.5697623491287231
R1_handsout,floor_box_table,16,motion_token,mean_squared_jerk_pred,-1,0.0014904573326930404
R1_handsout,floor_box_table,16,motion_token,mean_squared_jerk_gt,-1,0.001409223536029458
R1_handsout,floor_box_table,16,motion_token,jerk_ratio_pred_over_gt,-1,1.0576443655578318
R1_handsout,floor_box_table,16,motion_token,chunk_boundary_discontinuity,-1,0.008843704126775265
R1_handsout,floor_box_table,16,motion_token,on_grid_fraction,-1,0.06371110807860263
R1_handsout,floor_box_table,16,motion_token,mse_proprio_ablated,-1,0.007028770167380571
R1_handsout,floor_box_table,16,motion_token,proprio_leakage_gap,-1,0.0008365800604224205
R1_handsout,floor_box_table,16,motion_token,mse_at_horizon_idx,0,0.00350160407833755
R1_handsout,floor_box_table,16,motion_token,mse_at_horizon_idx,1,0.003590642474591732
R1_handsout,floor_box_table,16,motion_token,mse_at_horizon_idx,2,0.003742135828360915
R1_handsout,floor_box_table,16,motion_token,mse_at_horizon_idx,3,0.0038779438473284245
R1_handsout,floor_box_table,16,motion_token,mse_at_horizon_idx,4,0.003931353334337473
R1_handsout,floor_box_table,16,motion_token,mse_at_horizon_idx,5,0.004205436445772648
R1_handsout,floor_box_table,16,motion_token,mse_at_horizon_idx,6,0.004436861723661423
R1_handsout,floor_box_table,16,motion_token,mse_at_horizon_idx,7,0.004681081976741552
R1_handsout,floor_box_table,16,motion_token,mse_at_horizon_idx,8,0.004851963371038437
R1_handsout,floor_box_table,16,motion_token,mse_at_horizon_idx,9,0.005053876433521509
R1_handsout,floor_box_table,16,motion_token,mse_at_horizon_idx,10,0.005068396218121052
R1_handsout,floor_box_table,16,motion_token,mse_at_horizon_idx,11,0.005101075861603022
R1_handsout,floor_box_table,16,motion_token,mse_at_horizon_idx,12,0.005052725784480572
R1_handsout,floor_box_table,16,motion_token,mse_at_horizon_idx,13,0.005022602621465921
R1_handsout,floor_box_table,16,motion_token,mse_at_horizon_idx,14,0.005101778544485569
R1_handsout,floor_box_table,16,motion_token,mse_at_horizon_idx,15,0.004993276204913855
R1_handsout,floor_box_table,16,motion_token,mse_at_horizon_idx,16,0.0051986523903906345
R1_handsout,floor_box_table,16,motion_token,mse_at_horizon_idx,17,0.0053628613241016865
R1_handsout,floor_box_table,16,motion_token,mse_at_horizon_idx,18,0.005516714882105589
R1_handsout,floor_box_table,16,motion_token,mse_at_horizon_idx,19,0.0056647928431630135
R1_handsout,floor_box_table,16,motion_token,mse_at_horizon_idx,20,0.006046944297850132
R1_handsout,floor_box_table,16,motion_token,mse_at_horizon_idx,21,0.006202565040439367
R1_handsout,floor_box_table,16,motion_token,mse_at_horizon_idx,22,0.00636059558019042
R1_handsout,floor_box_table,16,motion_token,mse_at_horizon_idx,23,0.0065887682139873505
R1_handsout,floor_box_table,16,motion_token,mse_at_horizon_idx,24,0.006704495754092932
R1_handsout,floor_box_table,16,motion_token,mse_at_horizon_idx,25,0.0070066810585558414
R1_handsout,floor_box_table,16,motion_token,mse_at_horizon_idx,26,0.006991442758589983
R1_handsout,floor_box_table,16,motion_token,mse_at_horizon_idx,27,0.0071655260398983955
R1_handsout,floor_box_table,16,motion_token,mse_at_horizon_idx,28,0.007319069933146238
R1_handsout,floor_box_table,16,motion_token,mse_at_horizon_idx,29,0.007489128038287163
R1_handsout,floor_box_table,16,motion_token,mse_at_horizon_idx,30,0.007605607155710459
R1_handsout,floor_box_table,16,motion_token,mse_at_horizon_idx,31,0.007729136385023594
R1_handsout,floor_box_table,16,motion_token,mse_at_horizon_idx,32,0.007952305488288403
R1_handsout,floor_box_table,16,motion_token,mse_at_horizon_idx,33,0.008076133206486702
R1_handsout,floor_box_table,16,motion_token,mse_at_horizon_idx,34,0.00840242113918066
R1_handsout,floor_box_table,16,motion_token,mse_at_horizon_idx,35,0.008663368411362171
R1_handsout,floor_box_table,16,motion_token,mse_at_horizon_idx,36,0.009179546497762203
R1_handsout,floor_box_table,16,motion_token,mse_at_horizon_idx,37,0.009354145266115665
R1_handsout,floor_box_table,16,motion_token,mse_at_horizon_idx,38,0.009595600888133049
R1_handsout,floor_box_table,16,motion_token,mse_at_horizon_idx,39,0.009873742237687111
R1_handsout,floor_box_table,16,left_hand_joints,mse,-1,0.0
R1_handsout,floor_box_table,16,left_hand_joints,mae,-1,0.0
R1_handsout,floor_box_table,16,left_hand_joints,normalized_mse,-1,
R1_handsout,floor_box_table,16,left_hand_joints,final_position_error,-1,0.0
R1_handsout,floor_box_table,16,left_hand_joints,mean_squared_jerk_pred,-1,0.0
R1_handsout,floor_box_table,16,left_hand_joints,mean_squared_jerk_gt,-1,0.0
R1_handsout,floor_box_table,16,left_hand_joints,jerk_ratio_pred_over_gt,-1,
R1_handsout,floor_box_table,16,left_hand_joints,chunk_boundary_discontinuity,-1,0.0
R1_handsout,floor_box_table,16,left_hand_joints,mse_proprio_ablated,-1,0.0
R1_handsout,floor_box_table,16,left_hand_joints,proprio_leakage_gap,-1,0.0
R1_handsout,floor_box_table,16,left_hand_joints,mse_at_horizon_idx,0,0.0
R1_handsout,floor_box_table,16,left_hand_joints,mse_at_horizon_idx,1,0.0
R1_handsout,floor_box_table,16,left_hand_joints,mse_at_horizon_idx,2,0.0
R1_handsout,floor_box_table,16,left_hand_joints,mse_at_horizon_idx,3,0.0
R1_handsout,floor_box_table,16,left_hand_joints,mse_at_horizon_idx,4,0.0
R1_handsout,floor_box_table,16,left_hand_joints,mse_at_horizon_idx,5,0.0
R1_handsout,floor_box_table,16,left_hand_joints,mse_at_horizon_idx,6,0.0
R1_handsout,floor_box_table,16,left_hand_joints,mse_at_horizon_idx,7,0.0
R1_handsout,floor_box_table,16,left_hand_joints,mse_at_horizon_idx,8,0.0
R1_handsout,floor_box_table,16,left_hand_joints,mse_at_horizon_idx,9,0.0
R1_handsout,floor_box_table,16,left_hand_joints,mse_at_horizon_idx,10,0.0
R1_handsout,floor_box_table,16,left_hand_joints,mse_at_horizon_idx,11,0.0
R1_handsout,floor_box_table,16,left_hand_joints,mse_at_horizon_idx,12,0.0
R1_handsout,floor_box_table,16,left_hand_joints,mse_at_horizon_idx,13,0.0
R1_handsout,floor_box_table,16,left_hand_joints,mse_at_horizon_idx,14,0.0
R1_handsout,floor_box_table,16,left_hand_joints,mse_at_horizon_idx,15,0.0
R1_handsout,floor_box_table,16,left_hand_joints,mse_at_horizon_idx,16,0.0
R1_handsout,floor_box_table,16,left_hand_joints,mse_at_horizon_idx,17,0.0
R1_handsout,floor_box_table,16,left_hand_joints,mse_at_horizon_idx,18,0.0
R1_handsout,floor_box_table,16,left_hand_joints,mse_at_horizon_idx,19,0.0
R1_handsout,floor_box_table,16,left_hand_joints,mse_at_horizon_idx,20,0.0
R1_handsout,floor_box_table,16,left_hand_joints,mse_at_horizon_idx,21,0.0
R1_handsout,floor_box_table,16,left_hand_joints,mse_at_horizon_idx,22,0.0
R1_handsout,floor_box_table,16,left_hand_joints,mse_at_horizon_idx,23,0.0
R1_handsout,floor_box_table,16,left_hand_joints,mse_at_horizon_idx,24,0.0
R1_handsout,floor_box_table,16,left_hand_joints,mse_at_horizon_idx,25,0.0
R1_handsout,floor_box_table,16,left_hand_joints,mse_at_horizon_idx,26,0.0
R1_handsout,floor_box_table,16,left_hand_joints,mse_at_horizon_idx,27,0.0
R1_handsout,floor_box_table,16,left_hand_joints,mse_at_horizon_idx,28,0.0
R1_handsout,floor_box_table,16,left_hand_joints,mse_at_horizon_idx,29,0.0
R1_handsout,floor_box_table,16,left_hand_joints,mse_at_horizon_idx,30,0.0
R1_handsout,floor_box_table,16,left_hand_joints,mse_at_horizon_idx,31,0.0
R1_handsout,floor_box_table,16,left_hand_joints,mse_at_horizon_idx,32,0.0
R1_handsout,floor_box_table,16,left_hand_joints,mse_at_horizon_idx,33,0.0
R1_handsout,floor_box_table,16,left_hand_joints,mse_at_horizon_idx,34,0.0
R1_handsout,floor_box_table,16,left_hand_joints,mse_at_horizon_idx,35,0.0
R1_handsout,floor_box_table,16,left_hand_joints,mse_at_horizon_idx,36,0.0
R1_handsout,floor_box_table,16,left_hand_joints,mse_at_horizon_idx,37,0.0
R1_handsout,floor_box_table,16,left_hand_joints,mse_at_horizon_idx,38,0.0
R1_handsout,floor_box_table,16,left_hand_joints,mse_at_horizon_idx,39,0.0
R1_handsout,floor_box_table,16,left_hand_joints,grasp_precision,-1,
R1_handsout,floor_box_table,16,left_hand_joints,grasp_recall,-1,
R1_handsout,floor_box_table,16,left_hand_joints,grasp_f1,-1,
R1_handsout,floor_box_table,16,left_hand_joints,grasp_n_gt_events,-1,0.0
R1_handsout,floor_box_table,16,left_hand_joints,grasp_n_pred_events,-1,0.0
R1_handsout,floor_box_table,16,left_hand_joints,grasp_onset_timing_error_signed_steps,-1,
R1_handsout,floor_box_table,16,left_hand_joints,grasp_spurious_transitions,-1,0.0
R1_handsout,floor_box_table,16,right_hand_joints,mse,-1,0.0
R1_handsout,floor_box_table,16,right_hand_joints,mae,-1,0.0
R1_handsout,floor_box_table,16,right_hand_joints,normalized_mse,-1,
R1_handsout,floor_box_table,16,right_hand_joints,final_position_error,-1,0.0
R1_handsout,floor_box_table,16,right_hand_joints,mean_squared_jerk_pred,-1,0.0
R1_handsout,floor_box_table,16,right_hand_joints,mean_squared_jerk_gt,-1,0.0
R1_handsout,floor_box_table,16,right_hand_joints,jerk_ratio_pred_over_gt,-1,
R1_handsout,floor_box_table,16,right_hand_joints,chunk_boundary_discontinuity,-1,0.0
R1_handsout,floor_box_table,16,right_hand_joints,mse_proprio_ablated,-1,0.0
R1_handsout,floor_box_table,16,right_hand_joints,proprio_leakage_gap,-1,0.0
R1_handsout,floor_box_table,16,right_hand_joints,mse_at_horizon_idx,0,0.0
R1_handsout,floor_box_table,16,right_hand_joints,mse_at_horizon_idx,1,0.0
R1_handsout,floor_box_table,16,right_hand_joints,mse_at_horizon_idx,2,0.0
R1_handsout,floor_box_table,16,right_hand_joints,mse_at_horizon_idx,3,0.0
R1_handsout,floor_box_table,16,right_hand_joints,mse_at_horizon_idx,4,0.0
R1_handsout,floor_box_table,16,right_hand_joints,mse_at_horizon_idx,5,0.0
R1_handsout,floor_box_table,16,right_hand_joints,mse_at_horizon_idx,6,0.0
R1_handsout,floor_box_table,16,right_hand_joints,mse_at_horizon_idx,7,0.0
R1_handsout,floor_box_table,16,right_hand_joints,mse_at_horizon_idx,8,0.0
R1_handsout,floor_box_table,16,right_hand_joints,mse_at_horizon_idx,9,0.0
R1_handsout,floor_box_table,16,right_hand_joints,mse_at_horizon_idx,10,0.0
R1_handsout,floor_box_table,16,right_hand_joints,mse_at_horizon_idx,11,0.0
R1_handsout,floor_box_table,16,right_hand_joints,mse_at_horizon_idx,12,0.0
R1_handsout,floor_box_table,16,right_hand_joints,mse_at_horizon_idx,13,0.0
R1_handsout,floor_box_table,16,right_hand_joints,mse_at_horizon_idx,14,0.0
R1_handsout,floor_box_table,16,right_hand_joints,mse_at_horizon_idx,15,0.0
R1_handsout,floor_box_table,16,right_hand_joints,mse_at_horizon_idx,16,0.0
R1_handsout,floor_box_table,16,right_hand_joints,mse_at_horizon_idx,17,0.0
R1_handsout,floor_box_table,16,right_hand_joints,mse_at_horizon_idx,18,0.0
R1_handsout,floor_box_table,16,right_hand_joints,mse_at_horizon_idx,19,0.0
R1_handsout,floor_box_table,16,right_hand_joints,mse_at_horizon_idx,20,0.0
R1_handsout,floor_box_table,16,right_hand_joints,mse_at_horizon_idx,21,0.0
R1_handsout,floor_box_table,16,right_hand_joints,mse_at_horizon_idx,22,0.0
R1_handsout,floor_box_table,16,right_hand_joints,mse_at_horizon_idx,23,0.0
R1_handsout,floor_box_table,16,right_hand_joints,mse_at_horizon_idx,24,0.0
R1_handsout,floor_box_table,16,right_hand_joints,mse_at_horizon_idx,25,0.0
R1_handsout,floor_box_table,16,right_hand_joints,mse_at_horizon_idx,26,0.0
R1_handsout,floor_box_table,16,right_hand_joints,mse_at_horizon_idx,27,0.0
R1_handsout,floor_box_table,16,right_hand_joints,mse_at_horizon_idx,28,0.0
R1_handsout,floor_box_table,16,right_hand_joints,mse_at_horizon_idx,29,0.0
R1_handsout,floor_box_table,16,right_hand_joints,mse_at_horizon_idx,30,0.0
R1_handsout,floor_box_table,16,right_hand_joints,mse_at_horizon_idx,31,0.0
R1_handsout,floor_box_table,16,right_hand_joints,mse_at_horizon_idx,32,0.0
R1_handsout,floor_box_table,16,right_hand_joints,mse_at_horizon_idx,33,0.0
R1_handsout,floor_box_table,16,right_hand_joints,mse_at_horizon_idx,34,0.0
R1_handsout,floor_box_table,16,right_hand_joints,mse_at_horizon_idx,35,0.0
R1_handsout,floor_box_table,16,right_hand_joints,mse_at_horizon_idx,36,0.0
R1_handsout,floor_box_table,16,right_hand_joints,mse_at_horizon_idx,37,0.0
R1_handsout,floor_box_table,16,right_hand_joints,mse_at_horizon_idx,38,0.0
R1_handsout,floor_box_table,16,right_hand_joints,mse_at_horizon_idx,39,0.0
R1_handsout,floor_box_table,16,right_hand_joints,grasp_precision,-1,
R1_handsout,floor_box_table,16,right_hand_joints,grasp_recall,-1,
R1_handsout,floor_box_table,16,right_hand_joints,grasp_f1,-1,
R1_handsout,floor_box_table,16,right_hand_joints,grasp_n_gt_events,-1,0.0
R1_handsout,floor_box_table,16,right_hand_joints,grasp_n_pred_events,-1,0.0
R1_handsout,floor_box_table,16,right_hand_joints,grasp_onset_timing_error_signed_steps,-1,
R1_handsout,floor_box_table,16,right_hand_joints,grasp_spurious_transitions,-1,0.0
R1_handsout,floor_box_table,16,all,mse,-1,0.005080771166831255
R1_handsout,floor_box_table,16,all,mae,-1,0.045420389622449875
R1_handsout,floor_box_table,16,all,normalized_mse,-1,0.5814056992530823
R1_handsout,floor_box_table,16,all,final_position_error,-1,0.5697623491287231
R1_handsout,floor_box_table,16,all,mean_squared_jerk_pred,-1,0.0012229392305016518
R1_handsout,floor_box_table,16,all,mean_squared_jerk_gt,-1,0.0011562859872356057
R1_handsout,floor_box_table,16,all,jerk_ratio_pred_over_gt,-1,1.057644254104815
R1_handsout,floor_box_table,16,all,chunk_boundary_discontinuity,-1,0.007256371900439262
R1_handsout,floor_box_table,16,all,mse_proprio_ablated,-1,0.005767195951193571
R1_handsout,floor_box_table,16,all,proprio_leakage_gap,-1,0.0006864247843623161
R1_handsout,floor_box_table,16,all,mse_at_horizon_idx,0,0.0028731110505759716
R1_handsout,floor_box_table,16,all,mse_at_horizon_idx,1,0.002946168417111039
R1_handsout,floor_box_table,16,all,mse_at_horizon_idx,2,0.003070470178499818
R1_handsout,floor_box_table,16,all,mse_at_horizon_idx,3,0.003181902691721916
R1_handsout,floor_box_table,16,all,mse_at_horizon_idx,4,0.003225725842639804
R1_handsout,floor_box_table,16,all,mse_at_horizon_idx,5,0.00345061463303864
R1_handsout,floor_box_table,16,all,mse_at_horizon_idx,6,0.0036405024584382772
R1_handsout,floor_box_table,16,all,mse_at_horizon_idx,7,0.003840887686237693
R1_handsout,floor_box_table,16,all,mse_at_horizon_idx,8,0.003981097601354122
R1_handsout,floor_box_table,16,all,mse_at_horizon_idx,9,0.004146771039813757
R1_handsout,floor_box_table,16,all,mse_at_horizon_idx,10,0.004158684052526951
R1_handsout,floor_box_table,16,all,mse_at_horizon_idx,11,0.004185498226433992
R1_handsout,floor_box_table,16,all,mse_at_horizon_idx,12,0.0041458262130618095
R1_handsout,floor_box_table,16,all,mse_at_horizon_idx,13,0.004121109377592802
R1_handsout,floor_box_table,16,all,mse_at_horizon_idx,14,0.004186075180768967
R1_handsout,floor_box_table,16,all,mse_at_horizon_idx,15,0.004097047261893749
R1_handsout,floor_box_table,16,all,mse_at_horizon_idx,16,0.0042655616998672485
R1_handsout,floor_box_table,16,all,mse_at_horizon_idx,17,0.0044002956710755825
R1_handsout,floor_box_table,16,all,mse_at_horizon_idx,18,0.004526535980403423
R1_handsout,floor_box_table,16,all,mse_at_horizon_idx,19,0.004648034926503897
R1_handsout,floor_box_table,16,all,mse_at_horizon_idx,20,0.00496159540489316
R1_handsout,floor_box_table,16,all,mse_at_horizon_idx,21,0.005089284386485815
R1_handsout,floor_box_table,16,all,mse_at_horizon_idx,22,0.005218950100243092
R1_handsout,floor_box_table,16,all,mse_at_horizon_idx,23,0.005406167823821306
R1_handsout,floor_box_table,16,all,mse_at_horizon_idx,24,0.005501124542206526
R1_handsout,floor_box_table,16,all,mse_at_horizon_idx,25,0.005749070551246405
R1_handsout,floor_box_table,16,all,mse_at_horizon_idx,26,0.005736569408327341
R1_handsout,floor_box_table,16,all,mse_at_horizon_idx,27,0.00587940588593483
R1_handsout,floor_box_table,16,all,mse_at_horizon_idx,28,0.006005390081554651
R1_handsout,floor_box_table,16,all,mse_at_horizon_idx,29,0.006144925951957703
R1_handsout,floor_box_table,16,all,mse_at_horizon_idx,30,0.006240498274564743
R1_handsout,floor_box_table,16,all,mse_at_horizon_idx,31,0.00634185504168272
R1_handsout,floor_box_table,16,all,mse_at_horizon_idx,32,0.006524968426674604
R1_handsout,floor_box_table,16,all,mse_at_horizon_idx,33,0.006626570131629705
R1_handsout,floor_box_table,16,all,mse_at_horizon_idx,34,0.0068942951038479805
R1_handsout,floor_box_table,16,all,mse_at_horizon_idx,35,0.007108405232429504
R1_handsout,floor_box_table,16,all,mse_at_horizon_idx,36,0.007531936280429363
R1_handsout,floor_box_table,16,all,mse_at_horizon_idx,37,0.007675196044147015
R1_handsout,floor_box_table,16,all,mse_at_horizon_idx,38,0.007873314432799816
R1_handsout,floor_box_table,16,all,mse_at_horizon_idx,39,0.00810153316706419
R1b_handsin@D1,bottle_cupnoodles_shelf,0,motion_token,mse,-1,0.006915186997503042
R1b_handsin@D1,bottle_cupnoodles_shelf,0,motion_token,mae,-1,0.06492955982685089
R1b_handsin@D1,bottle_cupnoodles_shelf,0,motion_token,normalized_mse,-1,1.1788949966430664
R1b_handsin@D1,bottle_cupnoodles_shelf,0,motion_token,final_position_error,-1,0.4435592293739319
R1b_handsin@D1,bottle_cupnoodles_shelf,0,motion_token,mean_squared_jerk_pred,-1,0.0026356664020568132
R1b_handsin@D1,bottle_cupnoodles_shelf,0,motion_token,mean_squared_jerk_gt,-1,0.0012229096610099077
R1b_handsin@D1,bottle_cupnoodles_shelf,0,motion_token,jerk_ratio_pred_over_gt,-1,2.155242113207461
R1b_handsin@D1,bottle_cupnoodles_shelf,0,motion_token,chunk_boundary_discontinuity,-1,0.0001241896243300289
R1b_handsin@D1,bottle_cupnoodles_shelf,0,motion_token,on_grid_fraction,-1,0.04265864565587734
R1b_handsin@D1,bottle_cupnoodles_shelf,0,motion_token,mse_proprio_ablated,-1,0.007238924968987703
R1b_handsin@D1,bottle_cupnoodles_shelf,0,motion_token,proprio_leakage_gap,-1,0.0003237379714846611
R1b_handsin@D1,bottle_cupnoodles_shelf,0,motion_token,mse_at_horizon_idx,0,0.007427155040204525
R1b_handsin@D1,bottle_cupnoodles_shelf,0,motion_token,mse_at_horizon_idx,1,0.007500212639570236
R1b_handsin@D1,bottle_cupnoodles_shelf,0,motion_token,mse_at_horizon_idx,2,0.007651874329894781
R1b_handsin@D1,bottle_cupnoodles_shelf,0,motion_token,mse_at_horizon_idx,3,0.006049564108252525
R1b_handsin@D1,bottle_cupnoodles_shelf,0,motion_token,mse_at_horizon_idx,4,0.006267983000725508
R1b_handsin@D1,bottle_cupnoodles_shelf,0,motion_token,mse_at_horizon_idx,5,0.006488655228167772
R1b_handsin@D1,bottle_cupnoodles_shelf,0,motion_token,mse_at_horizon_idx,6,0.006732705514878035
R1b_handsin@D1,bottle_cupnoodles_shelf,0,motion_token,mse_at_horizon_idx,7,0.006988109089434147
R1b_handsin@D1,bottle_cupnoodles_shelf,0,motion_token,mse_at_horizon_idx,8,0.007171172648668289
R1b_handsin@D1,bottle_cupnoodles_shelf,0,motion_token,mse_at_horizon_idx,9,0.007440063636749983
R1b_handsin@D1,bottle_cupnoodles_shelf,0,motion_token,mse_at_horizon_idx,10,0.0077162813395261765
R1b_handsin@D1,bottle_cupnoodles_shelf,0,motion_token,mse_at_horizon_idx,11,0.006007488816976547
R1b_handsin@D1,bottle_cupnoodles_shelf,0,motion_token,mse_at_horizon_idx,12,0.0061956411227583885
R1b_handsin@D1,bottle_cupnoodles_shelf,0,motion_token,mse_at_horizon_idx,13,0.006380233447998762
R1b_handsin@D1,bottle_cupnoodles_shelf,0,motion_token,mse_at_horizon_idx,14,0.006623356137424707
R1b_handsin@D1,bottle_cupnoodles_shelf,0,motion_token,mse_at_horizon_idx,15,0.006832845509052277
R1b_handsin@D1,bottle_cupnoodles_shelf,0,motion_token,mse_at_horizon_idx,16,0.007018249481916428
R1b_handsin@D1,bottle_cupnoodles_shelf,0,motion_token,mse_at_horizon_idx,17,0.0072166770696640015
R1b_handsin@D1,bottle_cupnoodles_shelf,0,motion_token,mse_at_horizon_idx,18,0.007356769405305386
R1b_handsin@D1,bottle_cupnoodles_shelf,0,motion_token,mse_at_horizon_idx,19,0.006169966887682676
R1b_handsin@D1,bottle_cupnoodles_shelf,0,motion_token,mse_at_horizon_idx,20,0.0063728936947882175
R1b_handsin@D1,bottle_cupnoodles_shelf,0,motion_token,mse_at_horizon_idx,21,0.0066771782003343105
R1b_handsin@D1,bottle_cupnoodles_shelf,0,motion_token,mse_at_horizon_idx,22,0.006873513106256723
R1b_handsin@D1,bottle_cupnoodles_shelf,0,motion_token,mse_at_horizon_idx,23,0.007195228710770607
R1b_handsin@D1,bottle_cupnoodles_shelf,0,motion_token,mse_at_horizon_idx,24,0.007441537920385599
R1b_handsin@D1,bottle_cupnoodles_shelf,0,motion_token,mse_at_horizon_idx,25,0.0077062672935426235
R1b_handsin@D1,bottle_cupnoodles_shelf,0,motion_token,mse_at_horizon_idx,26,0.007998701184988022
R1b_handsin@D1,bottle_cupnoodles_shelf,0,motion_token,mse_at_horizon_idx,27,0.006101461127400398
R1b_handsin@D1,bottle_cupnoodles_shelf,0,motion_token,mse_at_horizon_idx,28,0.006277302745729685
R1b_handsin@D1,bottle_cupnoodles_shelf,0,motion_token,mse_at_horizon_idx,29,0.00647561764344573
R1b_handsin@D1,bottle_cupnoodles_shelf,0,motion_token,mse_at_horizon_idx,30,0.006688139867037535
R1b_handsin@D1,bottle_cupnoodles_shelf,0,motion_token,mse_at_horizon_idx,31,0.006977148354053497
R1b_handsin@D1,bottle_cupnoodles_shelf,0,motion_token,mse_at_horizon_idx,32,0.007231042720377445
R1b_handsin@D1,bottle_cupnoodles_shelf,0,motion_token,mse_at_horizon_idx,33,0.0075104678981006145
R1b_handsin@D1,bottle_cupnoodles_shelf,0,motion_token,mse_at_horizon_idx,34,0.0077353897504508495
R1b_handsin@D1,bottle_cupnoodles_shelf,0,motion_token,mse_at_horizon_idx,35,0.006436249241232872
R1b_handsin@D1,bottle_cupnoodles_shelf,0,motion_token,mse_at_horizon_idx,36,0.006579005159437656
R1b_handsin@D1,bottle_cupnoodles_shelf,0,motion_token,mse_at_horizon_idx,37,0.006784144323319197
R1b_handsin@D1,bottle_cupnoodles_shelf,0,motion_token,mse_at_horizon_idx,38,0.007036851719021797
R1b_handsin@D1,bottle_cupnoodles_shelf,0,motion_token,mse_at_horizon_idx,39,0.007289240602403879
R1b_handsin@D1,bottle_cupnoodles_shelf,0,left_hand_joints,mse,-1,2.5101378469116753e-06
R1b_handsin@D1,bottle_cupnoodles_shelf,0,left_hand_joints,mae,-1,0.000263996422290802
R1b_handsin@D1,bottle_cupnoodles_shelf,0,left_hand_joints,normalized_mse,-1,
R1b_handsin@D1,bottle_cupnoodles_shelf,0,left_hand_joints,final_position_error,-1,0.001704827300272882
R1b_handsin@D1,bottle_cupnoodles_shelf,0,left_hand_joints,mean_squared_jerk_pred,-1,9.300709280068986e-06
R1b_handsin@D1,bottle_cupnoodles_shelf,0,left_hand_joints,mean_squared_jerk_gt,-1,0.0
R1b_handsin@D1,bottle_cupnoodles_shelf,0,left_hand_joints,jerk_ratio_pred_over_gt,-1,
R1b_handsin@D1,bottle_cupnoodles_shelf,0,left_hand_joints,chunk_boundary_discontinuity,-1,1.3439706663120887e-06
R1b_handsin@D1,bottle_cupnoodles_shelf,0,left_hand_joints,mse_proprio_ablated,-1,1.7680108612694312e-06
R1b_handsin@D1,bottle_cupnoodles_shelf,0,left_hand_joints,proprio_leakage_gap,-1,-7.421269856422441e-07
R1b_handsin@D1,bottle_cupnoodles_shelf,0,left_hand_joints,mse_at_horizon_idx,0,2.6922318738797912e-06
R1b_handsin@D1,bottle_cupnoodles_shelf,0,left_hand_joints,mse_at_horizon_idx,1,2.7051207780459663e-06
R1b_handsin@D1,bottle_cupnoodles_shelf,0,left_hand_joints,mse_at_horizon_idx,2,2.939502792287385e-06
R1b_handsin@D1,bottle_cupnoodles_shelf,0,left_hand_joints,mse_at_horizon_idx,3,1.9549045191524783e-06
R1b_handsin@D1,bottle_cupnoodles_shelf,0,left_hand_joints,mse_at_horizon_idx,4,1.8788384750223486e-06
R1b_handsin@D1,bottle_cupnoodles_shelf,0,left_hand_joints,mse_at_horizon_idx,5,1.8874709439842263e-06
R1b_handsin@D1,bottle_cupnoodles_shelf,0,left_hand_joints,mse_at_horizon_idx,6,1.9857923234667396e-06
R1b_handsin@D1,bottle_cupnoodles_shelf,0,left_hand_joints,mse_at_horizon_idx,7,2.922017984019476e-06
R1b_handsin@D1,bottle_cupnoodles_shelf,0,left_hand_joints,mse_at_horizon_idx,8,1.279861180591979e-06
R1b_handsin@D1,bottle_cupnoodles_shelf,0,left_hand_joints,mse_at_horizon_idx,9,2.511324282750138e-06
R1b_handsin@D1,bottle_cupnoodles_shelf,0,left_hand_joints,mse_at_horizon_idx,10,2.7051746656070463e-06
R1b_handsin@D1,bottle_cupnoodles_shelf,0,left_hand_joints,mse_at_horizon_idx,11,1.2870328873759718e-06
R1b_handsin@D1,bottle_cupnoodles_shelf,0,left_hand_joints,mse_at_horizon_idx,12,1.6151209365489194e-06
R1b_handsin@D1,bottle_cupnoodles_shelf,0,left_hand_joints,mse_at_horizon_idx,13,2.230000518466113e-06
R1b_handsin@D1,bottle_cupnoodles_shelf,0,left_hand_joints,mse_at_horizon_idx,14,1.5009712797109387e-06
R1b_handsin@D1,bottle_cupnoodles_shelf,0,left_hand_joints,mse_at_horizon_idx,15,2.0424131434992887e-06
R1b_handsin@D1,bottle_cupnoodles_shelf,0,left_hand_joints,mse_at_horizon_idx,16,1.6633740642646444e-06
R1b_handsin@D1,bottle_cupnoodles_shelf,0,left_hand_joints,mse_at_horizon_idx,17,1.8982664187205955e-06
R1b_handsin@D1,bottle_cupnoodles_shelf,0,left_hand_joints,mse_at_horizon_idx,18,1.5432156033057254e-06
R1b_handsin@D1,bottle_cupnoodles_shelf,0,left_hand_joints,mse_at_horizon_idx,19,1.1756447975130868e-06
R1b_handsin@D1,bottle_cupnoodles_shelf,0,left_hand_joints,mse_at_horizon_idx,20,1.4446975455939537e-06
R1b_handsin@D1,bottle_cupnoodles_shelf,0,left_hand_joints,mse_at_horizon_idx,21,2.20702713704668e-06
R1b_handsin@D1,bottle_cupnoodles_shelf,0,left_hand_joints,mse_at_horizon_idx,22,1.5860947542023496e-06
R1b_handsin@D1,bottle_cupnoodles_shelf,0,left_hand_joints,mse_at_horizon_idx,23,2.051520823442843e-06
R1b_handsin@D1,bottle_cupnoodles_shelf,0,left_hand_joints,mse_at_horizon_idx,24,2.0331879113655305e-06
R1b_handsin@D1,bottle_cupnoodles_shelf,0,left_hand_joints,mse_at_horizon_idx,25,1.985250719371834e-06
R1b_handsin@D1,bottle_cupnoodles_shelf,0,left_hand_joints,mse_at_horizon_idx,26,1.7461662764617358e-06
R1b_handsin@D1,bottle_cupnoodles_shelf,0,left_hand_joints,mse_at_horizon_idx,27,2.8588256100192666e-06
R1b_handsin@D1,bottle_cupnoodles_shelf,0,left_hand_joints,mse_at_horizon_idx,28,3.064244538109051e-06
R1b_handsin@D1,bottle_cupnoodles_shelf,0,left_hand_joints,mse_at_horizon_idx,29,3.859395746985683e-06
R1b_handsin@D1,bottle_cupnoodles_shelf,0,left_hand_joints,mse_at_horizon_idx,30,4.283127054804936e-06
R1b_handsin@D1,bottle_cupnoodles_shelf,0,left_hand_joints,mse_at_horizon_idx,31,4.382502083899453e-06
R1b_handsin@D1,bottle_cupnoodles_shelf,0,left_hand_joints,mse_at_horizon_idx,32,4.328479462856194e-06
R1b_handsin@D1,bottle_cupnoodles_shelf,0,left_hand_joints,mse_at_horizon_idx,33,3.4325264550716383e-06
R1b_handsin@D1,bottle_cupnoodles_shelf,0,left_hand_joints,mse_at_horizon_idx,34,2.762165195235866e-06
R1b_handsin@D1,bottle_cupnoodles_shelf,0,left_hand_joints,mse_at_horizon_idx,35,3.015610445800121e-06
R1b_handsin@D1,bottle_cupnoodles_shelf,0,left_hand_joints,mse_at_horizon_idx,36,3.6671287944045616e-06
R1b_handsin@D1,bottle_cupnoodles_shelf,0,left_hand_joints,mse_at_horizon_idx,37,2.813410219459911e-06
R1b_handsin@D1,bottle_cupnoodles_shelf,0,left_hand_joints,mse_at_horizon_idx,38,3.6494043342827354e-06
R1b_handsin@D1,bottle_cupnoodles_shelf,0,left_hand_joints,mse_at_horizon_idx,39,4.892594006378204e-06
R1b_handsin@D1,bottle_cupnoodles_shelf,0,left_hand_joints,grasp_precision,-1,0.0
R1b_handsin@D1,bottle_cupnoodles_shelf,0,left_hand_joints,grasp_recall,-1,
R1b_handsin@D1,bottle_cupnoodles_shelf,0,left_hand_joints,grasp_f1,-1,
R1b_handsin@D1,bottle_cupnoodles_shelf,0,left_hand_joints,grasp_n_gt_events,-1,0.0
R1b_handsin@D1,bottle_cupnoodles_shelf,0,left_hand_joints,grasp_n_pred_events,-1,235.0
R1b_handsin@D1,bottle_cupnoodles_shelf,0,left_hand_joints,grasp_onset_timing_error_signed_steps,-1,
R1b_handsin@D1,bottle_cupnoodles_shelf,0,left_hand_joints,grasp_spurious_transitions,-1,235.0
R1b_handsin@D1,bottle_cupnoodles_shelf,0,right_hand_joints,mse,-1,0.03696609288454056
R1b_handsin@D1,bottle_cupnoodles_shelf,0,right_hand_joints,mae,-1,0.10813260823488235
R1b_handsin@D1,bottle_cupnoodles_shelf,0,right_hand_joints,normalized_mse,-1,0.3194655478000641
R1b_handsin@D1,bottle_cupnoodles_shelf,0,right_hand_joints,final_position_error,-1,0.0119837811216712
R1b_handsin@D1,bottle_cupnoodles_shelf,0,right_hand_joints,mean_squared_jerk_pred,-1,0.0004590915923472494
R1b_handsin@D1,bottle_cupnoodles_shelf,0,right_hand_joints,mean_squared_jerk_gt,-1,0.00010643349378369749
R1b_handsin@D1,bottle_cupnoodles_shelf,0,right_hand_joints,jerk_ratio_pred_over_gt,-1,4.313412780381441
R1b_handsin@D1,bottle_cupnoodles_shelf,0,right_hand_joints,chunk_boundary_discontinuity,-1,3.959144669352099e-05
R1b_handsin@D1,bottle_cupnoodles_shelf,0,right_hand_joints,mse_proprio_ablated,-1,0.03648282587528229
R1b_handsin@D1,bottle_cupnoodles_shelf,0,right_hand_joints,proprio_leakage_gap,-1,-0.00048326700925827026
R1b_handsin@D1,bottle_cupnoodles_shelf,0,right_hand_joints,mse_at_horizon_idx,0,0.04018877074122429
R1b_handsin@D1,bottle_cupnoodles_shelf,0,right_hand_joints,mse_at_horizon_idx,1,0.04032200947403908
R1b_handsin@D1,bottle_cupnoodles_shelf,0,right_hand_joints,mse_at_horizon_idx,2,0.04042162001132965
R1b_handsin@D1,bottle_cupnoodles_shelf,0,right_hand_joints,mse_at_horizon_idx,3,0.041196007281541824
R1b_handsin@D1,bottle_cupnoodles_shelf,0,right_hand_joints,mse_at_horizon_idx,4,0.04129664972424507
R1b_handsin@D1,bottle_cupnoodles_shelf,0,right_hand_joints,mse_at_horizon_idx,5,0.04127039015293121
R1b_handsin@D1,bottle_cupnoodles_shelf,0,right_hand_joints,mse_at_horizon_idx,6,0.04144196957349777
R1b_handsin@D1,bottle_cupnoodles_shelf,0,right_hand_joints,mse_at_horizon_idx,7,0.04188746213912964
R1b_handsin@D1,bottle_cupnoodles_shelf,0,right_hand_joints,mse_at_horizon_idx,8,0.04198886454105377
R1b_handsin@D1,bottle_cupnoodles_shelf,0,right_hand_joints,mse_at_horizon_idx,9,0.04209553450345993
R1b_handsin@D1,bottle_cupnoodles_shelf,0,right_hand_joints,mse_at_horizon_idx,10,0.04217205196619034
R1b_handsin@D1,bottle_cupnoodles_shelf,0,right_hand_joints,mse_at_horizon_idx,11,0.040795452892780304
R1b_handsin@D1,bottle_cupnoodles_shelf,0,right_hand_joints,mse_at_horizon_idx,12,0.040533922612667084
R1b_handsin@D1,bottle_cupnoodles_shelf,0,right_hand_joints,mse_at_horizon_idx,13,0.04022912308573723
R1b_handsin@D1,bottle_cupnoodles_shelf,0,right_hand_joints,mse_at_horizon_idx,14,0.03957580402493477
R1b_handsin@D1,bottle_cupnoodles_shelf,0,right_hand_joints,mse_at_horizon_idx,15,0.03982476517558098
R1b_handsin@D1,bottle_cupnoodles_shelf,0,right_hand_joints,mse_at_horizon_idx,16,0.03903442621231079
R1b_handsin@D1,bottle_cupnoodles_shelf,0,right_hand_joints,mse_at_horizon_idx,17,0.037877097725868225
R1b_handsin@D1,bottle_cupnoodles_shelf,0,right_hand_joints,mse_at_horizon_idx,18,0.03684384003281593
R1b_handsin@D1,bottle_cupnoodles_shelf,0,right_hand_joints,mse_at_horizon_idx,19,0.03344734385609627
R1b_handsin@D1,bottle_cupnoodles_shelf,0,right_hand_joints,mse_at_horizon_idx,20,0.03183270990848541
R1b_handsin@D1,bottle_cupnoodles_shelf,0,right_hand_joints,mse_at_horizon_idx,21,0.030587751418352127
R1b_handsin@D1,bottle_cupnoodles_shelf,0,right_hand_joints,mse_at_horizon_idx,22,0.02949793078005314
R1b_handsin@D1,bottle_cupnoodles_shelf,0,right_hand_joints,mse_at_horizon_idx,23,0.029375769197940826
R1b_handsin@D1,bottle_cupnoodles_shelf,0,right_hand_joints,mse_at_horizon_idx,24,0.028948649764060974
R1b_handsin@D1,bottle_cupnoodles_shelf,0,right_hand_joints,mse_at_horizon_idx,25,0.0292343869805336
R1b_handsin@D1,bottle_cupnoodles_shelf,0,right_hand_joints,mse_at_horizon_idx,26,0.029632985591888428
R1b_handsin@D1,bottle_cupnoodles_shelf,0,right_hand_joints,mse_at_horizon_idx,27,0.030665867030620575
R1b_handsin@D1,bottle_cupnoodles_shelf,0,right_hand_joints,mse_at_horizon_idx,28,0.03138356655836105
R1b_handsin@D1,bottle_cupnoodles_shelf,0,right_hand_joints,mse_at_horizon_idx,29,0.03272971510887146
R1b_handsin@D1,bottle_cupnoodles_shelf,0,right_hand_joints,mse_at_horizon_idx,30,0.033385422080755234
R1b_handsin@D1,bottle_cupnoodles_shelf,0,right_hand_joints,mse_at_horizon_idx,31,0.03397536277770996
R1b_handsin@D1,bottle_cupnoodles_shelf,0,right_hand_joints,mse_at_horizon_idx,32,0.035365838557481766
R1b_handsin@D1,bottle_cupnoodles_shelf,0,right_hand_joints,mse_at_horizon_idx,33,0.035963088274002075
R1b_handsin@D1,bottle_cupnoodles_shelf,0,right_hand_joints,mse_at_horizon_idx,34,0.03680911660194397
R1b_handsin@D1,bottle_cupnoodles_shelf,0,right_hand_joints,mse_at_horizon_idx,35,0.03767812252044678
R1b_handsin@D1,bottle_cupnoodles_shelf,0,right_hand_joints,mse_at_horizon_idx,36,0.0386023111641407
R1b_handsin@D1,bottle_cupnoodles_shelf,0,right_hand_joints,mse_at_horizon_idx,37,0.039363276213407516
R1b_handsin@D1,bottle_cupnoodles_shelf,0,right_hand_joints,mse_at_horizon_idx,38,0.039881978183984756
R1b_handsin@D1,bottle_cupnoodles_shelf,0,right_hand_joints,mse_at_horizon_idx,39,0.04045211896300316
R1b_handsin@D1,bottle_cupnoodles_shelf,0,right_hand_joints,grasp_precision,-1,0.3333333333333333
R1b_handsin@D1,bottle_cupnoodles_shelf,0,right_hand_joints,grasp_recall,-1,0.2
R1b_handsin@D1,bottle_cupnoodles_shelf,0,right_hand_joints,grasp_f1,-1,0.25
R1b_handsin@D1,bottle_cupnoodles_shelf,0,right_hand_joints,grasp_n_gt_events,-1,5.0
R1b_handsin@D1,bottle_cupnoodles_shelf,0,right_hand_joints,grasp_n_pred_events,-1,3.0
R1b_handsin@D1,bottle_cupnoodles_shelf,0,right_hand_joints,grasp_onset_timing_error_signed_steps,-1,0.0
R1b_handsin@D1,bottle_cupnoodles_shelf,0,right_hand_joints,grasp_spurious_transitions,-1,2.0
R1b_handsin@D1,bottle_cupnoodles_shelf,0,all,mse,-1,0.008991694077849388
R1b_handsin@D1,bottle_cupnoodles_shelf,0,all,mae,-1,0.06300342082977295
R1b_handsin@D1,bottle_cupnoodles_shelf,0,all,normalized_mse,-1,1.1166175603866577
R1b_handsin@D1,bottle_cupnoodles_shelf,0,all,final_position_error,-1,0.4437243640422821
R1b_handsin@D1,bottle_cupnoodles_shelf,0,all,mean_squared_jerk_pred,-1,0.002204633317887783
R1b_handsin@D1,bottle_cupnoodles_shelf,0,all,mean_squared_jerk_gt,-1,0.0010129647562280297
R1b_handsin@D1,bottle_cupnoodles_shelf,0,all,jerk_ratio_pred_over_gt,-1,2.176416607125762
R1b_handsin@D1,bottle_cupnoodles_shelf,0,all,chunk_boundary_discontinuity,-1,0.00010557286441326141
R1b_handsin@D1,bottle_cupnoodles_shelf,0,all,mse_proprio_ablated,-1,0.009213888086378574
R1b_handsin@D1,bottle_cupnoodles_shelf,0,all,proprio_leakage_gap,-1,0.00022219400852918625
R1b_handsin@D1,bottle_cupnoodles_shelf,0,all,mse_at_horizon_idx,0,0.009701002389192581
R1b_handsin@D1,bottle_cupnoodles_shelf,0,all,mse_at_horizon_idx,1,0.009772906079888344
R1b_handsin@D1,bottle_cupnoodles_shelf,0,all,mse_at_horizon_idx,2,0.009906306862831116
R1b_handsin@D1,bottle_cupnoodles_shelf,0,all,mse_at_horizon_idx,3,0.008660998195409775
R1b_handsin@D1,bottle_cupnoodles_shelf,0,all,mse_at_horizon_idx,4,0.008849238976836205
R1b_handsin@D1,bottle_cupnoodles_shelf,0,all,mse_at_horizon_idx,5,0.009027947671711445
R1b_handsin@D1,bottle_cupnoodles_shelf,0,all,mse_at_horizon_idx,6,0.009243601933121681
R1b_handsin@D1,bottle_cupnoodles_shelf,0,all,mse_at_horizon_idx,7,0.009493227116763592
R1b_handsin@D1,bottle_cupnoodles_shelf,0,all,mse_at_horizon_idx,8,0.009652385488152504
R1b_handsin@D1,bottle_cupnoodles_shelf,0,all,mse_at_horizon_idx,9,0.009882696904242039
R1b_handsin@D1,bottle_cupnoodles_shelf,0,all,mse_at_horizon_idx,10,0.010116222314536572
R1b_handsin@D1,bottle_cupnoodles_shelf,0,all,mse_at_horizon_idx,11,0.00859046820551157
R1b_handsin@D1,bottle_cupnoodles_shelf,0,all,mse_at_horizon_idx,12,0.008721408434212208
R1b_handsin@D1,bottle_cupnoodles_shelf,0,all,mse_at_horizon_idx,13,0.008845570497214794
R1b_handsin@D1,bottle_cupnoodles_shelf,0,all,mse_at_horizon_idx,14,0.008986358530819416
R1b_handsin@D1,bottle_cupnoodles_shelf,0,all,mse_at_horizon_idx,15,0.009180638007819653
R1b_handsin@D1,bottle_cupnoodles_shelf,0,all,mse_at_horizon_idx,16,0.009261801838874817
R1b_handsin@D1,bottle_cupnoodles_shelf,0,all,mse_at_horizon_idx,17,0.009320773184299469
R1b_handsin@D1,bottle_cupnoodles_shelf,0,all,mse_at_horizon_idx,18,0.009342961013317108
R1b_handsin@D1,bottle_cupnoodles_shelf,0,all,mse_at_horizon_idx,19,0.008064326830208302
R1b_handsin@D1,bottle_cupnoodles_shelf,0,all,mse_at_horizon_idx,20,0.008085953071713448
R1b_handsin@D1,bottle_cupnoodles_shelf,0,all,mse_at_horizon_idx,21,0.008223963901400566
R1b_handsin@D1,bottle_cupnoodles_shelf,0,all,mse_at_horizon_idx,22,0.008287197910249233
R1b_handsin@D1,bottle_cupnoodles_shelf,0,all,mse_at_horizon_idx,23,0.00854024849832058
R1b_handsin@D1,bottle_cupnoodles_shelf,0,all,mse_at_horizon_idx,24,0.008704015985131264
R1b_handsin@D1,bottle_cupnoodles_shelf,0,all,mse_at_horizon_idx,25,0.00894686859101057
R1b_handsin@D1,bottle_cupnoodles_shelf,0,all,mse_at_horizon_idx,26,0.009222564287483692
R1b_handsin@D1,bottle_cupnoodles_shelf,0,all,mse_at_horizon_idx,27,0.007758649066090584
R1b_handsin@D1,bottle_cupnoodles_shelf,0,all,mse_at_horizon_idx,28,0.007967356592416763
R1b_handsin@D1,bottle_cupnoodles_shelf,0,all,mse_at_horizon_idx,29,0.008250956423580647
R1b_handsin@D1,bottle_cupnoodles_shelf,0,all,mse_at_horizon_idx,30,0.008484217338263988
R1b_handsin@D1,bottle_cupnoodles_shelf,0,all,mse_at_horizon_idx,31,0.008774304762482643
R1b_handsin@D1,bottle_cupnoodles_shelf,0,all,mse_at_horizon_idx,32,0.009107409045100212
R1b_handsin@D1,bottle_cupnoodles_shelf,0,all,mse_at_horizon_idx,33,0.009390200488269329
R1b_handsin@D1,bottle_cupnoodles_shelf,0,all,mse_at_horizon_idx,34,0.00965061690658331
R1b_handsin@D1,bottle_cupnoodles_shelf,0,all,mse_at_horizon_idx,35,0.008662664331495762
R1b_handsin@D1,bottle_cupnoodles_shelf,0,all,mse_at_horizon_idx,36,0.008862797170877457
R1b_handsin@D1,bottle_cupnoodles_shelf,0,all,mse_at_horizon_idx,37,0.009099331684410572
R1b_handsin@D1,bottle_cupnoodles_shelf,0,all,mse_at_horizon_idx,38,0.009353306144475937
R1b_handsin@D1,bottle_cupnoodles_shelf,0,all,mse_at_horizon_idx,39,0.009611671790480614
R1b_handsin@D1,cup_wipe_sponge_dryingrack,2,motion_token,mse,-1,0.001609042752534151
R1b_handsin@D1,cup_wipe_sponge_dryingrack,2,motion_token,mae,-1,0.030763870105147362
R1b_handsin@D1,cup_wipe_sponge_dryingrack,2,motion_token,normalized_mse,-1,0.4851181209087372
R1b_handsin@D1,cup_wipe_sponge_dryingrack,2,motion_token,final_position_error,-1,0.3146795630455017
R1b_handsin@D1,cup_wipe_sponge_dryingrack,2,motion_token,mean_squared_jerk_pred,-1,0.000765649601817131
R1b_handsin@D1,cup_wipe_sponge_dryingrack,2,motion_token,mean_squared_jerk_gt,-1,0.0009948730003088713
R1b_handsin@D1,cup_wipe_sponge_dryingrack,2,motion_token,jerk_ratio_pred_over_gt,-1,0.7695953167684972
R1b_handsin@D1,cup_wipe_sponge_dryingrack,2,motion_token,chunk_boundary_discontinuity,-1,2.8493441277532838e-05
R1b_handsin@D1,cup_wipe_sponge_dryingrack,2,motion_token,on_grid_fraction,-1,0.04952721402214022
R1b_handsin@D1,cup_wipe_sponge_dryingrack,2,motion_token,mse_proprio_ablated,-1,0.0017860566731542349
R1b_handsin@D1,cup_wipe_sponge_dryingrack,2,motion_token,proprio_leakage_gap,-1,0.0001770139206200838
R1b_handsin@D1,cup_wipe_sponge_dryingrack,2,motion_token,mse_at_horizon_idx,0,0.0016432689735665917
R1b_handsin@D1,cup_wipe_sponge_dryingrack,2,motion_token,mse_at_horizon_idx,1,0.0016662230482324958
R1b_handsin@D1,cup_wipe_sponge_dryingrack,2,motion_token,mse_at_horizon_idx,2,0.001732995850034058
R1b_handsin@D1,cup_wipe_sponge_dryingrack,2,motion_token,mse_at_horizon_idx,3,0.0015246042748913169
R1b_handsin@D1,cup_wipe_sponge_dryingrack,2,motion_token,mse_at_horizon_idx,4,0.0015512360259890556
R1b_handsin@D1,cup_wipe_sponge_dryingrack,2,motion_token,mse_at_horizon_idx,5,0.0016134248580783606
R1b_handsin@D1,cup_wipe_sponge_dryingrack,2,motion_token,mse_at_horizon_idx,6,0.0017226930940523744
R1b_handsin@D1,cup_wipe_sponge_dryingrack,2,motion_token,mse_at_horizon_idx,7,0.00179860123898834
R1b_handsin@D1,cup_wipe_sponge_dryingrack,2,motion_token,mse_at_horizon_idx,8,0.00186822225805372
R1b_handsin@D1,cup_wipe_sponge_dryingrack,2,motion_token,mse_at_horizon_idx,9,0.0020058087538927794
R1b_handsin@D1,cup_wipe_sponge_dryingrack,2,motion_token,mse_at_horizon_idx,10,0.002188917715102434
R1b_handsin@D1,cup_wipe_sponge_dryingrack,2,motion_token,mse_at_horizon_idx,11,0.001474596094340086
R1b_handsin@D1,cup_wipe_sponge_dryingrack,2,motion_token,mse_at_horizon_idx,12,0.0015352886402979493
R1b_handsin@D1,cup_wipe_sponge_dryingrack,2,motion_token,mse_at_horizon_idx,13,0.0015716359484940767
R1b_handsin@D1,cup_wipe_sponge_dryingrack,2,motion_token,mse_at_horizon_idx,14,0.0016532072331756353
R1b_handsin@D1,cup_wipe_sponge_dryingrack,2,motion_token,mse_at_horizon_idx,15,0.001642195275053382
R1b_handsin@D1,cup_wipe_sponge_dryingrack,2,motion_token,mse_at_horizon_idx,16,0.0017149646300822496
R1b_handsin@D1,cup_wipe_sponge_dryingrack,2,motion_token,mse_at_horizon_idx,17,0.00174646673258394
R1b_handsin@D1,cup_wipe_sponge_dryingrack,2,motion_token,mse_at_horizon_idx,18,0.0017743874341249466
R1b_handsin@D1,cup_wipe_sponge_dryingrack,2,motion_token,mse_at_horizon_idx,19,0.0015052079688757658
R1b_handsin@D1,cup_wipe_sponge_dryingrack,2,motion_token,mse_at_horizon_idx,20,0.0015777958324179053
R1b_handsin@D1,cup_wipe_sponge_dryingrack,2,motion_token,mse_at_horizon_idx,21,0.0015614151488989592
R1b_handsin@D1,cup_wipe_sponge_dryingrack,2,motion_token,mse_at_horizon_idx,22,0.0015262187225744128
R1b_handsin@D1,cup_wipe_sponge_dryingrack,2,motion_token,mse_at_horizon_idx,23,0.0015779879176989198
R1b_handsin@D1,cup_wipe_sponge_dryingrack,2,motion_token,mse_at_horizon_idx,24,0.0015833720099180937
R1b_handsin@D1,cup_wipe_sponge_dryingrack,2,motion_token,mse_at_horizon_idx,25,0.0016337611014023423
R1b_handsin@D1,cup_wipe_sponge_dryingrack,2,motion_token,mse_at_horizon_idx,26,0.0016284860903397202
R1b_handsin@D1,cup_wipe_sponge_dryingrack,2,motion_token,mse_at_horizon_idx,27,0.0013128507416695356
R1b_handsin@D1,cup_wipe_sponge_dryingrack,2,motion_token,mse_at_horizon_idx,28,0.0013359047006815672
R1b_handsin@D1,cup_wipe_sponge_dryingrack,2,motion_token,mse_at_horizon_idx,29,0.0013782487949356437
R1b_handsin@D1,cup_wipe_sponge_dryingrack,2,motion_token,mse_at_horizon_idx,30,0.0014114041114225984
R1b_handsin@D1,cup_wipe_sponge_dryingrack,2,motion_token,mse_at_horizon_idx,31,0.0014316246379166842
R1b_handsin@D1,cup_wipe_sponge_dryingrack,2,motion_token,mse_at_horizon_idx,32,0.0014699293533340096
R1b_handsin@D1,cup_wipe_sponge_dryingrack,2,motion_token,mse_at_horizon_idx,33,0.0014899370726197958
R1b_handsin@D1,cup_wipe_sponge_dryingrack,2,motion_token,mse_at_horizon_idx,34,0.001520026009529829
R1b_handsin@D1,cup_wipe_sponge_dryingrack,2,motion_token,mse_at_horizon_idx,35,0.0015305920969694853
R1b_handsin@D1,cup_wipe_sponge_dryingrack,2,motion_token,mse_at_horizon_idx,36,0.0015566194197162986
R1b_handsin@D1,cup_wipe_sponge_dryingrack,2,motion_token,mse_at_horizon_idx,37,0.0015969168161973357
R1b_handsin@D1,cup_wipe_sponge_dryingrack,2,motion_token,mse_at_horizon_idx,38,0.0015969343949109316
R1b_handsin@D1,cup_wipe_sponge_dryingrack,2,motion_token,mse_at_horizon_idx,39,0.0016373174730688334
R1b_handsin@D1,cup_wipe_sponge_dryingrack,2,left_hand_joints,mse,-1,0.0015424380544573069
R1b_handsin@D1,cup_wipe_sponge_dryingrack,2,left_hand_joints,mae,-1,0.004678469151258469
R1b_handsin@D1,cup_wipe_sponge_dryingrack,2,left_hand_joints,normalized_mse,-1,0.04774889722466469
R1b_handsin@D1,cup_wipe_sponge_dryingrack,2,left_hand_joints,final_position_error,-1,0.0030691928695887327
R1b_handsin@D1,cup_wipe_sponge_dryingrack,2,left_hand_joints,mean_squared_jerk_pred,-1,4.4317723222775385e-05
R1b_handsin@D1,cup_wipe_sponge_dryingrack,2,left_hand_joints,mean_squared_jerk_gt,-1,4.345681008999236e-05
R1b_handsin@D1,cup_wipe_sponge_dryingrack,2,left_hand_joints,jerk_ratio_pred_over_gt,-1,1.0198107760555872
R1b_handsin@D1,cup_wipe_sponge_dryingrack,2,left_hand_joints,chunk_boundary_discontinuity,-1,2.488462268956937e-05
R1b_handsin@D1,cup_wipe_sponge_dryingrack,2,left_hand_joints,mse_proprio_ablated,-1,0.0014353386359289289
R1b_handsin@D1,cup_wipe_sponge_dryingrack,2,left_hand_joints,proprio_leakage_gap,-1,-0.00010709941852837801
R1b_handsin@D1,cup_wipe_sponge_dryingrack,2,left_hand_joints,mse_at_horizon_idx,0,0.00182319525629282
R1b_handsin@D1,cup_wipe_sponge_dryingrack,2,left_hand_joints,mse_at_horizon_idx,1,0.0014727725647389889
R1b_handsin@D1,cup_wipe_sponge_dryingrack,2,left_hand_joints,mse_at_horizon_idx,2,0.0013147448189556599
R1b_handsin@D1,cup_wipe_sponge_dryingrack,2,left_hand_joints,mse_at_horizon_idx,3,0.0010641127591952682
R1b_handsin@D1,cup_wipe_sponge_dryingrack,2,left_hand_joints,mse_at_horizon_idx,4,0.0008759569609537721
R1b_handsin@D1,cup_wipe_sponge_dryingrack,2,left_hand_joints,mse_at_horizon_idx,5,0.0007561863167211413
R1b_handsin@D1,cup_wipe_sponge_dryingrack,2,left_hand_joints,mse_at_horizon_idx,6,0.0009407293982803822
R1b_handsin@D1,cup_wipe_sponge_dryingrack,2,left_hand_joints,mse_at_horizon_idx,7,0.0009352395427413285
R1b_handsin@D1,cup_wipe_sponge_dryingrack,2,left_hand_joints,mse_at_horizon_idx,8,0.001151086762547493
R1b_handsin@D1,cup_wipe_sponge_dryingrack,2,left_hand_joints,mse_at_horizon_idx,9,0.0014002845855429769
R1b_handsin@D1,cup_wipe_sponge_dryingrack,2,left_hand_joints,mse_at_horizon_idx,10,0.0014043624978512526
R1b_handsin@D1,cup_wipe_sponge_dryingrack,2,left_hand_joints,mse_at_horizon_idx,11,0.0009933471446856856
R1b_handsin@D1,cup_wipe_sponge_dryingrack,2,left_hand_joints,mse_at_horizon_idx,12,0.000866566551849246
R1b_handsin@D1,cup_wipe_sponge_dryingrack,2,left_hand_joints,mse_at_horizon_idx,13,0.00084773323033005
R1b_handsin@D1,cup_wipe_sponge_dryingrack,2,left_hand_joints,mse_at_horizon_idx,14,0.0009067451464943588
R1b_handsin@D1,cup_wipe_sponge_dryingrack,2,left_hand_joints,mse_at_horizon_idx,15,0.0009390412596985698
R1b_handsin@D1,cup_wipe_sponge_dryingrack,2,left_hand_joints,mse_at_horizon_idx,16,0.0011258658487349749
R1b_handsin@D1,cup_wipe_sponge_dryingrack,2,left_hand_joints,mse_at_horizon_idx,17,0.0011274993885308504
R1b_handsin@D1,cup_wipe_sponge_dryingrack,2,left_hand_joints,mse_at_horizon_idx,18,0.0012289353180676699
R1b_handsin@D1,cup_wipe_sponge_dryingrack,2,left_hand_joints,mse_at_horizon_idx,19,0.0008373541641049087
R1b_handsin@D1,cup_wipe_sponge_dryingrack,2,left_hand_joints,mse_at_horizon_idx,20,0.0007638601236976683
R1b_handsin@D1,cup_wipe_sponge_dryingrack,2,left_hand_joints,mse_at_horizon_idx,21,0.0007619951502420008
R1b_handsin@D1,cup_wipe_sponge_dryingrack,2,left_hand_joints,mse_at_horizon_idx,22,0.0007987016579136252
R1b_handsin@D1,cup_wipe_sponge_dryingrack,2,left_hand_joints,mse_at_horizon_idx,23,0.0008708311361260712
R1b_handsin@D1,cup_wipe_sponge_dryingrack,2,left_hand_joints,mse_at_horizon_idx,24,0.000965513929259032
R1b_handsin@D1,cup_wipe_sponge_dryingrack,2,left_hand_joints,mse_at_horizon_idx,25,0.0011453184997662902
R1b_handsin@D1,cup_wipe_sponge_dryingrack,2,left_hand_joints,mse_at_horizon_idx,26,0.001286834478378296
R1b_handsin@D1,cup_wipe_sponge_dryingrack,2,left_hand_joints,mse_at_horizon_idx,27,0.0019011410186067224
R1b_handsin@D1,cup_wipe_sponge_dryingrack,2,left_hand_joints,mse_at_horizon_idx,28,0.002333140466362238
R1b_handsin@D1,cup_wipe_sponge_dryingrack,2,left_hand_joints,mse_at_horizon_idx,29,0.002647973131388426
R1b_handsin@D1,cup_wipe_sponge_dryingrack,2,left_hand_joints,mse_at_horizon_idx,30,0.002638059202581644
R1b_handsin@D1,cup_wipe_sponge_dryingrack,2,left_hand_joints,mse_at_horizon_idx,31,0.0027614000719040632
R1b_handsin@D1,cup_wipe_sponge_dryingrack,2,left_hand_joints,mse_at_horizon_idx,32,0.0030818667728453875
R1b_handsin@D1,cup_wipe_sponge_dryingrack,2,left_hand_joints,mse_at_horizon_idx,33,0.002884048968553543
R1b_handsin@D1,cup_wipe_sponge_dryingrack,2,left_hand_joints,mse_at_horizon_idx,34,0.002912939991801977
R1b_handsin@D1,cup_wipe_sponge_dryingrack,2,left_hand_joints,mse_at_horizon_idx,35,0.002782780211418867
R1b_handsin@D1,cup_wipe_sponge_dryingrack,2,left_hand_joints,mse_at_horizon_idx,36,0.002587270922958851
R1b_handsin@D1,cup_wipe_sponge_dryingrack,2,left_hand_joints,mse_at_horizon_idx,37,0.0025994782336056232
R1b_handsin@D1,cup_wipe_sponge_dryingrack,2,left_hand_joints,mse_at_horizon_idx,38,0.0023167196195572615
R1b_handsin@D1,cup_wipe_sponge_dryingrack,2,left_hand_joints,mse_at_horizon_idx,39,0.0018985455390065908
R1b_handsin@D1,cup_wipe_sponge_dryingrack,2,left_hand_joints,grasp_precision,-1,1.0
R1b_handsin@D1,cup_wipe_sponge_dryingrack,2,left_hand_joints,grasp_recall,-1,1.0
R1b_handsin@D1,cup_wipe_sponge_dryingrack,2,left_hand_joints,grasp_f1,-1,1.0
R1b_handsin@D1,cup_wipe_sponge_dryingrack,2,left_hand_joints,grasp_n_gt_events,-1,3.0
R1b_handsin@D1,cup_wipe_sponge_dryingrack,2,left_hand_joints,grasp_n_pred_events,-1,3.0
R1b_handsin@D1,cup_wipe_sponge_dryingrack,2,left_hand_joints,grasp_onset_timing_error_signed_steps,-1,0.0
R1b_handsin@D1,cup_wipe_sponge_dryingrack,2,left_hand_joints,grasp_spurious_transitions,-1,0.0
R1b_handsin@D1,cup_wipe_sponge_dryingrack,2,right_hand_joints,mse,-1,0.0009649918647482991
R1b_handsin@D1,cup_wipe_sponge_dryingrack,2,right_hand_joints,mae,-1,0.0041118101216852665
R1b_handsin@D1,cup_wipe_sponge_dryingrack,2,right_hand_joints,normalized_mse,-1,0.02931096777319908
R1b_handsin@D1,cup_wipe_sponge_dryingrack,2,right_hand_joints,final_position_error,-1,0.0012054949766024947
R1b_handsin@D1,cup_wipe_sponge_dryingrack,2,right_hand_joints,mean_squared_jerk_pred,-1,6.499521987279877e-05
R1b_handsin@D1,cup_wipe_sponge_dryingrack,2,right_hand_joints,mean_squared_jerk_gt,-1,4.957460623700172e-05
R1b_handsin@D1,cup_wipe_sponge_dryingrack,2,right_hand_joints,jerk_ratio_pred_over_gt,-1,1.3110587215171332
R1b_handsin@D1,cup_wipe_sponge_dryingrack,2,right_hand_joints,chunk_boundary_discontinuity,-1,1.1951325177506078e-05
R1b_handsin@D1,cup_wipe_sponge_dryingrack,2,right_hand_joints,mse_proprio_ablated,-1,0.0008795951143838465
R1b_handsin@D1,cup_wipe_sponge_dryingrack,2,right_hand_joints,proprio_leakage_gap,-1,-8.53967503644526e-05
R1b_handsin@D1,cup_wipe_sponge_dryingrack,2,right_hand_joints,mse_at_horizon_idx,0,0.001803139690309763
R1b_handsin@D1,cup_wipe_sponge_dryingrack,2,right_hand_joints,mse_at_horizon_idx,1,0.0015889772912487388
R1b_handsin@D1,cup_wipe_sponge_dryingrack,2,right_hand_joints,mse_at_horizon_idx,2,0.001349021913483739
R1b_handsin@D1,cup_wipe_sponge_dryingrack,2,right_hand_joints,mse_at_horizon_idx,3,0.0008295044535771012
R1b_handsin@D1,cup_wipe_sponge_dryingrack,2,right_hand_joints,mse_at_horizon_idx,4,0.0004620088147930801
R1b_handsin@D1,cup_wipe_sponge_dryingrack,2,right_hand_joints,mse_at_horizon_idx,5,0.0002719501790124923
R1b_handsin@D1,cup_wipe_sponge_dryingrack,2,right_hand_joints,mse_at_horizon_idx,6,0.00019886065274477005
R1b_handsin@D1,cup_wipe_sponge_dryingrack,2,right_hand_joints,mse_at_horizon_idx,7,0.0002090592315653339
R1b_handsin@D1,cup_wipe_sponge_dryingrack,2,right_hand_joints,mse_at_horizon_idx,8,0.0003095692372880876
R1b_handsin@D1,cup_wipe_sponge_dryingrack,2,right_hand_joints,mse_at_horizon_idx,9,0.00018847902538254857
R1b_handsin@D1,cup_wipe_sponge_dryingrack,2,right_hand_joints,mse_at_horizon_idx,10,0.00021535406995099038
R1b_handsin@D1,cup_wipe_sponge_dryingrack,2,right_hand_joints,mse_at_horizon_idx,11,0.0002276137238368392
R1b_handsin@D1,cup_wipe_sponge_dryingrack,2,right_hand_joints,mse_at_horizon_idx,12,0.00019663844432216138
R1b_handsin@D1,cup_wipe_sponge_dryingrack,2,right_hand_joints,mse_at_horizon_idx,13,0.00015833709039725363
R1b_handsin@D1,cup_wipe_sponge_dryingrack,2,right_hand_joints,mse_at_horizon_idx,14,0.00019299770065117627
R1b_handsin@D1,cup_wipe_sponge_dryingrack,2,right_hand_joints,mse_at_horizon_idx,15,0.00015751877799630165
R1b_handsin@D1,cup_wipe_sponge_dryingrack,2,right_hand_joints,mse_at_horizon_idx,16,0.00013101518561597914
R1b_handsin@D1,cup_wipe_sponge_dryingrack,2,right_hand_joints,mse_at_horizon_idx,17,0.00016723999578971416
R1b_handsin@D1,cup_wipe_sponge_dryingrack,2,right_hand_joints,mse_at_horizon_idx,18,8.94379845703952e-05
R1b_handsin@D1,cup_wipe_sponge_dryingrack,2,right_hand_joints,mse_at_horizon_idx,19,1.7082662452594377e-05
R1b_handsin@D1,cup_wipe_sponge_dryingrack,2,right_hand_joints,mse_at_horizon_idx,20,3.3580341550987214e-05
R1b_handsin@D1,cup_wipe_sponge_dryingrack,2,right_hand_joints,mse_at_horizon_idx,21,7.009997352724895e-05
R1b_handsin@D1,cup_wipe_sponge_dryingrack,2,right_hand_joints,mse_at_horizon_idx,22,0.0002284981746925041
R1b_handsin@D1,cup_wipe_sponge_dryingrack,2,right_hand_joints,mse_at_horizon_idx,23,0.00026854031602852046
R1b_handsin@D1,cup_wipe_sponge_dryingrack,2,right_hand_joints,mse_at_horizon_idx,24,0.0004959368379786611
R1b_handsin@D1,cup_wipe_sponge_dryingrack,2,right_hand_joints,mse_at_horizon_idx,25,0.0006990197580307722
R1b_handsin@D1,cup_wipe_sponge_dryingrack,2,right_hand_joints,mse_at_horizon_idx,26,0.000923263025470078
R1b_handsin@D1,cup_wipe_sponge_dryingrack,2,right_hand_joints,mse_at_horizon_idx,27,0.0015679781790822744
R1b_handsin@D1,cup_wipe_sponge_dryingrack,2,right_hand_joints,mse_at_horizon_idx,28,0.0017382012447342277
R1b_handsin@D1,cup_wipe_sponge_dryingrack,2,right_hand_joints,mse_at_horizon_idx,29,0.0019796034321188927
R1b_handsin@D1,cup_wipe_sponge_dryingrack,2,right_hand_joints,mse_at_horizon_idx,30,0.0021553202532231808
R1b_handsin@D1,cup_wipe_sponge_dryingrack,2,right_hand_joints,mse_at_horizon_idx,31,0.002473191823810339
R1b_handsin@D1,cup_wipe_sponge_dryingrack,2,right_hand_joints,mse_at_horizon_idx,32,0.0021880348213016987
R1b_handsin@D1,cup_wipe_sponge_dryingrack,2,right_hand_joints,mse_at_horizon_idx,33,0.0025067797396332026
R1b_handsin@D1,cup_wipe_sponge_dryingrack,2,right_hand_joints,mse_at_horizon_idx,34,0.0028334367088973522
R1b_handsin@D1,cup_wipe_sponge_dryingrack,2,right_hand_joints,mse_at_horizon_idx,35,0.0023500623647123575
R1b_handsin@D1,cup_wipe_sponge_dryingrack,2,right_hand_joints,mse_at_horizon_idx,36,0.0020600296556949615
R1b_handsin@D1,cup_wipe_sponge_dryingrack,2,right_hand_joints,mse_at_horizon_idx,37,0.0020627323538064957
R1b_handsin@D1,cup_wipe_sponge_dryingrack,2,right_hand_joints,mse_at_horizon_idx,38,0.0017253184923902154
R1b_handsin@D1,cup_wipe_sponge_dryingrack,2,right_hand_joints,mse_at_horizon_idx,39,0.001710976124741137
R1b_handsin@D1,cup_wipe_sponge_dryingrack,2,right_hand_joints,grasp_precision,-1,0.6666666666666666
R1b_handsin@D1,cup_wipe_sponge_dryingrack,2,right_hand_joints,grasp_recall,-1,0.6666666666666666
R1b_handsin@D1,cup_wipe_sponge_dryingrack,2,right_hand_joints,grasp_f1,-1,0.6666666666666666
R1b_handsin@D1,cup_wipe_sponge_dryingrack,2,right_hand_joints,grasp_n_gt_events,-1,3.0
R1b_handsin@D1,cup_wipe_sponge_dryingrack,2,right_hand_joints,grasp_n_pred_events,-1,3.0
R1b_handsin@D1,cup_wipe_sponge_dryingrack,2,right_hand_joints,grasp_onset_timing_error_signed_steps,-1,4.0
R1b_handsin@D1,cup_wipe_sponge_dryingrack,2,right_hand_joints,grasp_spurious_transitions,-1,1.0
R1b_handsin@D1,cup_wipe_sponge_dryingrack,2,all,mse,-1,0.0015452657826244831
R1b_handsin@D1,cup_wipe_sponge_dryingrack,2,all,mae,-1,0.026031021028757095
R1b_handsin@D1,cup_wipe_sponge_dryingrack,2,all,normalized_mse,-1,0.47158512473106384
R1b_handsin@D1,cup_wipe_sponge_dryingrack,2,all,final_position_error,-1,0.3146968185901642
R1b_handsin@D1,cup_wipe_sponge_dryingrack,2,all,mean_squared_jerk_pred,-1,0.0006380353588610888
R1b_handsin@D1,cup_wipe_sponge_dryingrack,2,all,mean_squared_jerk_gt,-1,0.0008246550569310784
R1b_handsin@D1,cup_wipe_sponge_dryingrack,2,all,jerk_ratio_pred_over_gt,-1,0.7736996863094643
R1b_handsin@D1,cup_wipe_sponge_dryingrack,2,all,chunk_boundary_discontinuity,-1,2.6685025659389794e-05
R1b_handsin@D1,cup_wipe_sponge_dryingrack,2,all,mse_proprio_ablated,-1,0.0016732328804209828
R1b_handsin@D1,cup_wipe_sponge_dryingrack,2,all,proprio_leakage_gap,-1,0.00012796709779649973
R1b_handsin@D1,cup_wipe_sponge_dryingrack,2,all,mse_at_horizon_idx,0,0.0016737637342885137
R1b_handsin@D1,cup_wipe_sponge_dryingrack,2,all,mse_at_horizon_idx,1,0.0016419298481196165
R1b_handsin@D1,cup_wipe_sponge_dryingrack,2,all,mse_at_horizon_idx,2,0.0016610012389719486
R1b_handsin@D1,cup_wipe_sponge_dryingrack,2,all,mse_at_horizon_idx,3,0.0014208974316716194
R1b_handsin@D1,cup_wipe_sponge_dryingrack,2,all,mse_at_horizon_idx,4,0.0013928828993812203
R1b_handsin@D1,cup_wipe_sponge_dryingrack,2,all,mse_at_horizon_idx,5,0.0014161041472107172
R1b_handsin@D1,cup_wipe_sponge_dryingrack,2,all,mse_at_horizon_idx,6,0.0015157624147832394
R1b_handsin@D1,cup_wipe_sponge_dryingrack,2,all,mse_at_horizon_idx,7,0.0015784685965627432
R1b_handsin@D1,cup_wipe_sponge_dryingrack,2,all,mse_at_horizon_idx,8,0.0016639848472550511
R1b_handsin@D1,cup_wipe_sponge_dryingrack,2,all,mse_at_horizon_idx,9,0.0017883731052279472
R1b_handsin@D1,cup_wipe_sponge_dryingrack,2,all,mse_at_horizon_idx,10,0.0019413946429267526
R1b_handsin@D1,cup_wipe_sponge_dryingrack,2,all,mse_at_horizon_idx,11,0.001319498405791819
R1b_handsin@D1,cup_wipe_sponge_dryingrack,2,all,mse_at_horizon_idx,12,0.001355139771476388
R1b_handsin@D1,cup_wipe_sponge_dryingrack,2,all,mse_at_horizon_idx,13,0.0013798357686027884
R1b_handsin@D1,cup_wipe_sponge_dryingrack,2,all,mse_at_horizon_idx,14,0.0014551725471392274
R1b_handsin@D1,cup_wipe_sponge_dryingrack,2,all,mse_at_horizon_idx,15,0.0014458515215665102
R1b_handsin@D1,cup_wipe_sponge_dryingrack,2,all,mse_at_horizon_idx,16,0.0015199475456029177
R1b_handsin@D1,cup_wipe_sponge_dryingrack,2,all,mse_at_horizon_idx,17,0.001549192820675671
R1b_handsin@D1,cup_wipe_sponge_dryingrack,2,all,mse_at_horizon_idx,18,0.0015742232790216804
R1b_handsin@D1,cup_wipe_sponge_dryingrack,2,all,mse_at_horizon_idx,19,0.0013117226772010326
R1b_handsin@D1,cup_wipe_sponge_dryingrack,2,all,mse_at_horizon_idx,20,0.001366166863590479
R1b_handsin@D1,cup_wipe_sponge_dryingrack,2,all,mse_at_horizon_idx,21,0.0013558364007622004
R1b_handsin@D1,cup_wipe_sponge_dryingrack,2,all,mse_at_horizon_idx,22,0.0013444666983559728
R1b_handsin@D1,cup_wipe_sponge_dryingrack,2,all,mse_at_horizon_idx,23,0.001397010637447238
R1b_handsin@D1,cup_wipe_sponge_dryingrack,2,all,mse_at_horizon_idx,24,0.0014303328935056925
R1b_handsin@D1,cup_wipe_sponge_dryingrack,2,all,mse_at_horizon_idx,25,0.0015060394071042538
R1b_handsin@D1,cup_wipe_sponge_dryingrack,2,all,mse_at_horizon_idx,26,0.0015345357824116945
R1b_handsin@D1,cup_wipe_sponge_dryingrack,2,all,mse_at_horizon_idx,27,0.0013885421212762594
R1b_handsin@D1,cup_wipe_sponge_dryingrack,2,all,mse_at_horizon_idx,28,0.0014615035615861416
R1b_handsin@D1,cup_wipe_sponge_dryingrack,2,all,mse_at_horizon_idx,29,0.0015461661387234926
R1b_handsin@D1,cup_wipe_sponge_dryingrack,2,all,mse_at_horizon_idx,30,0.0015882502775639296
R1b_handsin@D1,cup_wipe_sponge_dryingrack,2,all,mse_at_horizon_idx,31,0.0016444374341517687
R1b_handsin@D1,cup_wipe_sponge_dryingrack,2,all,mse_at_horizon_idx,32,0.0016790356021374464
R1b_handsin@D1,cup_wipe_sponge_dryingrack,2,all,mse_at_horizon_idx,33,0.0017063047271221876
R1b_handsin@D1,cup_wipe_sponge_dryingrack,2,all,mse_at_horizon_idx,34,0.0017629011999815702
R1b_handsin@D1,cup_wipe_sponge_dryingrack,2,all,mse_at_horizon_idx,35,0.0017165098106488585
R1b_handsin@D1,cup_wipe_sponge_dryingrack,2,all,mse_at_horizon_idx,36,0.001694291247986257
R1b_handsin@D1,cup_wipe_sponge_dryingrack,2,all,mse_at_horizon_idx,37,0.001728694187477231
R1b_handsin@D1,cup_wipe_sponge_dryingrack,2,all,mse_at_horizon_idx,38,0.0016730520874261856
R1b_handsin@D1,cup_wipe_sponge_dryingrack,2,all,mse_at_horizon_idx,39,0.0016673712525516748
R1b_handsin@D1,floor_box_table,16,motion_token,mse,-1,0.004388649482280016
R1b_handsin@D1,floor_box_table,16,motion_token,mae,-1,0.049292679876089096
R1b_handsin@D1,floor_box_table,16,motion_token,normalized_mse,-1,0.5034719705581665
R1b_handsin@D1,floor_box_table,16,motion_token,final_position_error,-1,0.5280570387840271
R1b_handsin@D1,floor_box_table,16,motion_token,mean_squared_jerk_pred,-1,0.0014413960743695498
R1b_handsin@D1,floor_box_table,16,motion_token,mean_squared_jerk_gt,-1,0.001409223536029458
R1b_handsin@D1,floor_box_table,16,motion_token,jerk_ratio_pred_over_gt,-1,1.0228299751725258
R1b_handsin@D1,floor_box_table,16,motion_token,chunk_boundary_discontinuity,-1,5.260745820123702e-05
R1b_handsin@D1,floor_box_table,16,motion_token,on_grid_fraction,-1,0.0658092248908297
R1b_handsin@D1,floor_box_table,16,motion_token,mse_proprio_ablated,-1,0.00545452581718564
R1b_handsin@D1,floor_box_table,16,motion_token,proprio_leakage_gap,-1,0.0010658763349056244
R1b_handsin@D1,floor_box_table,16,motion_token,mse_at_horizon_idx,0,0.004838877823203802
R1b_handsin@D1,floor_box_table,16,motion_token,mse_at_horizon_idx,1,0.004967858083546162
R1b_handsin@D1,floor_box_table,16,motion_token,mse_at_horizon_idx,2,0.0051408801227808
R1b_handsin@D1,floor_box_table,16,motion_token,mse_at_horizon_idx,3,0.003948436584323645
R1b_handsin@D1,floor_box_table,16,motion_token,mse_at_horizon_idx,4,0.004002142697572708
R1b_handsin@D1,floor_box_table,16,motion_token,mse_at_horizon_idx,5,0.004223846364766359
R1b_handsin@D1,floor_box_table,16,motion_token,mse_at_horizon_idx,6,0.004411368165165186
R1b_handsin@D1,floor_box_table,16,motion_token,mse_at_horizon_idx,7,0.004615441430360079
R1b_handsin@D1,floor_box_table,16,motion_token,mse_at_horizon_idx,8,0.004806510638445616
R1b_handsin@D1,floor_box_table,16,motion_token,mse_at_horizon_idx,9,0.005049388390034437
R1b_handsin@D1,floor_box_table,16,motion_token,mse_at_horizon_idx,10,0.005088525824248791
R1b_handsin@D1,floor_box_table,16,motion_token,mse_at_horizon_idx,11,0.00406589824706316
R1b_handsin@D1,floor_box_table,16,motion_token,mse_at_horizon_idx,12,0.004040979314595461
R1b_handsin@D1,floor_box_table,16,motion_token,mse_at_horizon_idx,13,0.004067377652972937
R1b_handsin@D1,floor_box_table,16,motion_token,mse_at_horizon_idx,14,0.004234335385262966
R1b_handsin@D1,floor_box_table,16,motion_token,mse_at_horizon_idx,15,0.004197277594357729
R1b_handsin@D1,floor_box_table,16,motion_token,mse_at_horizon_idx,16,0.0044128079898655415
R1b_handsin@D1,floor_box_table,16,motion_token,mse_at_horizon_idx,17,0.004610945470631123
R1b_handsin@D1,floor_box_table,16,motion_token,mse_at_horizon_idx,18,0.004819171968847513
R1b_handsin@D1,floor_box_table,16,motion_token,mse_at_horizon_idx,19,0.003787052584812045
R1b_handsin@D1,floor_box_table,16,motion_token,mse_at_horizon_idx,20,0.004055297002196312
R1b_handsin@D1,floor_box_table,16,motion_token,mse_at_horizon_idx,21,0.0041308654472231865
R1b_handsin@D1,floor_box_table,16,motion_token,mse_at_horizon_idx,22,0.004191588144749403
R1b_handsin@D1,floor_box_table,16,motion_token,mse_at_horizon_idx,23,0.004358334932476282
R1b_handsin@D1,floor_box_table,16,motion_token,mse_at_horizon_idx,24,0.0045461771078407764
R1b_handsin@D1,floor_box_table,16,motion_token,mse_at_horizon_idx,25,0.004602511413395405
R1b_handsin@D1,floor_box_table,16,motion_token,mse_at_horizon_idx,26,0.00444395886734128
R1b_handsin@D1,floor_box_table,16,motion_token,mse_at_horizon_idx,27,0.003956631291657686
R1b_handsin@D1,floor_box_table,16,motion_token,mse_at_horizon_idx,28,0.004099228885024786
R1b_handsin@D1,floor_box_table,16,motion_token,mse_at_horizon_idx,29,0.004098004195839167
R1b_handsin@D1,floor_box_table,16,motion_token,mse_at_horizon_idx,30,0.0042036124505102634
R1b_handsin@D1,floor_box_table,16,motion_token,mse_at_horizon_idx,31,0.004227806348353624
R1b_handsin@D1,floor_box_table,16,motion_token,mse_at_horizon_idx,32,0.00426884600892663
R1b_handsin@D1,floor_box_table,16,motion_token,mse_at_horizon_idx,33,0.00431518629193306
R1b_handsin@D1,floor_box_table,16,motion_token,mse_at_horizon_idx,34,0.004338126629590988
R1b_handsin@D1,floor_box_table,16,motion_token,mse_at_horizon_idx,35,0.004267589654773474
R1b_handsin@D1,floor_box_table,16,motion_token,mse_at_horizon_idx,36,0.004401153884828091
R1b_handsin@D1,floor_box_table,16,motion_token,mse_at_horizon_idx,37,0.004396599717438221
R1b_handsin@D1,floor_box_table,16,motion_token,mse_at_horizon_idx,38,0.004583860747516155
R1b_handsin@D1,floor_box_table,16,motion_token,mse_at_horizon_idx,39,0.00475684879347682
R1b_handsin@D1,floor_box_table,16,left_hand_joints,mse,-1,0.0035723629407584667
R1b_handsin@D1,floor_box_table,16,left_hand_joints,mae,-1,0.006948818452656269
R1b_handsin@D1,floor_box_table,16,left_hand_joints,normalized_mse,-1,0.10658907145261765
R1b_handsin@D1,floor_box_table,16,left_hand_joints,final_position_error,-1,0.010774175636470318
R1b_handsin@D1,floor_box_table,16,left_hand_joints,mean_squared_jerk_pred,-1,8.24450034997426e-05
R1b_handsin@D1,floor_box_table,16,left_hand_joints,mean_squared_jerk_gt,-1,2.0969486286048777e-05
R1b_handsin@D1,floor_box_table,16,left_hand_joints,jerk_ratio_pred_over_gt,-1,3.9316653910875314
R1b_handsin@D1,floor_box_table,16,left_hand_joints,chunk_boundary_discontinuity,-1,4.3712625483749434e-06
R1b_handsin@D1,floor_box_table,16,left_hand_joints,mse_proprio_ablated,-1,0.0037761577405035496
R1b_handsin@D1,floor_box_table,16,left_hand_joints,proprio_leakage_gap,-1,0.00020379479974508286
R1b_handsin@D1,floor_box_table,16,left_hand_joints,mse_at_horizon_idx,0,0.00541681656613946
R1b_handsin@D1,floor_box_table,16,left_hand_joints,mse_at_horizon_idx,1,0.005507959518581629
R1b_handsin@D1,floor_box_table,16,left_hand_joints,mse_at_horizon_idx,2,0.00523701636120677
R1b_handsin@D1,floor_box_table,16,left_hand_joints,mse_at_horizon_idx,3,0.004256791900843382
R1b_handsin@D1,floor_box_table,16,left_hand_joints,mse_at_horizon_idx,4,0.003978101536631584
R1b_handsin@D1,floor_box_table,16,left_hand_joints,mse_at_horizon_idx,5,0.0034584973473101854
R1b_handsin@D1,floor_box_table,16,left_hand_joints,mse_at_horizon_idx,6,0.0031540095806121826
R1b_handsin@D1,floor_box_table,16,left_hand_joints,mse_at_horizon_idx,7,0.0029811335261911154
R1b_handsin@D1,floor_box_table,16,left_hand_joints,mse_at_horizon_idx,8,0.002866515889763832
R1b_handsin@D1,floor_box_table,16,left_hand_joints,mse_at_horizon_idx,9,0.0025753662921488285
R1b_handsin@D1,floor_box_table,16,left_hand_joints,mse_at_horizon_idx,10,0.0024110660888254642
R1b_handsin@D1,floor_box_table,16,left_hand_joints,mse_at_horizon_idx,11,0.0019812709651887417
R1b_handsin@D1,floor_box_table,16,left_hand_joints,mse_at_horizon_idx,12,0.0018824220169335604
R1b_handsin@D1,floor_box_table,16,left_hand_joints,mse_at_horizon_idx,13,0.0017793711740523577
R1b_handsin@D1,floor_box_table,16,left_hand_joints,mse_at_horizon_idx,14,0.0017667983192950487
R1b_handsin@D1,floor_box_table,16,left_hand_joints,mse_at_horizon_idx,15,0.0016633637715131044
R1b_handsin@D1,floor_box_table,16,left_hand_joints,mse_at_horizon_idx,16,0.0015546518843621016
R1b_handsin@D1,floor_box_table,16,left_hand_joints,mse_at_horizon_idx,17,0.0016284072771668434
R1b_handsin@D1,floor_box_table,16,left_hand_joints,mse_at_horizon_idx,18,0.0017006538109853864
R1b_handsin@D1,floor_box_table,16,left_hand_joints,mse_at_horizon_idx,19,0.00146672991104424
R1b_handsin@D1,floor_box_table,16,left_hand_joints,mse_at_horizon_idx,20,0.0016757394187152386
R1b_handsin@D1,floor_box_table,16,left_hand_joints,mse_at_horizon_idx,21,0.0018574780551716685
R1b_handsin@D1,floor_box_table,16,left_hand_joints,mse_at_horizon_idx,22,0.0020143098663538694
R1b_handsin@D1,floor_box_table,16,left_hand_joints,mse_at_horizon_idx,23,0.002352300100028515
R1b_handsin@D1,floor_box_table,16,left_hand_joints,mse_at_horizon_idx,24,0.0025549805723130703
R1b_handsin@D1,floor_box_table,16,left_hand_joints,mse_at_horizon_idx,25,0.002649599453434348
R1b_handsin@D1,floor_box_table,16,left_hand_joints,mse_at_horizon_idx,26,0.002939164638519287
R1b_handsin@D1,floor_box_table,16,left_hand_joints,mse_at_horizon_idx,27,0.0034406171180307865
R1b_handsin@D1,floor_box_table,16,left_hand_joints,mse_at_horizon_idx,28,0.004021801985800266
R1b_handsin@D1,floor_box_table,16,left_hand_joints,mse_at_horizon_idx,29,0.004658930469304323
R1b_handsin@D1,floor_box_table,16,left_hand_joints,mse_at_horizon_idx,30,0.005290281027555466
R1b_handsin@D1,floor_box_table,16,left_hand_joints,mse_at_horizon_idx,31,0.005414947867393494
R1b_handsin@D1,floor_box_table,16,left_hand_joints,mse_at_horizon_idx,32,0.005798306316137314
R1b_handsin@D1,floor_box_table,16,left_hand_joints,mse_at_horizon_idx,33,0.005845147650688887
R1b_handsin@D1,floor_box_table,16,left_hand_joints,mse_at_horizon_idx,34,0.005450269673019648
R1b_handsin@D1,floor_box_table,16,left_hand_joints,mse_at_horizon_idx,35,0.005736334249377251
R1b_handsin@D1,floor_box_table,16,left_hand_joints,mse_at_horizon_idx,36,0.006175854708999395
R1b_handsin@D1,floor_box_table,16,left_hand_joints,mse_at_horizon_idx,37,0.005923846736550331
R1b_handsin@D1,floor_box_table,16,left_hand_joints,mse_at_horizon_idx,38,0.006200550589710474
R1b_handsin@D1,floor_box_table,16,left_hand_joints,mse_at_horizon_idx,39,0.00606518192216754
R1b_handsin@D1,floor_box_table,16,left_hand_joints,grasp_precision,-1,0.3333333333333333
R1b_handsin@D1,floor_box_table,16,left_hand_joints,grasp_recall,-1,0.3333333333333333
R1b_handsin@D1,floor_box_table,16,left_hand_joints,grasp_f1,-1,0.3333333333333333
R1b_handsin@D1,floor_box_table,16,left_hand_joints,grasp_n_gt_events,-1,3.0
R1b_handsin@D1,floor_box_table,16,left_hand_joints,grasp_n_pred_events,-1,3.0
R1b_handsin@D1,floor_box_table,16,left_hand_joints,grasp_onset_timing_error_signed_steps,-1,0.0
R1b_handsin@D1,floor_box_table,16,left_hand_joints,grasp_spurious_transitions,-1,2.0
R1b_handsin@D1,floor_box_table,16,right_hand_joints,mse,-1,0.0030182721093297005
R1b_handsin@D1,floor_box_table,16,right_hand_joints,mae,-1,0.006200231146067381
R1b_handsin@D1,floor_box_table,16,right_hand_joints,normalized_mse,-1,0.09306362271308899
R1b_handsin@D1,floor_box_table,16,right_hand_joints,final_position_error,-1,0.005032312590628862
R1b_handsin@D1,floor_box_table,16,right_hand_joints,mean_squared_jerk_pred,-1,0.0001084849500330165
R1b_handsin@D1,floor_box_table,16,right_hand_joints,mean_squared_jerk_gt,-1,2.557596963015385e-05
R1b_handsin@D1,floor_box_table,16,right_hand_joints,jerk_ratio_pred_over_gt,-1,4.2416749629352735
R1b_handsin@D1,floor_box_table,16,right_hand_joints,chunk_boundary_discontinuity,-1,3.662304152385332e-05
R1b_handsin@D1,floor_box_table,16,right_hand_joints,mse_proprio_ablated,-1,0.0029765197541564703
R1b_handsin@D1,floor_box_table,16,right_hand_joints,proprio_leakage_gap,-1,-4.175235517323017e-05
R1b_handsin@D1,floor_box_table,16,right_hand_joints,mse_at_horizon_idx,0,0.00495474599301815
R1b_handsin@D1,floor_box_table,16,right_hand_joints,mse_at_horizon_idx,1,0.004943078383803368
R1b_handsin@D1,floor_box_table,16,right_hand_joints,mse_at_horizon_idx,2,0.004922210704535246
R1b_handsin@D1,floor_box_table,16,right_hand_joints,mse_at_horizon_idx,3,0.0029357578605413437
R1b_handsin@D1,floor_box_table,16,right_hand_joints,mse_at_horizon_idx,4,0.002590292366221547
R1b_handsin@D1,floor_box_table,16,right_hand_joints,mse_at_horizon_idx,5,0.0019976545590907335
R1b_handsin@D1,floor_box_table,16,right_hand_joints,mse_at_horizon_idx,6,0.0018724543042480946
R1b_handsin@D1,floor_box_table,16,right_hand_joints,mse_at_horizon_idx,7,0.0016105679096654058
R1b_handsin@D1,floor_box_table,16,right_hand_joints,mse_at_horizon_idx,8,0.0015113987028598785
R1b_handsin@D1,floor_box_table,16,right_hand_joints,mse_at_horizon_idx,9,0.0013667452149093151
R1b_handsin@D1,floor_box_table,16,right_hand_joints,mse_at_horizon_idx,10,0.0012601333437487483
R1b_handsin@D1,floor_box_table,16,right_hand_joints,mse_at_horizon_idx,11,0.00047344499034807086
R1b_handsin@D1,floor_box_table,16,right_hand_joints,mse_at_horizon_idx,12,0.0004340183804742992
R1b_handsin@D1,floor_box_table,16,right_hand_joints,mse_at_horizon_idx,13,0.0006146460073068738
R1b_handsin@D1,floor_box_table,16,right_hand_joints,mse_at_horizon_idx,14,0.0007259296835400164
R1b_handsin@D1,floor_box_table,16,right_hand_joints,mse_at_horizon_idx,15,0.0007995067280717194
R1b_handsin@D1,floor_box_table,16,right_hand_joints,mse_at_horizon_idx,16,0.0008819509530439973
R1b_handsin@D1,floor_box_table,16,right_hand_joints,mse_at_horizon_idx,17,0.0012571525294333696
R1b_handsin@D1,floor_box_table,16,right_hand_joints,mse_at_horizon_idx,18,0.0012502043973654509
R1b_handsin@D1,floor_box_table,16,right_hand_joints,mse_at_horizon_idx,19,0.0019983097445219755
R1b_handsin@D1,floor_box_table,16,right_hand_joints,mse_at_horizon_idx,20,0.0023063370026648045
R1b_handsin@D1,floor_box_table,16,right_hand_joints,mse_at_horizon_idx,21,0.0025368223432451487
R1b_handsin@D1,floor_box_table,16,right_hand_joints,mse_at_horizon_idx,22,0.002791752340272069
R1b_handsin@D1,floor_box_table,16,right_hand_joints,mse_at_horizon_idx,23,0.0028728742618113756
R1b_handsin@D1,floor_box_table,16,right_hand_joints,mse_at_horizon_idx,24,0.003009769367054105
R1b_handsin@D1,floor_box_table,16,right_hand_joints,mse_at_horizon_idx,25,0.003055645152926445
R1b_handsin@D1,floor_box_table,16,right_hand_joints,mse_at_horizon_idx,26,0.003168132621794939
R1b_handsin@D1,floor_box_table,16,right_hand_joints,mse_at_horizon_idx,27,0.003602965036407113
R1b_handsin@D1,floor_box_table,16,right_hand_joints,mse_at_horizon_idx,28,0.0038748979568481445
R1b_handsin@D1,floor_box_table,16,right_hand_joints,mse_at_horizon_idx,29,0.004330274648964405
R1b_handsin@D1,floor_box_table,16,right_hand_joints,mse_at_horizon_idx,30,0.004833438899368048
R1b_handsin@D1,floor_box_table,16,right_hand_joints,mse_at_horizon_idx,31,0.004830311052501202
R1b_handsin@D1,floor_box_table,16,right_hand_joints,mse_at_horizon_idx,32,0.005060239695012569
R1b_handsin@D1,floor_box_table,16,right_hand_joints,mse_at_horizon_idx,33,0.005114563275128603
R1b_handsin@D1,floor_box_table,16,right_hand_joints,mse_at_horizon_idx,34,0.004875399172306061
R1b_handsin@D1,floor_box_table,16,right_hand_joints,mse_at_horizon_idx,35,0.004952997900545597
R1b_handsin@D1,floor_box_table,16,right_hand_joints,mse_at_horizon_idx,36,0.005330352578312159
R1b_handsin@D1,floor_box_table,16,right_hand_joints,mse_at_horizon_idx,37,0.00520294439047575
R1b_handsin@D1,floor_box_table,16,right_hand_joints,mse_at_horizon_idx,38,0.005556156858801842
R1b_handsin@D1,floor_box_table,16,right_hand_joints,mse_at_horizon_idx,39,0.005435774102807045
R1b_handsin@D1,floor_box_table,16,right_hand_joints,grasp_precision,-1,0.3333333333333333
R1b_handsin@D1,floor_box_table,16,right_hand_joints,grasp_recall,-1,0.3333333333333333
R1b_handsin@D1,floor_box_table,16,right_hand_joints,grasp_f1,-1,0.3333333333333333
R1b_handsin@D1,floor_box_table,16,right_hand_joints,grasp_n_gt_events,-1,3.0
R1b_handsin@D1,floor_box_table,16,right_hand_joints,grasp_n_pred_events,-1,3.0
R1b_handsin@D1,floor_box_table,16,right_hand_joints,grasp_onset_timing_error_signed_steps,-1,0.0
R1b_handsin@D1,floor_box_table,16,right_hand_joints,grasp_spurious_transitions,-1,2.0
R1b_handsin@D1,floor_box_table,16,all,mse,-1,0.0041924105025827885
R1b_handsin@D1,floor_box_table,16,all,mae,-1,0.04162532091140747
R1b_handsin@D1,floor_box_table,16,all,normalized_mse,-1,0.4912402927875519
R1b_handsin@D1,floor_box_table,16,all,final_position_error,-1,0.5281909108161926
R1b_handsin@D1,floor_box_table,16,all,mean_squared_jerk_pred,-1,0.0011998189147561789
R1b_handsin@D1,floor_box_table,16,all,mean_squared_jerk_gt,-1,0.0011604632018133998
R1b_handsin@D1,floor_box_table,16,all,jerk_ratio_pred_over_gt,-1,1.0339137965609593
R1b_handsin@D1,floor_box_table,16,all,chunk_boundary_discontinuity,-1,4.684407031163573e-05
R1b_handsin@D1,floor_box_table,16,all,mse_proprio_ablated,-1,0.005081518087536097
R1b_handsin@D1,floor_box_table,16,all,proprio_leakage_gap,-1,0.0008891075849533081
R1b_handsin@D1,floor_box_table,16,all,mse_at_horizon_idx,0,0.0049011423252522945
R1b_handsin@D1,floor_box_table,16,all,mse_at_horizon_idx,1,0.00501410523429513
R1b_handsin@D1,floor_box_table,16,all,mse_at_horizon_idx,2,0.005129883531481028
R1b_handsin@D1,floor_box_table,16,all,mse_at_horizon_idx,3,0.0038852279540151358
R1b_handsin@D1,floor_box_table,16,all,mse_at_horizon_idx,4,0.0038732802495360374
R1b_handsin@D1,floor_box_table,16,all,mse_at_horizon_idx,5,0.003955375403165817
R1b_handsin@D1,floor_box_table,16,all,mse_at_horizon_idx,6,0.004070676863193512
R1b_handsin@D1,floor_box_table,16,all,mse_at_horizon_idx,7,0.004199105314910412
R1b_handsin@D1,floor_box_table,16,all,mse_at_horizon_idx,8,0.004336693324148655
R1b_handsin@D1,floor_box_table,16,all,mse_at_horizon_idx,9,0.004496866837143898
R1b_handsin@D1,floor_box_table,16,all,mse_at_horizon_idx,10,0.00450466712936759
R1b_handsin@D1,floor_box_table,16,all,mse_at_horizon_idx,11,0.003556417766958475
R1b_handsin@D1,floor_box_table,16,all,mse_at_horizon_idx,12,0.0035235602408647537
R1b_handsin@D1,floor_box_table,16,all,mse_at_horizon_idx,13,0.003552183276042342
R1b_handsin@D1,floor_box_table,16,all,mse_at_horizon_idx,14,0.003698032582178712
R1b_handsin@D1,floor_box_table,16,all,mse_at_horizon_idx,15,0.0036649471148848534
R1b_handsin@D1,floor_box_table,16,all,mse_at_horizon_idx,16,0.0038394355215132236
R1b_handsin@D1,floor_box_table,16,all,mse_at_horizon_idx,17,0.004042300395667553
R1b_handsin@D1,floor_box_table,16,all,mse_at_horizon_idx,18,0.004219013266265392
R1b_handsin@D1,floor_box_table,16,all,mse_at_horizon_idx,19,0.0034182900562882423
R1b_handsin@D1,floor_box_table,16,all,mse_at_horizon_idx,20,0.0036847887095063925
R1b_handsin@D1,floor_box_table,16,all,mse_at_horizon_idx,21,0.003783788299188018
R1b_handsin@D1,floor_box_table,16,all,mse_at_horizon_idx,22,0.003870564978569746
R1b_handsin@D1,floor_box_table,16,all,mse_at_horizon_idx,23,0.004044995177537203
R1b_handsin@D1,floor_box_table,16,all,mse_at_horizon_idx,24,0.004229596816003323
R1b_handsin@D1,floor_box_table,16,all,mse_at_horizon_idx,25,0.004288428463041782
R1b_handsin@D1,floor_box_table,16,all,mse_at_horizon_idx,26,0.004194416105747223
R1b_handsin@D1,floor_box_table,16,all,mse_at_horizon_idx,27,0.0038785834331065416
R1b_handsin@D1,floor_box_table,16,all,mse_at_horizon_idx,28,0.004072148352861404
R1b_handsin@D1,floor_box_table,16,all,mse_at_horizon_idx,29,0.004169188439846039
R1b_handsin@D1,floor_box_table,16,all,mse_at_horizon_idx,30,0.004357656929641962
R1b_handsin@D1,floor_box_table,16,all,mse_at_horizon_idx,31,0.0043884157203137875
R1b_handsin@D1,floor_box_table,16,all,mse_at_horizon_idx,32,0.00447712792083621
R1b_handsin@D1,floor_box_table,16,all,mse_at_horizon_idx,33,0.004524229094386101
R1b_handsin@D1,floor_box_table,16,all,mse_at_horizon_idx,34,0.00448615150526166
R1b_handsin@D1,floor_box_table,16,all,mse_at_horizon_idx,35,0.004460911266505718
R1b_handsin@D1,floor_box_table,16,all,mse_at_horizon_idx,36,0.0046438113786280155
R1b_handsin@D1,floor_box_table,16,all,mse_at_horizon_idx,37,0.004606024827808142
R1b_handsin@D1,floor_box_table,16,all,mse_at_horizon_idx,38,0.00481620617210865
R1b_handsin@D1,floor_box_table,16,all,mse_at_horizon_idx,39,0.0049351914785802364
R1b_handsin@D2,bottle_cupnoodles_shelf,0,motion_token,mse,-1,0.007366745732724667
R1b_handsin@D2,bottle_cupnoodles_shelf,0,motion_token,mae,-1,0.06384589523077011
R1b_handsin@D2,bottle_cupnoodles_shelf,0,motion_token,normalized_mse,-1,1.2607414722442627
R1b_handsin@D2,bottle_cupnoodles_shelf,0,motion_token,final_position_error,-1,0.4635123908519745
R1b_handsin@D2,bottle_cupnoodles_shelf,0,motion_token,mean_squared_jerk_pred,-1,0.005610384047031403
R1b_handsin@D2,bottle_cupnoodles_shelf,0,motion_token,mean_squared_jerk_gt,-1,0.0012229096610099077
R1b_handsin@D2,bottle_cupnoodles_shelf,0,motion_token,jerk_ratio_pred_over_gt,-1,4.587733849774492
R1b_handsin@D2,bottle_cupnoodles_shelf,0,motion_token,chunk_boundary_discontinuity,-1,0.0004598539089784026
R1b_handsin@D2,bottle_cupnoodles_shelf,0,motion_token,on_grid_fraction,-1,1.0
R1b_handsin@D2,bottle_cupnoodles_shelf,0,motion_token,mse_proprio_ablated,-1,0.007354143541306257
R1b_handsin@D2,bottle_cupnoodles_shelf,0,motion_token,proprio_leakage_gap,-1,-1.2602191418409348e-05
R1b_handsin@D2,bottle_cupnoodles_shelf,0,motion_token,mse_at_horizon_idx,0,0.007809200789779425
R1b_handsin@D2,bottle_cupnoodles_shelf,0,motion_token,mse_at_horizon_idx,1,0.007854565046727657
R1b_handsin@D2,bottle_cupnoodles_shelf,0,motion_token,mse_at_horizon_idx,2,0.00795106589794159
R1b_handsin@D2,bottle_cupnoodles_shelf,0,motion_token,mse_at_horizon_idx,3,0.006548082455992699
R1b_handsin@D2,bottle_cupnoodles_shelf,0,motion_token,mse_at_horizon_idx,4,0.006682524923235178
R1b_handsin@D2,bottle_cupnoodles_shelf,0,motion_token,mse_at_horizon_idx,5,0.006912644021213055
R1b_handsin@D2,bottle_cupnoodles_shelf,0,motion_token,mse_at_horizon_idx,6,0.007082552649080753
R1b_handsin@D2,bottle_cupnoodles_shelf,0,motion_token,mse_at_horizon_idx,7,0.007308547385036945
R1b_handsin@D2,bottle_cupnoodles_shelf,0,motion_token,mse_at_horizon_idx,8,0.007518046535551548
R1b_handsin@D2,bottle_cupnoodles_shelf,0,motion_token,mse_at_horizon_idx,9,0.007691254373639822
R1b_handsin@D2,bottle_cupnoodles_shelf,0,motion_token,mse_at_horizon_idx,10,0.008095405995845795
R1b_handsin@D2,bottle_cupnoodles_shelf,0,motion_token,mse_at_horizon_idx,11,0.006595096085220575
R1b_handsin@D2,bottle_cupnoodles_shelf,0,motion_token,mse_at_horizon_idx,12,0.00673283776268363
R1b_handsin@D2,bottle_cupnoodles_shelf,0,motion_token,mse_at_horizon_idx,13,0.007008320651948452
R1b_handsin@D2,bottle_cupnoodles_shelf,0,motion_token,mse_at_horizon_idx,14,0.007295350544154644
R1b_handsin@D2,bottle_cupnoodles_shelf,0,motion_token,mse_at_horizon_idx,15,0.0074972910806536674
R1b_handsin@D2,bottle_cupnoodles_shelf,0,motion_token,mse_at_horizon_idx,16,0.007696282584220171
R1b_handsin@D2,bottle_cupnoodles_shelf,0,motion_token,mse_at_horizon_idx,17,0.007869354449212551
R1b_handsin@D2,bottle_cupnoodles_shelf,0,motion_token,mse_at_horizon_idx,18,0.008039082400500774
R1b_handsin@D2,bottle_cupnoodles_shelf,0,motion_token,mse_at_horizon_idx,19,0.006476415321230888
R1b_handsin@D2,bottle_cupnoodles_shelf,0,motion_token,mse_at_horizon_idx,20,0.006647815462201834
R1b_handsin@D2,bottle_cupnoodles_shelf,0,motion_token,mse_at_horizon_idx,21,0.006899481173604727
R1b_handsin@D2,bottle_cupnoodles_shelf,0,motion_token,mse_at_horizon_idx,22,0.0071126860566437244
R1b_handsin@D2,bottle_cupnoodles_shelf,0,motion_token,mse_at_horizon_idx,23,0.007366859819740057
R1b_handsin@D2,bottle_cupnoodles_shelf,0,motion_token,mse_at_horizon_idx,24,0.007688757497817278
R1b_handsin@D2,bottle_cupnoodles_shelf,0,motion_token,mse_at_horizon_idx,25,0.007910323329269886
R1b_handsin@D2,bottle_cupnoodles_shelf,0,motion_token,mse_at_horizon_idx,26,0.008134397678077221
R1b_handsin@D2,bottle_cupnoodles_shelf,0,motion_token,mse_at_horizon_idx,27,0.006558353081345558
R1b_handsin@D2,bottle_cupnoodles_shelf,0,motion_token,mse_at_horizon_idx,28,0.006779918912798166
R1b_handsin@D2,bottle_cupnoodles_shelf,0,motion_token,mse_at_horizon_idx,29,0.007025731727480888
R1b_handsin@D2,bottle_cupnoodles_shelf,0,motion_token,mse_at_horizon_idx,30,0.007258167024701834
R1b_handsin@D2,bottle_cupnoodles_shelf,0,motion_token,mse_at_horizon_idx,31,0.007612672634422779
R1b_handsin@D2,bottle_cupnoodles_shelf,0,motion_token,mse_at_horizon_idx,32,0.007838418707251549
R1b_handsin@D2,bottle_cupnoodles_shelf,0,motion_token,mse_at_horizon_idx,33,0.00805914867669344
R1b_handsin@D2,bottle_cupnoodles_shelf,0,motion_token,mse_at_horizon_idx,34,0.008332553319633007
R1b_handsin@D2,bottle_cupnoodles_shelf,0,motion_token,mse_at_horizon_idx,35,0.006976401899009943
R1b_handsin@D2,bottle_cupnoodles_shelf,0,motion_token,mse_at_horizon_idx,36,0.007144457660615444
R1b_handsin@D2,bottle_cupnoodles_shelf,0,motion_token,mse_at_horizon_idx,37,0.007381909526884556
R1b_handsin@D2,bottle_cupnoodles_shelf,0,motion_token,mse_at_horizon_idx,38,0.007587589789181948
R1b_handsin@D2,bottle_cupnoodles_shelf,0,motion_token,mse_at_horizon_idx,39,0.007709660101681948
R1b_handsin@D2,bottle_cupnoodles_shelf,0,left_hand_joints,mse,-1,2.399100367256324e-06
R1b_handsin@D2,bottle_cupnoodles_shelf,0,left_hand_joints,mae,-1,0.0002496576926205307
R1b_handsin@D2,bottle_cupnoodles_shelf,0,left_hand_joints,normalized_mse,-1,
R1b_handsin@D2,bottle_cupnoodles_shelf,0,left_hand_joints,final_position_error,-1,0.001704827300272882
R1b_handsin@D2,bottle_cupnoodles_shelf,0,left_hand_joints,mean_squared_jerk_pred,-1,1.0622111403790768e-05
R1b_handsin@D2,bottle_cupnoodles_shelf,0,left_hand_joints,mean_squared_jerk_gt,-1,0.0
R1b_handsin@D2,bottle_cupnoodles_shelf,0,left_hand_joints,jerk_ratio_pred_over_gt,-1,
R1b_handsin@D2,bottle_cupnoodles_shelf,0,left_hand_joints,chunk_boundary_discontinuity,-1,9.092881896322069e-07
R1b_handsin@D2,bottle_cupnoodles_shelf,0,left_hand_joints,mse_proprio_ablated,-1,1.5628627352270996e-06
R1b_handsin@D2,bottle_cupnoodles_shelf,0,left_hand_joints,proprio_leakage_gap,-1,-8.362376320292242e-07
R1b_handsin@D2,bottle_cupnoodles_shelf,0,left_hand_joints,mse_at_horizon_idx,0,3.289900632807985e-06
R1b_handsin@D2,bottle_cupnoodles_shelf,0,left_hand_joints,mse_at_horizon_idx,1,1.8332459603698226e-06
R1b_handsin@D2,bottle_cupnoodles_shelf,0,left_hand_joints,mse_at_horizon_idx,2,4.490285846259212e-06
R1b_handsin@D2,bottle_cupnoodles_shelf,0,left_hand_joints,mse_at_horizon_idx,3,2.546937139413785e-06
R1b_handsin@D2,bottle_cupnoodles_shelf,0,left_hand_joints,mse_at_horizon_idx,4,1.779032345439191e-06
R1b_handsin@D2,bottle_cupnoodles_shelf,0,left_hand_joints,mse_at_horizon_idx,5,1.4043299643162754e-06
R1b_handsin@D2,bottle_cupnoodles_shelf,0,left_hand_joints,mse_at_horizon_idx,6,3.1187762488116277e-06
R1b_handsin@D2,bottle_cupnoodles_shelf,0,left_hand_joints,mse_at_horizon_idx,7,3.7187915040703956e-06
R1b_handsin@D2,bottle_cupnoodles_shelf,0,left_hand_joints,mse_at_horizon_idx,8,1.9450183117442066e-06
R1b_handsin@D2,bottle_cupnoodles_shelf,0,left_hand_joints,mse_at_horizon_idx,9,2.2366489247360732e-06
R1b_handsin@D2,bottle_cupnoodles_shelf,0,left_hand_joints,mse_at_horizon_idx,10,1.0717940313043073e-06
R1b_handsin@D2,bottle_cupnoodles_shelf,0,left_hand_joints,mse_at_horizon_idx,11,5.183309212952736e-07
R1b_handsin@D2,bottle_cupnoodles_shelf,0,left_hand_joints,mse_at_horizon_idx,12,9.138370842265431e-07
R1b_handsin@D2,bottle_cupnoodles_shelf,0,left_hand_joints,mse_at_horizon_idx,13,1.652443870625575e-06
R1b_handsin@D2,bottle_cupnoodles_shelf,0,left_hand_joints,mse_at_horizon_idx,14,9.024361133924685e-07
R1b_handsin@D2,bottle_cupnoodles_shelf,0,left_hand_joints,mse_at_horizon_idx,15,1.1613817605393706e-06
R1b_handsin@D2,bottle_cupnoodles_shelf,0,left_hand_joints,mse_at_horizon_idx,16,8.53045037274569e-07
R1b_handsin@D2,bottle_cupnoodles_shelf,0,left_hand_joints,mse_at_horizon_idx,17,1.4892178796799271e-06
R1b_handsin@D2,bottle_cupnoodles_shelf,0,left_hand_joints,mse_at_horizon_idx,18,8.346870004061202e-07
R1b_handsin@D2,bottle_cupnoodles_shelf,0,left_hand_joints,mse_at_horizon_idx,19,1.3635390132549219e-06
R1b_handsin@D2,bottle_cupnoodles_shelf,0,left_hand_joints,mse_at_horizon_idx,20,6.440869810830918e-07
R1b_handsin@D2,bottle_cupnoodles_shelf,0,left_hand_joints,mse_at_horizon_idx,21,9.705820502858842e-07
R1b_handsin@D2,bottle_cupnoodles_shelf,0,left_hand_joints,mse_at_horizon_idx,22,2.0895613488391973e-06
R1b_handsin@D2,bottle_cupnoodles_shelf,0,left_hand_joints,mse_at_horizon_idx,23,2.077492126772995e-06
R1b_handsin@D2,bottle_cupnoodles_shelf,0,left_hand_joints,mse_at_horizon_idx,24,3.0126334422675427e-06
R1b_handsin@D2,bottle_cupnoodles_shelf,0,left_hand_joints,mse_at_horizon_idx,25,1.539641630188271e-06
R1b_handsin@D2,bottle_cupnoodles_shelf,0,left_hand_joints,mse_at_horizon_idx,26,1.799072038011218e-06
R1b_handsin@D2,bottle_cupnoodles_shelf,0,left_hand_joints,mse_at_horizon_idx,27,2.5005567749758484e-06
R1b_handsin@D2,bottle_cupnoodles_shelf,0,left_hand_joints,mse_at_horizon_idx,28,2.800102720357245e-06
R1b_handsin@D2,bottle_cupnoodles_shelf,0,left_hand_joints,mse_at_horizon_idx,29,2.3646930458198767e-06
R1b_handsin@D2,bottle_cupnoodles_shelf,0,left_hand_joints,mse_at_horizon_idx,30,4.788949809153564e-06
R1b_handsin@D2,bottle_cupnoodles_shelf,0,left_hand_joints,mse_at_horizon_idx,31,4.8629231059749145e-06
R1b_handsin@D2,bottle_cupnoodles_shelf,0,left_hand_joints,mse_at_horizon_idx,32,3.3910898764588637e-06
R1b_handsin@D2,bottle_cupnoodles_shelf,0,left_hand_joints,mse_at_horizon_idx,33,4.150888798903907e-06
R1b_handsin@D2,bottle_cupnoodles_shelf,0,left_hand_joints,mse_at_horizon_idx,34,4.121167421544669e-06
R1b_handsin@D2,bottle_cupnoodles_shelf,0,left_hand_joints,mse_at_horizon_idx,35,3.793310725086485e-06
R1b_handsin@D2,bottle_cupnoodles_shelf,0,left_hand_joints,mse_at_horizon_idx,36,2.7564988158701453e-06
R1b_handsin@D2,bottle_cupnoodles_shelf,0,left_hand_joints,mse_at_horizon_idx,37,2.804614041451714e-06
R1b_handsin@D2,bottle_cupnoodles_shelf,0,left_hand_joints,mse_at_horizon_idx,38,5.424674782261718e-06
R1b_handsin@D2,bottle_cupnoodles_shelf,0,left_hand_joints,mse_at_horizon_idx,39,3.010327645824873e-06
R1b_handsin@D2,bottle_cupnoodles_shelf,0,left_hand_joints,grasp_precision,-1,0.0
R1b_handsin@D2,bottle_cupnoodles_shelf,0,left_hand_joints,grasp_recall,-1,
R1b_handsin@D2,bottle_cupnoodles_shelf,0,left_hand_joints,grasp_f1,-1,
R1b_handsin@D2,bottle_cupnoodles_shelf,0,left_hand_joints,grasp_n_gt_events,-1,0.0
R1b_handsin@D2,bottle_cupnoodles_shelf,0,left_hand_joints,grasp_n_pred_events,-1,236.0
R1b_handsin@D2,bottle_cupnoodles_shelf,0,left_hand_joints,grasp_onset_timing_error_signed_steps,-1,
R1b_handsin@D2,bottle_cupnoodles_shelf,0,left_hand_joints,grasp_spurious_transitions,-1,236.0
R1b_handsin@D2,bottle_cupnoodles_shelf,0,right_hand_joints,mse,-1,0.0368647426366806
R1b_handsin@D2,bottle_cupnoodles_shelf,0,right_hand_joints,mae,-1,0.1081600934267044
R1b_handsin@D2,bottle_cupnoodles_shelf,0,right_hand_joints,normalized_mse,-1,0.3185878396034241
R1b_handsin@D2,bottle_cupnoodles_shelf,0,right_hand_joints,final_position_error,-1,0.0119837811216712
R1b_handsin@D2,bottle_cupnoodles_shelf,0,right_hand_joints,mean_squared_jerk_pred,-1,0.00044250895734876394
R1b_handsin@D2,bottle_cupnoodles_shelf,0,right_hand_joints,mean_squared_jerk_gt,-1,0.00010643349378369749
R1b_handsin@D2,bottle_cupnoodles_shelf,0,right_hand_joints,jerk_ratio_pred_over_gt,-1,4.157609993035326
R1b_handsin@D2,bottle_cupnoodles_shelf,0,right_hand_joints,chunk_boundary_discontinuity,-1,3.9328228012891486e-05
R1b_handsin@D2,bottle_cupnoodles_shelf,0,right_hand_joints,mse_proprio_ablated,-1,0.03645345941185951
R1b_handsin@D2,bottle_cupnoodles_shelf,0,right_hand_joints,proprio_leakage_gap,-1,-0.0004112832248210907
R1b_handsin@D2,bottle_cupnoodles_shelf,0,right_hand_joints,mse_at_horizon_idx,0,0.03901053965091705
R1b_handsin@D2,bottle_cupnoodles_shelf,0,right_hand_joints,mse_at_horizon_idx,1,0.039275847375392914
R1b_handsin@D2,bottle_cupnoodles_shelf,0,right_hand_joints,mse_at_horizon_idx,2,0.03974170237779617
R1b_handsin@D2,bottle_cupnoodles_shelf,0,right_hand_joints,mse_at_horizon_idx,3,0.04041620343923569
R1b_handsin@D2,bottle_cupnoodles_shelf,0,right_hand_joints,mse_at_horizon_idx,4,0.040728453546762466
R1b_handsin@D2,bottle_cupnoodles_shelf,0,right_hand_joints,mse_at_horizon_idx,5,0.04111538827419281
R1b_handsin@D2,bottle_cupnoodles_shelf,0,right_hand_joints,mse_at_horizon_idx,6,0.04133040830492973
R1b_handsin@D2,bottle_cupnoodles_shelf,0,right_hand_joints,mse_at_horizon_idx,7,0.04141191393136978
R1b_handsin@D2,bottle_cupnoodles_shelf,0,right_hand_joints,mse_at_horizon_idx,8,0.04161611199378967
R1b_handsin@D2,bottle_cupnoodles_shelf,0,right_hand_joints,mse_at_horizon_idx,9,0.04157564789056778
R1b_handsin@D2,bottle_cupnoodles_shelf,0,right_hand_joints,mse_at_horizon_idx,10,0.041174501180648804
R1b_handsin@D2,bottle_cupnoodles_shelf,0,right_hand_joints,mse_at_horizon_idx,11,0.0403863824903965
R1b_handsin@D2,bottle_cupnoodles_shelf,0,right_hand_joints,mse_at_horizon_idx,12,0.04053178057074547
R1b_handsin@D2,bottle_cupnoodles_shelf,0,right_hand_joints,mse_at_horizon_idx,13,0.04031375050544739
R1b_handsin@D2,bottle_cupnoodles_shelf,0,right_hand_joints,mse_at_horizon_idx,14,0.03998268023133278
R1b_handsin@D2,bottle_cupnoodles_shelf,0,right_hand_joints,mse_at_horizon_idx,15,0.04086488112807274
R1b_handsin@D2,bottle_cupnoodles_shelf,0,right_hand_joints,mse_at_horizon_idx,16,0.040599845349788666
R1b_handsin@D2,bottle_cupnoodles_shelf,0,right_hand_joints,mse_at_horizon_idx,17,0.0396803580224514
R1b_handsin@D2,bottle_cupnoodles_shelf,0,right_hand_joints,mse_at_horizon_idx,18,0.03879837691783905
R1b_handsin@D2,bottle_cupnoodles_shelf,0,right_hand_joints,mse_at_horizon_idx,19,0.034850653260946274
R1b_handsin@D2,bottle_cupnoodles_shelf,0,right_hand_joints,mse_at_horizon_idx,20,0.03288543224334717
R1b_handsin@D2,bottle_cupnoodles_shelf,0,right_hand_joints,mse_at_horizon_idx,21,0.031461451202631
R1b_handsin@D2,bottle_cupnoodles_shelf,0,right_hand_joints,mse_at_horizon_idx,22,0.030471716076135635
R1b_handsin@D2,bottle_cupnoodles_shelf,0,right_hand_joints,mse_at_horizon_idx,23,0.030028294771909714
R1b_handsin@D2,bottle_cupnoodles_shelf,0,right_hand_joints,mse_at_horizon_idx,24,0.029650717973709106
R1b_handsin@D2,bottle_cupnoodles_shelf,0,right_hand_joints,mse_at_horizon_idx,25,0.029523644596338272
R1b_handsin@D2,bottle_cupnoodles_shelf,0,right_hand_joints,mse_at_horizon_idx,26,0.029963914304971695
R1b_handsin@D2,bottle_cupnoodles_shelf,0,right_hand_joints,mse_at_horizon_idx,27,0.030498206615447998
R1b_handsin@D2,bottle_cupnoodles_shelf,0,right_hand_joints,mse_at_horizon_idx,28,0.030938899144530296
R1b_handsin@D2,bottle_cupnoodles_shelf,0,right_hand_joints,mse_at_horizon_idx,29,0.03225233033299446
R1b_handsin@D2,bottle_cupnoodles_shelf,0,right_hand_joints,mse_at_horizon_idx,30,0.032772958278656006
R1b_handsin@D2,bottle_cupnoodles_shelf,0,right_hand_joints,mse_at_horizon_idx,31,0.033442724496126175
R1b_handsin@D2,bottle_cupnoodles_shelf,0,right_hand_joints,mse_at_horizon_idx,32,0.03449280560016632
R1b_handsin@D2,bottle_cupnoodles_shelf,0,right_hand_joints,mse_at_horizon_idx,33,0.03496060520410538
R1b_handsin@D2,bottle_cupnoodles_shelf,0,right_hand_joints,mse_at_horizon_idx,34,0.0359099879860878
R1b_handsin@D2,bottle_cupnoodles_shelf,0,right_hand_joints,mse_at_horizon_idx,35,0.03667612373828888
R1b_handsin@D2,bottle_cupnoodles_shelf,0,right_hand_joints,mse_at_horizon_idx,36,0.037657227367162704
R1b_handsin@D2,bottle_cupnoodles_shelf,0,right_hand_joints,mse_at_horizon_idx,37,0.03867482393980026
R1b_handsin@D2,bottle_cupnoodles_shelf,0,right_hand_joints,mse_at_horizon_idx,38,0.03888291120529175
R1b_handsin@D2,bottle_cupnoodles_shelf,0,right_hand_joints,mse_at_horizon_idx,39,0.03927711397409439
R1b_handsin@D2,bottle_cupnoodles_shelf,0,right_hand_joints,grasp_precision,-1,0.3333333333333333
R1b_handsin@D2,bottle_cupnoodles_shelf,0,right_hand_joints,grasp_recall,-1,0.2
R1b_handsin@D2,bottle_cupnoodles_shelf,0,right_hand_joints,grasp_f1,-1,0.25
R1b_handsin@D2,bottle_cupnoodles_shelf,0,right_hand_joints,grasp_n_gt_events,-1,5.0
R1b_handsin@D2,bottle_cupnoodles_shelf,0,right_hand_joints,grasp_n_pred_events,-1,3.0
R1b_handsin@D2,bottle_cupnoodles_shelf,0,right_hand_joints,grasp_onset_timing_error_signed_steps,-1,0.0
R1b_handsin@D2,bottle_cupnoodles_shelf,0,right_hand_joints,grasp_spurious_transitions,-1,2.0
R1b_handsin@D2,bottle_cupnoodles_shelf,0,all,mse,-1,0.009353098459541798
R1b_handsin@D2,bottle_cupnoodles_shelf,0,all,mae,-1,0.06211545318365097
R1b_handsin@D2,bottle_cupnoodles_shelf,0,all,normalized_mse,-1,1.1924694776535034
R1b_handsin@D2,bottle_cupnoodles_shelf,0,all,final_position_error,-1,0.46367043256759644
R1b_handsin@D2,bottle_cupnoodles_shelf,0,all,mean_squared_jerk_pred,-1,0.004644057713449001
R1b_handsin@D2,bottle_cupnoodles_shelf,0,all,mean_squared_jerk_gt,-1,0.0010129647562280297
R1b_handsin@D2,bottle_cupnoodles_shelf,0,all,jerk_ratio_pred_over_gt,-1,4.584619242570738
R1b_handsin@D2,bottle_cupnoodles_shelf,0,all,chunk_boundary_discontinuity,-1,0.0003809270856436342
R1b_handsin@D2,bottle_cupnoodles_shelf,0,all,mse_proprio_ablated,-1,0.009305774234235287
R1b_handsin@D2,bottle_cupnoodles_shelf,0,all,proprio_leakage_gap,-1,-4.7324225306510925e-05
R1b_handsin@D2,bottle_cupnoodles_shelf,0,all,mse_at_horizon_idx,0,0.009908790700137615
R1b_handsin@D2,bottle_cupnoodles_shelf,0,all,mse_at_horizon_idx,1,0.009969690814614296
R1b_handsin@D2,bottle_cupnoodles_shelf,0,all,mse_at_horizon_idx,2,0.010090918280184269
R1b_handsin@D2,bottle_cupnoodles_shelf,0,all,mse_at_horizon_idx,3,0.009000108577311039
R1b_handsin@D2,bottle_cupnoodles_shelf,0,all,mse_at_horizon_idx,4,0.009138375520706177
R1b_handsin@D2,bottle_cupnoodles_shelf,0,all,mse_at_horizon_idx,5,0.009361880831420422
R1b_handsin@D2,bottle_cupnoodles_shelf,0,all,mse_at_horizon_idx,6,0.009520743042230606
R1b_handsin@D2,bottle_cupnoodles_shelf,0,all,mse_at_horizon_idx,7,0.009713544510304928
R1b_handsin@D2,bottle_cupnoodles_shelf,0,all,mse_at_horizon_idx,8,0.00990360789000988
R1b_handsin@D2,bottle_cupnoodles_shelf,0,all,mse_at_horizon_idx,9,0.010042120702564716
R1b_handsin@D2,bottle_cupnoodles_shelf,0,all,mse_at_horizon_idx,10,0.010337629355490208
R1b_handsin@D2,bottle_cupnoodles_shelf,0,all,mse_at_horizon_idx,11,0.009035826660692692
R1b_handsin@D2,bottle_cupnoodles_shelf,0,all,mse_at_horizon_idx,12,0.009161928668618202
R1b_handsin@D2,bottle_cupnoodles_shelf,0,all,mse_at_horizon_idx,13,0.009368466213345528
R1b_handsin@D2,bottle_cupnoodles_shelf,0,all,mse_at_horizon_idx,14,0.009574199095368385
R1b_handsin@D2,bottle_cupnoodles_shelf,0,all,mse_at_horizon_idx,15,0.00981908943504095
R1b_handsin@D2,bottle_cupnoodles_shelf,0,all,mse_at_horizon_idx,16,0.00995855126529932
R1b_handsin@D2,bottle_cupnoodles_shelf,0,all,mse_at_horizon_idx,17,0.010018098168075085
R1b_handsin@D2,bottle_cupnoodles_shelf,0,all,mse_at_horizon_idx,18,0.01007814984768629
R1b_handsin@D2,bottle_cupnoodles_shelf,0,all,mse_at_horizon_idx,19,0.008441727608442307
R1b_handsin@D2,bottle_cupnoodles_shelf,0,all,mse_at_horizon_idx,20,0.00840593222528696
R1b_handsin@D2,bottle_cupnoodles_shelf,0,all,mse_at_horizon_idx,21,0.00848466344177723
R1b_handsin@D2,bottle_cupnoodles_shelf,0,all,mse_at_horizon_idx,22,0.008570877835154533
R1b_handsin@D2,bottle_cupnoodles_shelf,0,all,mse_at_horizon_idx,23,0.008739637210965157
R1b_handsin@D2,bottle_cupnoodles_shelf,0,all,mse_at_horizon_idx,24,0.008969956077635288
R1b_handsin@D2,bottle_cupnoodles_shelf,0,all,mse_at_horizon_idx,25,0.009140216745436192
R1b_handsin@D2,bottle_cupnoodles_shelf,0,all,mse_at_horizon_idx,26,0.009363608434796333
R1b_handsin@D2,bottle_cupnoodles_shelf,0,all,mse_at_horizon_idx,27,0.008118455298244953
R1b_handsin@D2,bottle_cupnoodles_shelf,0,all,mse_at_horizon_idx,28,0.008339828811585903
R1b_handsin@D2,bottle_cupnoodles_shelf,0,all,mse_at_horizon_idx,29,0.008659355342388153
R1b_handsin@D2,bottle_cupnoodles_shelf,0,all,mse_at_horizon_idx,30,0.008897011168301105
R1b_handsin@D2,bottle_cupnoodles_shelf,0,all,mse_at_horizon_idx,31,0.009248001500964165
R1b_handsin@D2,bottle_cupnoodles_shelf,0,all,mse_at_horizon_idx,32,0.009527335874736309
R1b_handsin@D2,bottle_cupnoodles_shelf,0,all,mse_at_horizon_idx,33,0.009750498458743095
R1b_handsin@D2,bottle_cupnoodles_shelf,0,all,mse_at_horizon_idx,34,0.010060028173029423
R1b_handsin@D2,bottle_cupnoodles_shelf,0,all,mse_at_horizon_idx,35,0.009016014635562897
R1b_handsin@D2,bottle_cupnoodles_shelf,0,all,mse_at_horizon_idx,36,0.009241861291229725
R1b_handsin@D2,bottle_cupnoodles_shelf,0,all,mse_at_horizon_idx,37,0.009528020396828651
R1b_handsin@D2,bottle_cupnoodles_shelf,0,all,mse_at_horizon_idx,38,0.009715693071484566
R1b_handsin@D2,bottle_cupnoodles_shelf,0,all,mse_at_horizon_idx,39,0.00985101517289877
R1b_handsin@D2,cup_wipe_sponge_dryingrack,2,motion_token,mse,-1,0.0018785764696076512
R1b_handsin@D2,cup_wipe_sponge_dryingrack,2,motion_token,mae,-1,0.027176786214113235
R1b_handsin@D2,cup_wipe_sponge_dryingrack,2,motion_token,normalized_mse,-1,0.5669519901275635
R1b_handsin@D2,cup_wipe_sponge_dryingrack,2,motion_token,final_position_error,-1,0.33071890473365784
R1b_handsin@D2,cup_wipe_sponge_dryingrack,2,motion_token,mean_squared_jerk_pred,-1,0.002541549038141966
R1b_handsin@D2,cup_wipe_sponge_dryingrack,2,motion_token,mean_squared_jerk_gt,-1,0.0009948730003088713
R1b_handsin@D2,cup_wipe_sponge_dryingrack,2,motion_token,jerk_ratio_pred_over_gt,-1,2.554646711040413
R1b_handsin@D2,cup_wipe_sponge_dryingrack,2,motion_token,chunk_boundary_discontinuity,-1,0.00018310546875
R1b_handsin@D2,cup_wipe_sponge_dryingrack,2,motion_token,on_grid_fraction,-1,1.0
R1b_handsin@D2,cup_wipe_sponge_dryingrack,2,motion_token,mse_proprio_ablated,-1,0.002064384752884507
R1b_handsin@D2,cup_wipe_sponge_dryingrack,2,motion_token,proprio_leakage_gap,-1,0.00018580828327685595
R1b_handsin@D2,cup_wipe_sponge_dryingrack,2,motion_token,mse_at_horizon_idx,0,0.0019182477844879031
R1b_handsin@D2,cup_wipe_sponge_dryingrack,2,motion_token,mse_at_horizon_idx,1,0.0019560314249247313
R1b_handsin@D2,cup_wipe_sponge_dryingrack,2,motion_token,mse_at_horizon_idx,2,0.0020112537313252687
R1b_handsin@D2,cup_wipe_sponge_dryingrack,2,motion_token,mse_at_horizon_idx,3,0.0016944522503763437
R1b_handsin@D2,cup_wipe_sponge_dryingrack,2,motion_token,mse_at_horizon_idx,4,0.001708984375
R1b_handsin@D2,cup_wipe_sponge_dryingrack,2,motion_token,mse_at_horizon_idx,5,0.0018136160215362906
R1b_handsin@D2,cup_wipe_sponge_dryingrack,2,motion_token,mse_at_horizon_idx,6,0.0019095285097137094
R1b_handsin@D2,cup_wipe_sponge_dryingrack,2,motion_token,mse_at_horizon_idx,7,0.0020577567629516125
R1b_handsin@D2,cup_wipe_sponge_dryingrack,2,motion_token,mse_at_horizon_idx,8,0.00217401422560215
R1b_handsin@D2,cup_wipe_sponge_dryingrack,2,motion_token,mse_at_horizon_idx,9,0.0023890903685241938
R1b_handsin@D2,cup_wipe_sponge_dryingrack,2,motion_token,mse_at_horizon_idx,10,0.0025344123132526875
R1b_handsin@D2,cup_wipe_sponge_dryingrack,2,motion_token,mse_at_horizon_idx,11,0.0017467680154368281
R1b_handsin@D2,cup_wipe_sponge_dryingrack,2,motion_token,mse_at_horizon_idx,12,0.0017758323810994625
R1b_handsin@D2,cup_wipe_sponge_dryingrack,2,motion_token,mse_at_horizon_idx,13,0.0018310546875
R1b_handsin@D2,cup_wipe_sponge_dryingrack,2,motion_token,mse_at_horizon_idx,14,0.0019409179221838713
R1b_handsin@D2,cup_wipe_sponge_dryingrack,2,motion_token,mse_at_horizon_idx,15,0.0019378662109375
R1b_handsin@D2,cup_wipe_sponge_dryingrack,2,motion_token,mse_at_horizon_idx,16,0.0020111084450036287
R1b_handsin@D2,cup_wipe_sponge_dryingrack,2,motion_token,mse_at_horizon_idx,17,0.0019897460006177425
R1b_handsin@D2,cup_wipe_sponge_dryingrack,2,motion_token,mse_at_horizon_idx,18,0.0020751953125
R1b_handsin@D2,cup_wipe_sponge_dryingrack,2,motion_token,mse_at_horizon_idx,19,0.0018188476096838713
R1b_handsin@D2,cup_wipe_sponge_dryingrack,2,motion_token,mse_at_horizon_idx,20,0.0018768310546875
R1b_handsin@D2,cup_wipe_sponge_dryingrack,2,motion_token,mse_at_horizon_idx,21,0.0017761230701580644
R1b_handsin@D2,cup_wipe_sponge_dryingrack,2,motion_token,mse_at_horizon_idx,22,0.0017730712424963713
R1b_handsin@D2,cup_wipe_sponge_dryingrack,2,motion_token,mse_at_horizon_idx,23,0.0017730712424963713
R1b_handsin@D2,cup_wipe_sponge_dryingrack,2,motion_token,mse_at_horizon_idx,24,0.0017822266090661287
R1b_handsin@D2,cup_wipe_sponge_dryingrack,2,motion_token,mse_at_horizon_idx,25,0.0017578124534338713
R1b_handsin@D2,cup_wipe_sponge_dryingrack,2,motion_token,mse_at_horizon_idx,26,0.001800537109375
R1b_handsin@D2,cup_wipe_sponge_dryingrack,2,motion_token,mse_at_horizon_idx,27,0.0016693115467205644
R1b_handsin@D2,cup_wipe_sponge_dryingrack,2,motion_token,mse_at_horizon_idx,28,0.0016448975075036287
R1b_handsin@D2,cup_wipe_sponge_dryingrack,2,motion_token,mse_at_horizon_idx,29,0.0016326904296875
R1b_handsin@D2,cup_wipe_sponge_dryingrack,2,motion_token,mse_at_horizon_idx,30,0.0016906738746911287
R1b_handsin@D2,cup_wipe_sponge_dryingrack,2,motion_token,mse_at_horizon_idx,31,0.001708984375
R1b_handsin@D2,cup_wipe_sponge_dryingrack,2,motion_token,mse_at_horizon_idx,32,0.0017486572032794356
R1b_handsin@D2,cup_wipe_sponge_dryingrack,2,motion_token,mse_at_horizon_idx,33,0.0017883300315588713
R1b_handsin@D2,cup_wipe_sponge_dryingrack,2,motion_token,mse_at_horizon_idx,34,0.0018280029762536287
R1b_handsin@D2,cup_wipe_sponge_dryingrack,2,motion_token,mse_at_horizon_idx,35,0.001861572265625
R1b_handsin@D2,cup_wipe_sponge_dryingrack,2,motion_token,mse_at_horizon_idx,36,0.00189208984375
R1b_handsin@D2,cup_wipe_sponge_dryingrack,2,motion_token,mse_at_horizon_idx,37,0.0019042969215661287
R1b_handsin@D2,cup_wipe_sponge_dryingrack,2,motion_token,mse_at_horizon_idx,38,0.0019409179221838713
R1b_handsin@D2,cup_wipe_sponge_dryingrack,2,motion_token,mse_at_horizon_idx,39,0.0019348144996911287
R1b_handsin@D2,cup_wipe_sponge_dryingrack,2,left_hand_joints,mse,-1,0.0016692685894668102
R1b_handsin@D2,cup_wipe_sponge_dryingrack,2,left_hand_joints,mae,-1,0.004730728454887867
R1b_handsin@D2,cup_wipe_sponge_dryingrack,2,left_hand_joints,normalized_mse,-1,0.051675181835889816
R1b_handsin@D2,cup_wipe_sponge_dryingrack,2,left_hand_joints,final_position_error,-1,0.0012054949766024947
R1b_handsin@D2,cup_wipe_sponge_dryingrack,2,left_hand_joints,mean_squared_jerk_pred,-1,4.502728916122578e-05
R1b_handsin@D2,cup_wipe_sponge_dryingrack,2,left_hand_joints,mean_squared_jerk_gt,-1,4.345681008999236e-05
R1b_handsin@D2,cup_wipe_sponge_dryingrack,2,left_hand_joints,jerk_ratio_pred_over_gt,-1,1.0361388483871965
R1b_handsin@D2,cup_wipe_sponge_dryingrack,2,left_hand_joints,chunk_boundary_discontinuity,-1,1.8473414456821047e-05
R1b_handsin@D2,cup_wipe_sponge_dryingrack,2,left_hand_joints,mse_proprio_ablated,-1,0.0014578655827790499
R1b_handsin@D2,cup_wipe_sponge_dryingrack,2,left_hand_joints,proprio_leakage_gap,-1,-0.00021140300668776035
R1b_handsin@D2,cup_wipe_sponge_dryingrack,2,left_hand_joints,mse_at_horizon_idx,0,0.0020338520407676697
R1b_handsin@D2,cup_wipe_sponge_dryingrack,2,left_hand_joints,mse_at_horizon_idx,1,0.001699673943221569
R1b_handsin@D2,cup_wipe_sponge_dryingrack,2,left_hand_joints,mse_at_horizon_idx,2,0.001531423768028617
R1b_handsin@D2,cup_wipe_sponge_dryingrack,2,left_hand_joints,mse_at_horizon_idx,3,0.0012772729387506843
R1b_handsin@D2,cup_wipe_sponge_dryingrack,2,left_hand_joints,mse_at_horizon_idx,4,0.0010211484041064978
R1b_handsin@D2,cup_wipe_sponge_dryingrack,2,left_hand_joints,mse_at_horizon_idx,5,0.000934553041588515
R1b_handsin@D2,cup_wipe_sponge_dryingrack,2,left_hand_joints,mse_at_horizon_idx,6,0.0011796582257375121
R1b_handsin@D2,cup_wipe_sponge_dryingrack,2,left_hand_joints,mse_at_horizon_idx,7,0.0011581960134208202
R1b_handsin@D2,cup_wipe_sponge_dryingrack,2,left_hand_joints,mse_at_horizon_idx,8,0.001386101357638836
R1b_handsin@D2,cup_wipe_sponge_dryingrack,2,left_hand_joints,mse_at_horizon_idx,9,0.0016772715607658029
R1b_handsin@D2,cup_wipe_sponge_dryingrack,2,left_hand_joints,mse_at_horizon_idx,10,0.0016389854717999697
R1b_handsin@D2,cup_wipe_sponge_dryingrack,2,left_hand_joints,mse_at_horizon_idx,11,0.0011148572666570544
R1b_handsin@D2,cup_wipe_sponge_dryingrack,2,left_hand_joints,mse_at_horizon_idx,12,0.0009946963982656598
R1b_handsin@D2,cup_wipe_sponge_dryingrack,2,left_hand_joints,mse_at_horizon_idx,13,0.0008678346639499068
R1b_handsin@D2,cup_wipe_sponge_dryingrack,2,left_hand_joints,mse_at_horizon_idx,14,0.0008142267470248044
R1b_handsin@D2,cup_wipe_sponge_dryingrack,2,left_hand_joints,mse_at_horizon_idx,15,0.0007789554656483233
R1b_handsin@D2,cup_wipe_sponge_dryingrack,2,left_hand_joints,mse_at_horizon_idx,16,0.0008512379718013108
R1b_handsin@D2,cup_wipe_sponge_dryingrack,2,left_hand_joints,mse_at_horizon_idx,17,0.0008664230699650943
R1b_handsin@D2,cup_wipe_sponge_dryingrack,2,left_hand_joints,mse_at_horizon_idx,18,0.0009932691464200616
R1b_handsin@D2,cup_wipe_sponge_dryingrack,2,left_hand_joints,mse_at_horizon_idx,19,0.0006727960426360369
R1b_handsin@D2,cup_wipe_sponge_dryingrack,2,left_hand_joints,mse_at_horizon_idx,20,0.0006509921513497829
R1b_handsin@D2,cup_wipe_sponge_dryingrack,2,left_hand_joints,mse_at_horizon_idx,21,0.0006188653642311692
R1b_handsin@D2,cup_wipe_sponge_dryingrack,2,left_hand_joints,mse_at_horizon_idx,22,0.000681860139593482
R1b_handsin@D2,cup_wipe_sponge_dryingrack,2,left_hand_joints,mse_at_horizon_idx,23,0.0007826944929547608
R1b_handsin@D2,cup_wipe_sponge_dryingrack,2,left_hand_joints,mse_at_horizon_idx,24,0.0010035602608695626
R1b_handsin@D2,cup_wipe_sponge_dryingrack,2,left_hand_joints,mse_at_horizon_idx,25,0.0011965569574385881
R1b_handsin@D2,cup_wipe_sponge_dryingrack,2,left_hand_joints,mse_at_horizon_idx,26,0.0015418805414810777
R1b_handsin@D2,cup_wipe_sponge_dryingrack,2,left_hand_joints,mse_at_horizon_idx,27,0.0021184978540986776
R1b_handsin@D2,cup_wipe_sponge_dryingrack,2,left_hand_joints,mse_at_horizon_idx,28,0.002521706512197852
R1b_handsin@D2,cup_wipe_sponge_dryingrack,2,left_hand_joints,mse_at_horizon_idx,29,0.0028529150877147913
R1b_handsin@D2,cup_wipe_sponge_dryingrack,2,left_hand_joints,mse_at_horizon_idx,30,0.0028092279098927975
R1b_handsin@D2,cup_wipe_sponge_dryingrack,2,left_hand_joints,mse_at_horizon_idx,31,0.0029650337528437376
R1b_handsin@D2,cup_wipe_sponge_dryingrack,2,left_hand_joints,mse_at_horizon_idx,32,0.0034240433014929295
R1b_handsin@D2,cup_wipe_sponge_dryingrack,2,left_hand_joints,mse_at_horizon_idx,33,0.0031775864772498608
R1b_handsin@D2,cup_wipe_sponge_dryingrack,2,left_hand_joints,mse_at_horizon_idx,34,0.0031302478164434433
R1b_handsin@D2,cup_wipe_sponge_dryingrack,2,left_hand_joints,mse_at_horizon_idx,35,0.0030966675840318203
R1b_handsin@D2,cup_wipe_sponge_dryingrack,2,left_hand_joints,mse_at_horizon_idx,36,0.002978578442707658
R1b_handsin@D2,cup_wipe_sponge_dryingrack,2,left_hand_joints,mse_at_horizon_idx,37,0.0030591487884521484
R1b_handsin@D2,cup_wipe_sponge_dryingrack,2,left_hand_joints,mse_at_horizon_idx,38,0.002686272142454982
R1b_handsin@D2,cup_wipe_sponge_dryingrack,2,left_hand_joints,mse_at_horizon_idx,39,0.002184617565944791
R1b_handsin@D2,cup_wipe_sponge_dryingrack,2,left_hand_joints,grasp_precision,-1,1.0
R1b_handsin@D2,cup_wipe_sponge_dryingrack,2,left_hand_joints,grasp_recall,-1,1.0
R1b_handsin@D2,cup_wipe_sponge_dryingrack,2,left_hand_joints,grasp_f1,-1,1.0
R1b_handsin@D2,cup_wipe_sponge_dryingrack,2,left_hand_joints,grasp_n_gt_events,-1,3.0
R1b_handsin@D2,cup_wipe_sponge_dryingrack,2,left_hand_joints,grasp_n_pred_events,-1,3.0
R1b_handsin@D2,cup_wipe_sponge_dryingrack,2,left_hand_joints,grasp_onset_timing_error_signed_steps,-1,-1.0
R1b_handsin@D2,cup_wipe_sponge_dryingrack,2,left_hand_joints,grasp_spurious_transitions,-1,0.0
R1b_handsin@D2,cup_wipe_sponge_dryingrack,2,right_hand_joints,mse,-1,0.0009006623295135796
R1b_handsin@D2,cup_wipe_sponge_dryingrack,2,right_hand_joints,mae,-1,0.0038906943518668413
R1b_handsin@D2,cup_wipe_sponge_dryingrack,2,right_hand_joints,normalized_mse,-1,0.027351252734661102
R1b_handsin@D2,cup_wipe_sponge_dryingrack,2,right_hand_joints,final_position_error,-1,0.002219591988250613
R1b_handsin@D2,cup_wipe_sponge_dryingrack,2,right_hand_joints,mean_squared_jerk_pred,-1,5.661363684339449e-05
R1b_handsin@D2,cup_wipe_sponge_dryingrack,2,right_hand_joints,mean_squared_jerk_gt,-1,4.957460623700172e-05
R1b_handsin@D2,cup_wipe_sponge_dryingrack,2,right_hand_joints,jerk_ratio_pred_over_gt,-1,1.1419886337118084
R1b_handsin@D2,cup_wipe_sponge_dryingrack,2,right_hand_joints,chunk_boundary_discontinuity,-1,1.6068634067778476e-05
R1b_handsin@D2,cup_wipe_sponge_dryingrack,2,right_hand_joints,mse_proprio_ablated,-1,0.0008025971474125981
R1b_handsin@D2,cup_wipe_sponge_dryingrack,2,right_hand_joints,proprio_leakage_gap,-1,-9.806518210098147e-05
R1b_handsin@D2,cup_wipe_sponge_dryingrack,2,right_hand_joints,mse_at_horizon_idx,0,0.0018374321516603231
R1b_handsin@D2,cup_wipe_sponge_dryingrack,2,right_hand_joints,mse_at_horizon_idx,1,0.0016373083926737309
R1b_handsin@D2,cup_wipe_sponge_dryingrack,2,right_hand_joints,mse_at_horizon_idx,2,0.0013572423486039042
R1b_handsin@D2,cup_wipe_sponge_dryingrack,2,right_hand_joints,mse_at_horizon_idx,3,0.0008997016702778637
R1b_handsin@D2,cup_wipe_sponge_dryingrack,2,right_hand_joints,mse_at_horizon_idx,4,0.0005191352684050798
R1b_handsin@D2,cup_wipe_sponge_dryingrack,2,right_hand_joints,mse_at_horizon_idx,5,0.00031008615042082965
R1b_handsin@D2,cup_wipe_sponge_dryingrack,2,right_hand_joints,mse_at_horizon_idx,6,0.00023483214317820966
R1b_handsin@D2,cup_wipe_sponge_dryingrack,2,right_hand_joints,mse_at_horizon_idx,7,0.00026933971093967557
R1b_handsin@D2,cup_wipe_sponge_dryingrack,2,right_hand_joints,mse_at_horizon_idx,8,0.0003177959006279707
R1b_handsin@D2,cup_wipe_sponge_dryingrack,2,right_hand_joints,mse_at_horizon_idx,9,0.00022392191749531776
R1b_handsin@D2,cup_wipe_sponge_dryingrack,2,right_hand_joints,mse_at_horizon_idx,10,0.00020839150238316506
R1b_handsin@D2,cup_wipe_sponge_dryingrack,2,right_hand_joints,mse_at_horizon_idx,11,0.00025306682800874114
R1b_handsin@D2,cup_wipe_sponge_dryingrack,2,right_hand_joints,mse_at_horizon_idx,12,0.00020698492880910635
R1b_handsin@D2,cup_wipe_sponge_dryingrack,2,right_hand_joints,mse_at_horizon_idx,13,0.0001894453598652035
R1b_handsin@D2,cup_wipe_sponge_dryingrack,2,right_hand_joints,mse_at_horizon_idx,14,0.00021825192379765213
R1b_handsin@D2,cup_wipe_sponge_dryingrack,2,right_hand_joints,mse_at_horizon_idx,15,0.0001950274163391441
R1b_handsin@D2,cup_wipe_sponge_dryingrack,2,right_hand_joints,mse_at_horizon_idx,16,0.0001289585343329236
R1b_handsin@D2,cup_wipe_sponge_dryingrack,2,right_hand_joints,mse_at_horizon_idx,17,0.00015654768503736705
R1b_handsin@D2,cup_wipe_sponge_dryingrack,2,right_hand_joints,mse_at_horizon_idx,18,7.235800876514986e-05
R1b_handsin@D2,cup_wipe_sponge_dryingrack,2,right_hand_joints,mse_at_horizon_idx,19,1.3813963960274123e-05
R1b_handsin@D2,cup_wipe_sponge_dryingrack,2,right_hand_joints,mse_at_horizon_idx,20,2.7472264264361e-05
R1b_handsin@D2,cup_wipe_sponge_dryingrack,2,right_hand_joints,mse_at_horizon_idx,21,4.444780643098056e-05
R1b_handsin@D2,cup_wipe_sponge_dryingrack,2,right_hand_joints,mse_at_horizon_idx,22,0.0001866256061475724
R1b_handsin@D2,cup_wipe_sponge_dryingrack,2,right_hand_joints,mse_at_horizon_idx,23,0.00021994629059918225
R1b_handsin@D2,cup_wipe_sponge_dryingrack,2,right_hand_joints,mse_at_horizon_idx,24,0.0004292536177672446
R1b_handsin@D2,cup_wipe_sponge_dryingrack,2,right_hand_joints,mse_at_horizon_idx,25,0.0006139931501820683
R1b_handsin@D2,cup_wipe_sponge_dryingrack,2,right_hand_joints,mse_at_horizon_idx,26,0.0007672017673030496
R1b_handsin@D2,cup_wipe_sponge_dryingrack,2,right_hand_joints,mse_at_horizon_idx,27,0.001287179533392191
R1b_handsin@D2,cup_wipe_sponge_dryingrack,2,right_hand_joints,mse_at_horizon_idx,28,0.0014675736892968416
R1b_handsin@D2,cup_wipe_sponge_dryingrack,2,right_hand_joints,mse_at_horizon_idx,29,0.0016926381504163146
R1b_handsin@D2,cup_wipe_sponge_dryingrack,2,right_hand_joints,mse_at_horizon_idx,30,0.0018988067749887705
R1b_handsin@D2,cup_wipe_sponge_dryingrack,2,right_hand_joints,mse_at_horizon_idx,31,0.002230564597994089
R1b_handsin@D2,cup_wipe_sponge_dryingrack,2,right_hand_joints,mse_at_horizon_idx,32,0.001956388121470809
R1b_handsin@D2,cup_wipe_sponge_dryingrack,2,right_hand_joints,mse_at_horizon_idx,33,0.002335244556888938
R1b_handsin@D2,cup_wipe_sponge_dryingrack,2,right_hand_joints,mse_at_horizon_idx,34,0.002612155629321933
R1b_handsin@D2,cup_wipe_sponge_dryingrack,2,right_hand_joints,mse_at_horizon_idx,35,0.0020871348679065704
R1b_handsin@D2,cup_wipe_sponge_dryingrack,2,right_hand_joints,mse_at_horizon_idx,36,0.0018550303066149354
R1b_handsin@D2,cup_wipe_sponge_dryingrack,2,right_hand_joints,mse_at_horizon_idx,37,0.0018924204632639885
R1b_handsin@D2,cup_wipe_sponge_dryingrack,2,right_hand_joints,mse_at_horizon_idx,38,0.001648260629735887
R1b_handsin@D2,cup_wipe_sponge_dryingrack,2,right_hand_joints,mse_at_horizon_idx,39,0.001696180202998221
R1b_handsin@D2,cup_wipe_sponge_dryingrack,2,right_hand_joints,grasp_precision,-1,0.6666666666666666
R1b_handsin@D2,cup_wipe_sponge_dryingrack,2,right_hand_joints,grasp_recall,-1,0.6666666666666666
R1b_handsin@D2,cup_wipe_sponge_dryingrack,2,right_hand_joints,grasp_f1,-1,0.6666666666666666
R1b_handsin@D2,cup_wipe_sponge_dryingrack,2,right_hand_joints,grasp_n_gt_events,-1,3.0
R1b_handsin@D2,cup_wipe_sponge_dryingrack,2,right_hand_joints,grasp_n_pred_events,-1,3.0
R1b_handsin@D2,cup_wipe_sponge_dryingrack,2,right_hand_joints,grasp_onset_timing_error_signed_steps,-1,4.0
R1b_handsin@D2,cup_wipe_sponge_dryingrack,2,right_hand_joints,grasp_spurious_transitions,-1,1.0
R1b_handsin@D2,cup_wipe_sponge_dryingrack,2,all,mse,-1,0.0017720310715958476
R1b_handsin@D2,cup_wipe_sponge_dryingrack,2,all,mae,-1,0.0230726171284914
R1b_handsin@D2,cup_wipe_sponge_dryingrack,2,all,normalized_mse,-1,0.5509690046310425
R1b_handsin@D2,cup_wipe_sponge_dryingrack,2,all,final_position_error,-1,0.33072856068611145
R1b_handsin@D2,cup_wipe_sponge_dryingrack,2,all,mean_squared_jerk_pred,-1,0.0020944951102137566
R1b_handsin@D2,cup_wipe_sponge_dryingrack,2,all,mean_squared_jerk_gt,-1,0.0008246550569310784
R1b_handsin@D2,cup_wipe_sponge_dryingrack,2,all,jerk_ratio_pred_over_gt,-1,2.5398438930433995
R1b_handsin@D2,cup_wipe_sponge_dryingrack,2,all,chunk_boundary_discontinuity,-1,0.00015334032650571316
R1b_handsin@D2,cup_wipe_sponge_dryingrack,2,all,mse_proprio_ablated,-1,0.0018967161886394024
R1b_handsin@D2,cup_wipe_sponge_dryingrack,2,all,proprio_leakage_gap,-1,0.00012468511704355478
R1b_handsin@D2,cup_wipe_sponge_dryingrack,2,all,mse_at_horizon_idx,0,0.0019213699270039797
R1b_handsin@D2,cup_wipe_sponge_dryingrack,2,all,mse_at_horizon_idx,1,0.0019044216023758054
R1b_handsin@D2,cup_wipe_sponge_dryingrack,2,all,mse_at_horizon_idx,2,0.0019094987073913217
R1b_handsin@D2,cup_wipe_sponge_dryingrack,2,all,mse_at_horizon_idx,3,0.0015856893733143806
R1b_handsin@D2,cup_wipe_sponge_dryingrack,2,all,mse_at_horizon_idx,4,0.0015404740115627646
R1b_handsin@D2,cup_wipe_sponge_dryingrack,2,all,mse_at_horizon_idx,5,0.001599793671630323
R1b_handsin@D2,cup_wipe_sponge_dryingrack,2,all,mse_at_horizon_idx,6,0.0016937340842559934
R1b_handsin@D2,cup_wipe_sponge_dryingrack,2,all,mse_at_horizon_idx,7,0.0018165281508117914
R1b_handsin@D2,cup_wipe_sponge_dryingrack,2,all,mse_at_horizon_idx,8,0.0019367202185094357
R1b_handsin@D2,cup_wipe_sponge_dryingrack,2,all,mse_at_horizon_idx,9,0.0021308991126716137
R1b_handsin@D2,cup_wipe_sponge_dryingrack,2,all,mse_at_horizon_idx,10,0.002245308132842183
R1b_handsin@D2,cup_wipe_sponge_dryingrack,2,all,mse_at_horizon_idx,11,0.0015560080064460635
R1b_handsin@D2,cup_wipe_sponge_dryingrack,2,all,mse_at_horizon_idx,12,0.0015649364795535803
R1b_handsin@D2,cup_wipe_sponge_dryingrack,2,all,mse_at_horizon_idx,13,0.0015972880646586418
R1b_handsin@D2,cup_wipe_sponge_dryingrack,2,all,mse_at_horizon_idx,14,0.001685206196270883
R1b_handsin@D2,cup_wipe_sponge_dryingrack,2,all,mse_at_horizon_idx,15,0.0016774528194218874
R1b_handsin@D2,cup_wipe_sponge_dryingrack,2,all,mse_at_horizon_idx,16,0.0017381064826622605
R1b_handsin@D2,cup_wipe_sponge_dryingrack,2,all,mse_at_horizon_idx,17,0.001724417321383953
R1b_handsin@D2,cup_wipe_sponge_dryingrack,2,all,mse_at_horizon_idx,18,0.0017983575817197561
R1b_handsin@D2,cup_wipe_sponge_dryingrack,2,all,mse_at_horizon_idx,19,0.0015540065942332149
R1b_handsin@D2,cup_wipe_sponge_dryingrack,2,all,mse_at_horizon_idx,20,0.0016008516540750861
R1b_handsin@D2,cup_wipe_sponge_dryingrack,2,all,mse_at_horizon_idx,21,0.00151685974560678
R1b_handsin@D2,cup_wipe_sponge_dryingrack,2,all,mse_at_horizon_idx,22,0.0015327687142416835
R1b_handsin@D2,cup_wipe_sponge_dryingrack,2,all,mse_at_horizon_idx,23,0.0015448082704097033
R1b_handsin@D2,cup_wipe_sponge_dryingrack,2,all,mse_at_horizon_idx,24,0.0015909255016595125
R1b_handsin@D2,cup_wipe_sponge_dryingrack,2,all,mse_at_horizon_idx,25,0.001604792894795537
R1b_handsin@D2,cup_wipe_sponge_dryingrack,2,all,mse_at_horizon_idx,26,0.0016845889622345567
R1b_handsin@D2,cup_wipe_sponge_dryingrack,2,all,mse_at_horizon_idx,27,0.001675329403951764
R1b_handsin@D2,cup_wipe_sponge_dryingrack,2,all,mse_at_horizon_idx,28,0.0017076715594157577
R1b_handsin@D2,cup_wipe_sponge_dryingrack,2,all,mse_at_horizon_idx,29,0.0017475778004154563
R1b_handsin@D2,cup_wipe_sponge_dryingrack,2,all,mse_at_horizon_idx,30,0.0018097355496138334
R1b_handsin@D2,cup_wipe_sponge_dryingrack,2,all,mse_at_horizon_idx,31,0.0018685150425881147
R1b_handsin@D2,cup_wipe_sponge_dryingrack,2,all,mse_at_horizon_idx,32,0.0019176549976691604
R1b_handsin@D2,cup_wipe_sponge_dryingrack,2,all,mse_at_horizon_idx,33,0.0019620892126113176
R1b_handsin@D2,cup_wipe_sponge_dryingrack,2,all,mse_at_horizon_idx,34,0.002015243750065565
R1b_handsin@D2,cup_wipe_sponge_dryingrack,2,all,mse_at_horizon_idx,35,0.001992657082155347
R1b_handsin@D2,cup_wipe_sponge_dryingrack,2,all,mse_at_horizon_idx,36,0.001986269373446703
R1b_handsin@D2,cup_wipe_sponge_dryingrack,2,all,mse_at_horizon_idx,37,0.0020068720914423466
R1b_handsin@D2,cup_wipe_sponge_dryingrack,2,all,mse_at_horizon_idx,38,0.001981544541195035
R1b_handsin@D2,cup_wipe_sponge_dryingrack,2,all,mse_at_horizon_idx,39,0.001935816602781415
R1b_handsin@D2,floor_box_table,16,motion_token,mse,-1,0.0047181639820337296
R1b_handsin@D2,floor_box_table,16,motion_token,mae,-1,0.047575436532497406
R1b_handsin@D2,floor_box_table,16,motion_token,normalized_mse,-1,0.5500475168228149
R1b_handsin@D2,floor_box_table,16,motion_token,final_position_error,-1,0.5762215256690979
R1b_handsin@D2,floor_box_table,16,motion_token,mean_squared_jerk_pred,-1,0.003696938743814826
R1b_handsin@D2,floor_box_table,16,motion_token,mean_squared_jerk_gt,-1,0.001409223536029458
R1b_handsin@D2,floor_box_table,16,motion_token,jerk_ratio_pred_over_gt,-1,2.6233870278884885
R1b_handsin@D2,floor_box_table,16,motion_token,chunk_boundary_discontinuity,-1,0.00030517578125
R1b_handsin@D2,floor_box_table,16,motion_token,on_grid_fraction,-1,1.0
R1b_handsin@D2,floor_box_table,16,motion_token,mse_proprio_ablated,-1,0.0058260587975382805
R1b_handsin@D2,floor_box_table,16,motion_token,proprio_leakage_gap,-1,0.001107894815504551
R1b_handsin@D2,floor_box_table,16,motion_token,mse_at_horizon_idx,0,0.00478197168558836
R1b_handsin@D2,floor_box_table,16,motion_token,mse_at_horizon_idx,1,0.00495446240529418
R1b_handsin@D2,floor_box_table,16,motion_token,mse_at_horizon_idx,2,0.00509510887786746
R1b_handsin@D2,floor_box_table,16,motion_token,mse_at_horizon_idx,3,0.004224694333970547
R1b_handsin@D2,floor_box_table,16,motion_token,mse_at_horizon_idx,4,0.004341457039117813
R1b_handsin@D2,floor_box_table,16,motion_token,mse_at_horizon_idx,5,0.00460682762786746
R1b_handsin@D2,floor_box_table,16,motion_token,mse_at_horizon_idx,6,0.0049093496054410934
R1b_handsin@D2,floor_box_table,16,motion_token,mse_at_horizon_idx,7,0.00502611231058836
R1b_handsin@D2,floor_box_table,16,motion_token,mse_at_horizon_idx,8,0.005246369633823633
R1b_handsin@D2,floor_box_table,16,motion_token,mse_at_horizon_idx,9,0.00548254931345582
R1b_handsin@D2,floor_box_table,16,motion_token,mse_at_horizon_idx,10,0.005559506826102734
R1b_handsin@D2,floor_box_table,16,motion_token,mse_at_horizon_idx,11,0.00448475731536746
R1b_handsin@D2,floor_box_table,16,motion_token,mse_at_horizon_idx,12,0.004564368166029453
R1b_handsin@D2,floor_box_table,16,motion_token,mse_at_horizon_idx,13,0.0045617143623530865
R1b_handsin@D2,floor_box_table,16,motion_token,mse_at_horizon_idx,14,0.00454579247161746
R1b_handsin@D2,floor_box_table,16,motion_token,mse_at_horizon_idx,15,0.00447679590433836
R1b_handsin@D2,floor_box_table,16,motion_token,mse_at_horizon_idx,16,0.00478197168558836
R1b_handsin@D2,floor_box_table,16,motion_token,mse_at_horizon_idx,17,0.00496507715433836
R1b_handsin@D2,floor_box_table,16,motion_token,mse_at_horizon_idx,18,0.00513756787404418
R1b_handsin@D2,floor_box_table,16,motion_token,mse_at_horizon_idx,19,0.00417958153411746
R1b_handsin@D2,floor_box_table,16,motion_token,mse_at_horizon_idx,20,0.00445556640625
R1b_handsin@D2,floor_box_table,16,motion_token,mse_at_horizon_idx,21,0.0045166015625
R1b_handsin@D2,floor_box_table,16,motion_token,mse_at_horizon_idx,22,0.00457763671875
R1b_handsin@D2,floor_box_table,16,motion_token,mse_at_horizon_idx,23,0.004829738289117813
R1b_handsin@D2,floor_box_table,16,motion_token,mse_at_horizon_idx,24,0.005071225576102734
R1b_handsin@D2,floor_box_table,16,motion_token,mse_at_horizon_idx,25,0.005089801270514727
R1b_handsin@D2,floor_box_table,16,motion_token,mse_at_horizon_idx,26,0.005121645517647266
R1b_handsin@D2,floor_box_table,16,motion_token,mse_at_horizon_idx,27,0.0041663129813969135
R1b_handsin@D2,floor_box_table,16,motion_token,mse_at_horizon_idx,28,0.00432288134470582
R1b_handsin@D2,floor_box_table,16,motion_token,mse_at_horizon_idx,29,0.00439453125
R1b_handsin@D2,floor_box_table,16,motion_token,mse_at_horizon_idx,30,0.004468834958970547
R1b_handsin@D2,floor_box_table,16,motion_token,mse_at_horizon_idx,31,0.004601520020514727
R1b_handsin@D2,floor_box_table,16,motion_token,mse_at_horizon_idx,32,0.004529870115220547
R1b_handsin@D2,floor_box_table,16,motion_token,mse_at_horizon_idx,33,0.004553753416985273
R1b_handsin@D2,floor_box_table,16,motion_token,mse_at_horizon_idx,34,0.0046227495186030865
R1b_handsin@D2,floor_box_table,16,motion_token,mse_at_horizon_idx,35,0.004641325678676367
R1b_handsin@D2,floor_box_table,16,motion_token,mse_at_horizon_idx,36,0.004705255851149559
R1b_handsin@D2,floor_box_table,16,motion_token,mse_at_horizon_idx,37,0.00459428271278739
R1b_handsin@D2,floor_box_table,16,motion_token,mse_at_horizon_idx,38,0.004738547373563051
R1b_handsin@D2,floor_box_table,16,motion_token,mse_at_horizon_idx,39,0.004796808585524559
R1b_handsin@D2,floor_box_table,16,left_hand_joints,mse,-1,0.003479646984487772
R1b_handsin@D2,floor_box_table,16,left_hand_joints,mae,-1,0.006795383524149656
R1b_handsin@D2,floor_box_table,16,left_hand_joints,normalized_mse,-1,0.10382283478975296
R1b_handsin@D2,floor_box_table,16,left_hand_joints,final_position_error,-1,0.01171875
R1b_handsin@D2,floor_box_table,16,left_hand_joints,mean_squared_jerk_pred,-1,7.00720920576714e-05
R1b_handsin@D2,floor_box_table,16,left_hand_joints,mean_squared_jerk_gt,-1,2.0969486286048777e-05
R1b_handsin@D2,floor_box_table,16,left_hand_joints,jerk_ratio_pred_over_gt,-1,3.3416217785120996
R1b_handsin@D2,floor_box_table,16,left_hand_joints,chunk_boundary_discontinuity,-1,5.022643563279416e-06
R1b_handsin@D2,floor_box_table,16,left_hand_joints,mse_proprio_ablated,-1,0.003782212734222412
R1b_handsin@D2,floor_box_table,16,left_hand_joints,proprio_leakage_gap,-1,0.0003025657497346401
R1b_handsin@D2,floor_box_table,16,left_hand_joints,mse_at_horizon_idx,0,0.005380448419600725
R1b_handsin@D2,floor_box_table,16,left_hand_joints,mse_at_horizon_idx,1,0.005515796132385731
R1b_handsin@D2,floor_box_table,16,left_hand_joints,mse_at_horizon_idx,2,0.005118893459439278
R1b_handsin@D2,floor_box_table,16,left_hand_joints,mse_at_horizon_idx,3,0.004283900838345289
R1b_handsin@D2,floor_box_table,16,left_hand_joints,mse_at_horizon_idx,4,0.003961366601288319
R1b_handsin@D2,floor_box_table,16,left_hand_joints,mse_at_horizon_idx,5,0.0034123403020203114
R1b_handsin@D2,floor_box_table,16,left_hand_joints,mse_at_horizon_idx,6,0.003083441173657775
R1b_handsin@D2,floor_box_table,16,left_hand_joints,mse_at_horizon_idx,7,0.0028576385229825974
R1b_handsin@D2,floor_box_table,16,left_hand_joints,mse_at_horizon_idx,8,0.00268522254191339
R1b_handsin@D2,floor_box_table,16,left_hand_joints,mse_at_horizon_idx,9,0.0023553192149847746
R1b_handsin@D2,floor_box_table,16,left_hand_joints,mse_at_horizon_idx,10,0.00213036872446537
R1b_handsin@D2,floor_box_table,16,left_hand_joints,mse_at_horizon_idx,11,0.0016849045641720295
R1b_handsin@D2,floor_box_table,16,left_hand_joints,mse_at_horizon_idx,12,0.0015290806768462062
R1b_handsin@D2,floor_box_table,16,left_hand_joints,mse_at_horizon_idx,13,0.0014202349120751023
R1b_handsin@D2,floor_box_table,16,left_hand_joints,mse_at_horizon_idx,14,0.001324620214290917
R1b_handsin@D2,floor_box_table,16,left_hand_joints,mse_at_horizon_idx,15,0.00120800849981606
R1b_handsin@D2,floor_box_table,16,left_hand_joints,mse_at_horizon_idx,16,0.0011366751277819276
R1b_handsin@D2,floor_box_table,16,left_hand_joints,mse_at_horizon_idx,17,0.0011714191641658545
R1b_handsin@D2,floor_box_table,16,left_hand_joints,mse_at_horizon_idx,18,0.0012453343952074647
R1b_handsin@D2,floor_box_table,16,left_hand_joints,mse_at_horizon_idx,19,0.0012346458388492465
R1b_handsin@D2,floor_box_table,16,left_hand_joints,mse_at_horizon_idx,20,0.0015695015899837017
R1b_handsin@D2,floor_box_table,16,left_hand_joints,mse_at_horizon_idx,21,0.001782935461960733
R1b_handsin@D2,floor_box_table,16,left_hand_joints,mse_at_horizon_idx,22,0.001947089098393917
R1b_handsin@D2,floor_box_table,16,left_hand_joints,mse_at_horizon_idx,23,0.002359140897169709
R1b_handsin@D2,floor_box_table,16,left_hand_joints,mse_at_horizon_idx,24,0.0025493621360510588
R1b_handsin@D2,floor_box_table,16,left_hand_joints,mse_at_horizon_idx,25,0.0027117300778627396
R1b_handsin@D2,floor_box_table,16,left_hand_joints,mse_at_horizon_idx,26,0.003107677912339568
R1b_handsin@D2,floor_box_table,16,left_hand_joints,mse_at_horizon_idx,27,0.0035731513053178787
R1b_handsin@D2,floor_box_table,16,left_hand_joints,mse_at_horizon_idx,28,0.004085664637386799
R1b_handsin@D2,floor_box_table,16,left_hand_joints,mse_at_horizon_idx,29,0.00487716868519783
R1b_handsin@D2,floor_box_table,16,left_hand_joints,mse_at_horizon_idx,30,0.005335234571248293
R1b_handsin@D2,floor_box_table,16,left_hand_joints,mse_at_horizon_idx,31,0.005433665122836828
R1b_handsin@D2,floor_box_table,16,left_hand_joints,mse_at_horizon_idx,32,0.005830745212733746
R1b_handsin@D2,floor_box_table,16,left_hand_joints,mse_at_horizon_idx,33,0.005886325147002935
R1b_handsin@D2,floor_box_table,16,left_hand_joints,mse_at_horizon_idx,34,0.005498575046658516
R1b_handsin@D2,floor_box_table,16,left_hand_joints,mse_at_horizon_idx,35,0.005869552958756685
R1b_handsin@D2,floor_box_table,16,left_hand_joints,mse_at_horizon_idx,36,0.006260006222873926
R1b_handsin@D2,floor_box_table,16,left_hand_joints,mse_at_horizon_idx,37,0.0060091749764978886
R1b_handsin@D2,floor_box_table,16,left_hand_joints,mse_at_horizon_idx,38,0.00620391545817256
R1b_handsin@D2,floor_box_table,16,left_hand_joints,mse_at_horizon_idx,39,0.006015157792717218
R1b_handsin@D2,floor_box_table,16,left_hand_joints,grasp_precision,-1,0.3333333333333333
R1b_handsin@D2,floor_box_table,16,left_hand_joints,grasp_recall,-1,0.3333333333333333
R1b_handsin@D2,floor_box_table,16,left_hand_joints,grasp_f1,-1,0.3333333333333333
R1b_handsin@D2,floor_box_table,16,left_hand_joints,grasp_n_gt_events,-1,3.0
R1b_handsin@D2,floor_box_table,16,left_hand_joints,grasp_n_pred_events,-1,3.0
R1b_handsin@D2,floor_box_table,16,left_hand_joints,grasp_onset_timing_error_signed_steps,-1,0.0
R1b_handsin@D2,floor_box_table,16,left_hand_joints,grasp_spurious_transitions,-1,2.0
R1b_handsin@D2,floor_box_table,16,right_hand_joints,mse,-1,0.002968868240714073
R1b_handsin@D2,floor_box_table,16,right_hand_joints,mae,-1,0.00613639410585165
R1b_handsin@D2,floor_box_table,16,right_hand_joints,normalized_mse,-1,0.09153541922569275
R1b_handsin@D2,floor_box_table,16,right_hand_joints,final_position_error,-1,0.007353670429438353
R1b_handsin@D2,floor_box_table,16,right_hand_joints,mean_squared_jerk_pred,-1,0.00010265822493238375
R1b_handsin@D2,floor_box_table,16,right_hand_joints,mean_squared_jerk_gt,-1,2.557596963015385e-05
R1b_handsin@D2,floor_box_table,16,right_hand_joints,jerk_ratio_pred_over_gt,-1,4.013854661891316
R1b_handsin@D2,floor_box_table,16,right_hand_joints,chunk_boundary_discontinuity,-1,2.0883480829070322e-05
R1b_handsin@D2,floor_box_table,16,right_hand_joints,mse_proprio_ablated,-1,0.0029221447184681892
R1b_handsin@D2,floor_box_table,16,right_hand_joints,proprio_leakage_gap,-1,-4.672352224588394e-05
R1b_handsin@D2,floor_box_table,16,right_hand_joints,mse_at_horizon_idx,0,0.004656151402741671
R1b_handsin@D2,floor_box_table,16,right_hand_joints,mse_at_horizon_idx,1,0.0047910092398524284
R1b_handsin@D2,floor_box_table,16,right_hand_joints,mse_at_horizon_idx,2,0.004688604269176722
R1b_handsin@D2,floor_box_table,16,right_hand_joints,mse_at_horizon_idx,3,0.0028765369206666946
R1b_handsin@D2,floor_box_table,16,right_hand_joints,mse_at_horizon_idx,4,0.002535131061449647
R1b_handsin@D2,floor_box_table,16,right_hand_joints,mse_at_horizon_idx,5,0.0019333354430273175
R1b_handsin@D2,floor_box_table,16,right_hand_joints,mse_at_horizon_idx,6,0.001826767809689045
R1b_handsin@D2,floor_box_table,16,right_hand_joints,mse_at_horizon_idx,7,0.0015804462600499392
R1b_handsin@D2,floor_box_table,16,right_hand_joints,mse_at_horizon_idx,8,0.001435828278772533
R1b_handsin@D2,floor_box_table,16,right_hand_joints,mse_at_horizon_idx,9,0.0012735979398712516
R1b_handsin@D2,floor_box_table,16,right_hand_joints,mse_at_horizon_idx,10,0.0011939512332901359
R1b_handsin@D2,floor_box_table,16,right_hand_joints,mse_at_horizon_idx,11,0.00042540280264802277
R1b_handsin@D2,floor_box_table,16,right_hand_joints,mse_at_horizon_idx,12,0.0004548104479908943
R1b_handsin@D2,floor_box_table,16,right_hand_joints,mse_at_horizon_idx,13,0.0006162935751490295
R1b_handsin@D2,floor_box_table,16,right_hand_joints,mse_at_horizon_idx,14,0.0007644976722076535
R1b_handsin@D2,floor_box_table,16,right_hand_joints,mse_at_horizon_idx,15,0.0008451961330138147
R1b_handsin@D2,floor_box_table,16,right_hand_joints,mse_at_horizon_idx,16,0.0009171589626930654
R1b_handsin@D2,floor_box_table,16,right_hand_joints,mse_at_horizon_idx,17,0.001265526982024312
R1b_handsin@D2,floor_box_table,16,right_hand_joints,mse_at_horizon_idx,18,0.0012445745524019003
R1b_handsin@D2,floor_box_table,16,right_hand_joints,mse_at_horizon_idx,19,0.002003916772082448
R1b_handsin@D2,floor_box_table,16,right_hand_joints,mse_at_horizon_idx,20,0.002289518481120467
R1b_handsin@D2,floor_box_table,16,right_hand_joints,mse_at_horizon_idx,21,0.002514258958399296
R1b_handsin@D2,floor_box_table,16,right_hand_joints,mse_at_horizon_idx,22,0.0026890230365097523
R1b_handsin@D2,floor_box_table,16,right_hand_joints,mse_at_horizon_idx,23,0.0028346364852041006
R1b_handsin@D2,floor_box_table,16,right_hand_joints,mse_at_horizon_idx,24,0.0029157924000173807
R1b_handsin@D2,floor_box_table,16,right_hand_joints,mse_at_horizon_idx,25,0.003007718361914158
R1b_handsin@D2,floor_box_table,16,right_hand_joints,mse_at_horizon_idx,26,0.0032124470453709364
R1b_handsin@D2,floor_box_table,16,right_hand_joints,mse_at_horizon_idx,27,0.0035748318769037724
R1b_handsin@D2,floor_box_table,16,right_hand_joints,mse_at_horizon_idx,28,0.0038058266509324312
R1b_handsin@D2,floor_box_table,16,right_hand_joints,mse_at_horizon_idx,29,0.004270404111593962
R1b_handsin@D2,floor_box_table,16,right_hand_joints,mse_at_horizon_idx,30,0.0048166560009121895
R1b_handsin@D2,floor_box_table,16,right_hand_joints,mse_at_horizon_idx,31,0.004823059309273958
R1b_handsin@D2,floor_box_table,16,right_hand_joints,mse_at_horizon_idx,32,0.0050452956929802895
R1b_handsin@D2,floor_box_table,16,right_hand_joints,mse_at_horizon_idx,33,0.00509915454313159
R1b_handsin@D2,floor_box_table,16,right_hand_joints,mse_at_horizon_idx,34,0.004834871739149094
R1b_handsin@D2,floor_box_table,16,right_hand_joints,mse_at_horizon_idx,35,0.004951696842908859
R1b_handsin@D2,floor_box_table,16,right_hand_joints,mse_at_horizon_idx,36,0.005325119476765394
R1b_handsin@D2,floor_box_table,16,right_hand_joints,mse_at_horizon_idx,37,0.005144542083144188
R1b_handsin@D2,floor_box_table,16,right_hand_joints,mse_at_horizon_idx,38,0.0054276506416499615
R1b_handsin@D2,floor_box_table,16,right_hand_joints,mse_at_horizon_idx,39,0.005246456246823072
R1b_handsin@D2,floor_box_table,16,right_hand_joints,grasp_precision,-1,0.3333333333333333
R1b_handsin@D2,floor_box_table,16,right_hand_joints,grasp_recall,-1,0.3333333333333333
R1b_handsin@D2,floor_box_table,16,right_hand_joints,grasp_f1,-1,0.3333333333333333
R1b_handsin@D2,floor_box_table,16,right_hand_joints,grasp_n_gt_events,-1,3.0
R1b_handsin@D2,floor_box_table,16,right_hand_joints,grasp_n_pred_events,-1,3.0
R1b_handsin@D2,floor_box_table,16,right_hand_joints,grasp_onset_timing_error_signed_steps,-1,0.0
R1b_handsin@D2,floor_box_table,16,right_hand_joints,grasp_spurious_transitions,-1,2.0
R1b_handsin@D2,floor_box_table,16,all,mse,-1,0.004450026899576187
R1b_handsin@D2,floor_box_table,16,all,mae,-1,0.040196798741817474
R1b_handsin@D2,floor_box_table,16,all,normalized_mse,-1,0.5363394021987915
R1b_handsin@D2,floor_box_table,16,all,final_position_error,-1,0.5763875842094421
R1b_handsin@D2,floor_box_table,16,all,mean_squared_jerk_pred,-1,0.003048887010663748
R1b_handsin@D2,floor_box_table,16,all,mean_squared_jerk_gt,-1,0.0011604632018133998
R1b_handsin@D2,floor_box_table,16,all,jerk_ratio_pred_over_gt,-1,2.6273017583835485
R1b_handsin@D2,floor_box_table,16,all,chunk_boundary_discontinuity,-1,0.000252725527388975
R1b_handsin@D2,floor_box_table,16,all,mse_proprio_ablated,-1,0.005382028874009848
R1b_handsin@D2,floor_box_table,16,all,proprio_leakage_gap,-1,0.0009320019744336605
R1b_handsin@D2,floor_box_table,16,all,mse_at_horizon_idx,0,0.004824389237910509
R1b_handsin@D2,floor_box_table,16,all,mse_at_horizon_idx,1,0.004990169312804937
R1b_handsin@D2,floor_box_table,16,all,mse_at_horizon_idx,2,0.005060762166976929
R1b_handsin@D2,floor_box_table,16,all,mse_at_horizon_idx,3,0.004109018947929144
R1b_handsin@D2,floor_box_table,16,all,mse_at_horizon_idx,4,0.004145239945501089
R1b_handsin@D2,floor_box_table,16,all,mse_at_horizon_idx,5,0.004259700886905193
R1b_handsin@D2,floor_box_table,16,all,mse_at_horizon_idx,6,0.004468843806535006
R1b_handsin@D2,floor_box_table,16,all,mse_at_horizon_idx,7,0.004522279370576143
R1b_handsin@D2,floor_box_table,16,all,mse_at_horizon_idx,8,0.004674551077187061
R1b_handsin@D2,floor_box_table,16,all,mse_at_horizon_idx,9,0.004824173636734486
R1b_handsin@D2,floor_box_table,16,all,mse_at_horizon_idx,10,0.0048599825240671635
R1b_handsin@D2,floor_box_table,16,all,mse_at_horizon_idx,11,0.0038691875524818897
R1b_handsin@D2,floor_box_table,16,all,mse_at_horizon_idx,12,0.003923164214938879
R1b_handsin@D2,floor_box_table,16,all,mse_at_horizon_idx,13,0.003925710450857878
R1b_handsin@D2,floor_box_table,16,all,mse_at_horizon_idx,14,0.003917365334928036
R1b_handsin@D2,floor_box_table,16,all,mse_at_horizon_idx,15,0.0038575304206460714
R1b_handsin@D2,floor_box_table,16,all,mse_at_horizon_idx,16,0.004107987508177757
R1b_handsin@D2,floor_box_table,16,all,mse_at_horizon_idx,17,0.004292610101401806
R1b_handsin@D2,floor_box_table,16,all,mse_at_horizon_idx,18,0.004438893403857946
R1b_handsin@D2,floor_box_table,16,all,mse_at_horizon_idx,19,0.003720040200278163
R1b_handsin@D2,floor_box_table,16,all,mse_at_horizon_idx,20,0.004002171568572521
R1b_handsin@D2,floor_box_table,16,all,mse_at_horizon_idx,21,0.004091574810445309
R1b_handsin@D2,floor_box_table,16,all,mse_at_horizon_idx,22,0.004172070883214474
R1b_handsin@D2,floor_box_table,16,all,mse_at_horizon_idx,23,0.004428970627486706
R1b_handsin@D2,floor_box_table,16,all,mse_at_horizon_idx,24,0.004651467315852642
R1b_handsin@D2,floor_box_table,16,all,mse_at_horizon_idx,25,0.004689530935138464
R1b_handsin@D2,floor_box_table,16,all,mse_at_horizon_idx,26,0.004769566468894482
R1b_handsin@D2,floor_box_table,16,all,mse_at_horizon_idx,27,0.004059998784214258
R1b_handsin@D2,floor_box_table,16,all,mse_at_horizon_idx,28,0.004255190491676331
R1b_handsin@D2,floor_box_table,16,all,mse_at_horizon_idx,29,0.004426705185323954
R1b_handsin@D2,floor_box_table,16,all,mse_at_horizon_idx,30,0.004577802959829569
R1b_handsin@D2,floor_box_table,16,all,mse_at_horizon_idx,31,0.004696081392467022
R1b_handsin@D2,floor_box_table,16,all,mse_at_horizon_idx,32,0.004692872054874897
R1b_handsin@D2,floor_box_table,16,all,mse_at_horizon_idx,33,0.004722289741039276
R1b_handsin@D2,floor_box_table,16,all,mse_at_horizon_idx,34,0.004720386117696762
R1b_handsin@D2,floor_box_table,16,all,mse_at_horizon_idx,35,0.004779404494911432
R1b_handsin@D2,floor_box_table,16,all,mse_at_horizon_idx,36,0.004900413565337658
R1b_handsin@D2,floor_box_table,16,all,mse_at_horizon_idx,37,0.0047706421464681625
R1b_handsin@D2,floor_box_table,16,all,mse_at_horizon_idx,38,0.0049318973906338215
R1b_handsin@D2,floor_box_table,16,all,mse_at_horizon_idx,39,0.004946500528603792
R1b_handsin,bottle_cupnoodles_shelf,0,motion_token,mse,-1,0.009898246265947819
R1b_handsin,bottle_cupnoodles_shelf,0,motion_token,mae,-1,0.07546090334653854
R1b_handsin,bottle_cupnoodles_shelf,0,motion_token,normalized_mse,-1,1.634845495223999
R1b_handsin,bottle_cupnoodles_shelf,0,motion_token,final_position_error,-1,0.49818727374076843
R1b_handsin,bottle_cupnoodles_shelf,0,motion_token,mean_squared_jerk_pred,-1,0.001545878709293902
R1b_handsin,bottle_cupnoodles_shelf,0,motion_token,mean_squared_jerk_gt,-1,0.0012229096610099077
R1b_handsin,bottle_cupnoodles_shelf,0,motion_token,jerk_ratio_pred_over_gt,-1,1.264098860759084
R1b_handsin,bottle_cupnoodles_shelf,0,motion_token,chunk_boundary_discontinuity,-1,0.00796662550419569
R1b_handsin,bottle_cupnoodles_shelf,0,motion_token,on_grid_fraction,-1,0.04401086030664395
R1b_handsin,bottle_cupnoodles_shelf,0,motion_token,mse_proprio_ablated,-1,0.009215353056788445
R1b_handsin,bottle_cupnoodles_shelf,0,motion_token,proprio_leakage_gap,-1,-0.0006828932091593742
R1b_handsin,bottle_cupnoodles_shelf,0,motion_token,mse_at_horizon_idx,0,0.005795932374894619
R1b_handsin,bottle_cupnoodles_shelf,0,motion_token,mse_at_horizon_idx,1,0.005800942424684763
R1b_handsin,bottle_cupnoodles_shelf,0,motion_token,mse_at_horizon_idx,2,0.005925390869379044
R1b_handsin,bottle_cupnoodles_shelf,0,motion_token,mse_at_horizon_idx,3,0.006082850508391857
R1b_handsin,bottle_cupnoodles_shelf,0,motion_token,mse_at_horizon_idx,4,0.006295998580753803
R1b_handsin,bottle_cupnoodles_shelf,0,motion_token,mse_at_horizon_idx,5,0.006515036337077618
R1b_handsin,bottle_cupnoodles_shelf,0,motion_token,mse_at_horizon_idx,6,0.0067649828270077705
R1b_handsin,bottle_cupnoodles_shelf,0,motion_token,mse_at_horizon_idx,7,0.006979078985750675
R1b_handsin,bottle_cupnoodles_shelf,0,motion_token,mse_at_horizon_idx,8,0.007192049641162157
R1b_handsin,bottle_cupnoodles_shelf,0,motion_token,mse_at_horizon_idx,9,0.007402391172945499
R1b_handsin,bottle_cupnoodles_shelf,0,motion_token,mse_at_horizon_idx,10,0.007700619753450155
R1b_handsin,bottle_cupnoodles_shelf,0,motion_token,mse_at_horizon_idx,11,0.007880051620304585
R1b_handsin,bottle_cupnoodles_shelf,0,motion_token,mse_at_horizon_idx,12,0.008117943070828915
R1b_handsin,bottle_cupnoodles_shelf,0,motion_token,mse_at_horizon_idx,13,0.008398093283176422
R1b_handsin,bottle_cupnoodles_shelf,0,motion_token,mse_at_horizon_idx,14,0.008728164248168468
R1b_handsin,bottle_cupnoodles_shelf,0,motion_token,mse_at_horizon_idx,15,0.009049385786056519
R1b_handsin,bottle_cupnoodles_shelf,0,motion_token,mse_at_horizon_idx,16,0.009374705143272877
R1b_handsin,bottle_cupnoodles_shelf,0,motion_token,mse_at_horizon_idx,17,0.009619085118174553
R1b_handsin,bottle_cupnoodles_shelf,0,motion_token,mse_at_horizon_idx,18,0.009837275370955467
R1b_handsin,bottle_cupnoodles_shelf,0,motion_token,mse_at_horizon_idx,19,0.010132087394595146
R1b_handsin,bottle_cupnoodles_shelf,0,motion_token,mse_at_horizon_idx,20,0.010319615714251995
R1b_handsin,bottle_cupnoodles_shelf,0,motion_token,mse_at_horizon_idx,21,0.010628346353769302
R1b_handsin,bottle_cupnoodles_shelf,0,motion_token,mse_at_horizon_idx,22,0.010864925570786
R1b_handsin,bottle_cupnoodles_shelf,0,motion_token,mse_at_horizon_idx,23,0.011149216443300247
R1b_handsin,bottle_cupnoodles_shelf,0,motion_token,mse_at_horizon_idx,24,0.011471346020698547
R1b_handsin,bottle_cupnoodles_shelf,0,motion_token,mse_at_horizon_idx,25,0.011702273041009903
R1b_handsin,bottle_cupnoodles_shelf,0,motion_token,mse_at_horizon_idx,26,0.011920934543013573
R1b_handsin,bottle_cupnoodles_shelf,0,motion_token,mse_at_horizon_idx,27,0.012118702754378319
R1b_handsin,bottle_cupnoodles_shelf,0,motion_token,mse_at_horizon_idx,28,0.012284125201404095
R1b_handsin,bottle_cupnoodles_shelf,0,motion_token,mse_at_horizon_idx,29,0.01235730480402708
R1b_handsin,bottle_cupnoodles_shelf,0,motion_token,mse_at_horizon_idx,30,0.012493782676756382
R1b_handsin,bottle_cupnoodles_shelf,0,motion_token,mse_at_horizon_idx,31,0.01254182681441307
R1b_handsin,bottle_cupnoodles_shelf,0,motion_token,mse_at_horizon_idx,32,0.012680141255259514
R1b_handsin,bottle_cupnoodles_shelf,0,motion_token,mse_at_horizon_idx,33,0.012794327922165394
R1b_handsin,bottle_cupnoodles_shelf,0,motion_token,mse_at_horizon_idx,34,0.01295926421880722
R1b_handsin,bottle_cupnoodles_shelf,0,motion_token,mse_at_horizon_idx,35,0.013061030767858028
R1b_handsin,bottle_cupnoodles_shelf,0,motion_token,mse_at_horizon_idx,36,0.01295819878578186
R1b_handsin,bottle_cupnoodles_shelf,0,motion_token,mse_at_horizon_idx,37,0.012905120849609375
R1b_handsin,bottle_cupnoodles_shelf,0,motion_token,mse_at_horizon_idx,38,0.012864939868450165
R1b_handsin,bottle_cupnoodles_shelf,0,motion_token,mse_at_horizon_idx,39,0.012849932536482811
R1b_handsin,bottle_cupnoodles_shelf,0,left_hand_joints,mse,-1,4.734718004328897e-06
R1b_handsin,bottle_cupnoodles_shelf,0,left_hand_joints,mae,-1,0.000301548425341025
R1b_handsin,bottle_cupnoodles_shelf,0,left_hand_joints,normalized_mse,-1,
R1b_handsin,bottle_cupnoodles_shelf,0,left_hand_joints,final_position_error,-1,0.0
R1b_handsin,bottle_cupnoodles_shelf,0,left_hand_joints,mean_squared_jerk_pred,-1,3.175098026986234e-05
R1b_handsin,bottle_cupnoodles_shelf,0,left_hand_joints,mean_squared_jerk_gt,-1,0.0
R1b_handsin,bottle_cupnoodles_shelf,0,left_hand_joints,jerk_ratio_pred_over_gt,-1,
R1b_handsin,bottle_cupnoodles_shelf,0,left_hand_joints,chunk_boundary_discontinuity,-1,9.816686542762909e-06
R1b_handsin,bottle_cupnoodles_shelf,0,left_hand_joints,mse_proprio_ablated,-1,3.6570590964402072e-06
R1b_handsin,bottle_cupnoodles_shelf,0,left_hand_joints,proprio_leakage_gap,-1,-1.07765890788869e-06
R1b_handsin,bottle_cupnoodles_shelf,0,left_hand_joints,mse_at_horizon_idx,0,4.278646883904003e-06
R1b_handsin,bottle_cupnoodles_shelf,0,left_hand_joints,mse_at_horizon_idx,1,5.5747605074429885e-06
R1b_handsin,bottle_cupnoodles_shelf,0,left_hand_joints,mse_at_horizon_idx,2,3.895704594469862e-06
R1b_handsin,bottle_cupnoodles_shelf,0,left_hand_joints,mse_at_horizon_idx,3,2.989897893712623e-06
R1b_handsin,bottle_cupnoodles_shelf,0,left_hand_joints,mse_at_horizon_idx,4,2.4449409465887584e-06
R1b_handsin,bottle_cupnoodles_shelf,0,left_hand_joints,mse_at_horizon_idx,5,3.822061444225255e-06
R1b_handsin,bottle_cupnoodles_shelf,0,left_hand_joints,mse_at_horizon_idx,6,3.336019062771811e-06
R1b_handsin,bottle_cupnoodles_shelf,0,left_hand_joints,mse_at_horizon_idx,7,2.9898981210862985e-06
R1b_handsin,bottle_cupnoodles_shelf,0,left_hand_joints,mse_at_horizon_idx,8,2.3344769033428747e-06
R1b_handsin,bottle_cupnoodles_shelf,0,left_hand_joints,mse_at_horizon_idx,9,2.6069551495311316e-06
R1b_handsin,bottle_cupnoodles_shelf,0,left_hand_joints,mse_at_horizon_idx,10,5.7883244153345e-06
R1b_handsin,bottle_cupnoodles_shelf,0,left_hand_joints,mse_at_horizon_idx,11,3.814697265625e-06
R1b_handsin,bottle_cupnoodles_shelf,0,left_hand_joints,mse_at_horizon_idx,12,3.601132902986137e-06
R1b_handsin,bottle_cupnoodles_shelf,0,left_hand_joints,mse_at_horizon_idx,13,4.5511251300922595e-06
R1b_handsin,bottle_cupnoodles_shelf,0,left_hand_joints,mse_at_horizon_idx,14,6.215452685864875e-06
R1b_handsin,bottle_cupnoodles_shelf,0,left_hand_joints,mse_at_horizon_idx,15,4.77770299767144e-06
R1b_handsin,bottle_cupnoodles_shelf,0,left_hand_joints,mse_at_horizon_idx,16,3.7997670006006956e-06
R1b_handsin,bottle_cupnoodles_shelf,0,left_hand_joints,mse_at_horizon_idx,17,4.449235802894691e-06
R1b_handsin,bottle_cupnoodles_shelf,0,left_hand_joints,mse_at_horizon_idx,18,3.120437440884416e-06
R1b_handsin,bottle_cupnoodles_shelf,0,left_hand_joints,mse_at_horizon_idx,19,2.112640686391387e-06
R1b_handsin,bottle_cupnoodles_shelf,0,left_hand_joints,mse_at_horizon_idx,20,2.3515256089012837e-06
R1b_handsin,bottle_cupnoodles_shelf,0,left_hand_joints,mse_at_horizon_idx,21,3.180158728355309e-06
R1b_handsin,bottle_cupnoodles_shelf,0,left_hand_joints,mse_at_horizon_idx,22,5.651127139572054e-06
R1b_handsin,bottle_cupnoodles_shelf,0,left_hand_joints,mse_at_horizon_idx,23,3.7325805806176504e-06
R1b_handsin,bottle_cupnoodles_shelf,0,left_hand_joints,mse_at_horizon_idx,24,3.7251152207318228e-06
R1b_handsin,bottle_cupnoodles_shelf,0,left_hand_joints,mse_at_horizon_idx,25,4.964332219969947e-06
R1b_handsin,bottle_cupnoodles_shelf,0,left_hand_joints,mse_at_horizon_idx,26,5.053914264863124e-06
R1b_handsin,bottle_cupnoodles_shelf,0,left_hand_joints,mse_at_horizon_idx,27,4.3895147427974734e-06
R1b_handsin,bottle_cupnoodles_shelf,0,left_hand_joints,mse_at_horizon_idx,28,4.1133039303531405e-06
R1b_handsin,bottle_cupnoodles_shelf,0,left_hand_joints,mse_at_horizon_idx,29,6.546946224261774e-06
R1b_handsin,bottle_cupnoodles_shelf,0,left_hand_joints,mse_at_horizon_idx,30,5.927337952016387e-06
R1b_handsin,bottle_cupnoodles_shelf,0,left_hand_joints,mse_at_horizon_idx,31,2.9114128210494528e-06
R1b_handsin,bottle_cupnoodles_shelf,0,left_hand_joints,mse_at_horizon_idx,32,9.995849723054562e-06
R1b_handsin,bottle_cupnoodles_shelf,0,left_hand_joints,mse_at_horizon_idx,33,6.912739536346635e-06
R1b_handsin,bottle_cupnoodles_shelf,0,left_hand_joints,mse_at_horizon_idx,34,8.472957233607303e-06
R1b_handsin,bottle_cupnoodles_shelf,0,left_hand_joints,mse_at_horizon_idx,35,7.256136541400338e-06
R1b_handsin,bottle_cupnoodles_shelf,0,left_hand_joints,mse_at_horizon_idx,36,7.188949894043617e-06
R1b_handsin,bottle_cupnoodles_shelf,0,left_hand_joints,mse_at_horizon_idx,37,8.017583240871318e-06
R1b_handsin,bottle_cupnoodles_shelf,0,left_hand_joints,mse_at_horizon_idx,38,5.367450739868218e-06
R1b_handsin,bottle_cupnoodles_shelf,0,left_hand_joints,mse_at_horizon_idx,39,7.3009268817259e-06
R1b_handsin,bottle_cupnoodles_shelf,0,left_hand_joints,grasp_precision,-1,
R1b_handsin,bottle_cupnoodles_shelf,0,left_hand_joints,grasp_recall,-1,
R1b_handsin,bottle_cupnoodles_shelf,0,left_hand_joints,grasp_f1,-1,
R1b_handsin,bottle_cupnoodles_shelf,0,left_hand_joints,grasp_n_gt_events,-1,0.0
R1b_handsin,bottle_cupnoodles_shelf,0,left_hand_joints,grasp_n_pred_events,-1,0.0
R1b_handsin,bottle_cupnoodles_shelf,0,left_hand_joints,grasp_onset_timing_error_signed_steps,-1,
R1b_handsin,bottle_cupnoodles_shelf,0,left_hand_joints,grasp_spurious_transitions,-1,0.0
R1b_handsin,bottle_cupnoodles_shelf,0,right_hand_joints,mse,-1,0.03798685967922211
R1b_handsin,bottle_cupnoodles_shelf,0,right_hand_joints,mae,-1,0.10765091329813004
R1b_handsin,bottle_cupnoodles_shelf,0,right_hand_joints,normalized_mse,-1,0.3282657563686371
R1b_handsin,bottle_cupnoodles_shelf,0,right_hand_joints,final_position_error,-1,0.005859375
R1b_handsin,bottle_cupnoodles_shelf,0,right_hand_joints,mean_squared_jerk_pred,-1,0.004452030174434185
R1b_handsin,bottle_cupnoodles_shelf,0,right_hand_joints,mean_squared_jerk_gt,-1,0.00010643349378369749
R1b_handsin,bottle_cupnoodles_shelf,0,right_hand_joints,jerk_ratio_pred_over_gt,-1,41.8292213866619
R1b_handsin,bottle_cupnoodles_shelf,0,right_hand_joints,chunk_boundary_discontinuity,-1,0.025359826162457466
R1b_handsin,bottle_cupnoodles_shelf,0,right_hand_joints,mse_proprio_ablated,-1,0.03805624321103096
R1b_handsin,bottle_cupnoodles_shelf,0,right_hand_joints,proprio_leakage_gap,-1,6.938353180885315e-05
R1b_handsin,bottle_cupnoodles_shelf,0,right_hand_joints,mse_at_horizon_idx,0,0.04434279352426529
R1b_handsin,bottle_cupnoodles_shelf,0,right_hand_joints,mse_at_horizon_idx,1,0.04467408359050751
R1b_handsin,bottle_cupnoodles_shelf,0,right_hand_joints,mse_at_horizon_idx,2,0.044549066573381424
R1b_handsin,bottle_cupnoodles_shelf,0,right_hand_joints,mse_at_horizon_idx,3,0.04438183084130287
R1b_handsin,bottle_cupnoodles_shelf,0,right_hand_joints,mse_at_horizon_idx,4,0.04441044479608536
R1b_handsin,bottle_cupnoodles_shelf,0,right_hand_joints,mse_at_horizon_idx,5,0.0442967526614666
R1b_handsin,bottle_cupnoodles_shelf,0,right_hand_joints,mse_at_horizon_idx,6,0.044077660888433456
R1b_handsin,bottle_cupnoodles_shelf,0,right_hand_joints,mse_at_horizon_idx,7,0.04424871876835823
R1b_handsin,bottle_cupnoodles_shelf,0,right_hand_joints,mse_at_horizon_idx,8,0.044151127338409424
R1b_handsin,bottle_cupnoodles_shelf,0,right_hand_joints,mse_at_horizon_idx,9,0.04389343783259392
R1b_handsin,bottle_cupnoodles_shelf,0,right_hand_joints,mse_at_horizon_idx,10,0.0433632992208004
R1b_handsin,bottle_cupnoodles_shelf,0,right_hand_joints,mse_at_horizon_idx,11,0.042828164994716644
R1b_handsin,bottle_cupnoodles_shelf,0,right_hand_joints,mse_at_horizon_idx,12,0.04210878908634186
R1b_handsin,bottle_cupnoodles_shelf,0,right_hand_joints,mse_at_horizon_idx,13,0.041949618607759476
R1b_handsin,bottle_cupnoodles_shelf,0,right_hand_joints,mse_at_horizon_idx,14,0.041195351630449295
R1b_handsin,bottle_cupnoodles_shelf,0,right_hand_joints,mse_at_horizon_idx,15,0.04136943072080612
R1b_handsin,bottle_cupnoodles_shelf,0,right_hand_joints,mse_at_horizon_idx,16,0.04065551236271858
R1b_handsin,bottle_cupnoodles_shelf,0,right_hand_joints,mse_at_horizon_idx,17,0.039808399975299835
R1b_handsin,bottle_cupnoodles_shelf,0,right_hand_joints,mse_at_horizon_idx,18,0.038844119757413864
R1b_handsin,bottle_cupnoodles_shelf,0,right_hand_joints,mse_at_horizon_idx,19,0.038052551448345184
R1b_handsin,bottle_cupnoodles_shelf,0,right_hand_joints,mse_at_horizon_idx,20,0.03684581443667412
R1b_handsin,bottle_cupnoodles_shelf,0,right_hand_joints,mse_at_horizon_idx,21,0.03553863242268562
R1b_handsin,bottle_cupnoodles_shelf,0,right_hand_joints,mse_at_horizon_idx,22,0.03441154584288597
R1b_handsin,bottle_cupnoodles_shelf,0,right_hand_joints,mse_at_horizon_idx,23,0.03410644456744194
R1b_handsin,bottle_cupnoodles_shelf,0,right_hand_joints,mse_at_horizon_idx,24,0.03369569778442383
R1b_handsin,bottle_cupnoodles_shelf,0,right_hand_joints,mse_at_horizon_idx,25,0.03354667127132416
R1b_handsin,bottle_cupnoodles_shelf,0,right_hand_joints,mse_at_horizon_idx,26,0.03330240026116371
R1b_handsin,bottle_cupnoodles_shelf,0,right_hand_joints,mse_at_horizon_idx,27,0.03296439349651337
R1b_handsin,bottle_cupnoodles_shelf,0,right_hand_joints,mse_at_horizon_idx,28,0.032700106501579285
R1b_handsin,bottle_cupnoodles_shelf,0,right_hand_joints,mse_at_horizon_idx,29,0.03326420858502388
R1b_handsin,bottle_cupnoodles_shelf,0,right_hand_joints,mse_at_horizon_idx,30,0.033067092299461365
R1b_handsin,bottle_cupnoodles_shelf,0,right_hand_joints,mse_at_horizon_idx,31,0.03306213393807411
R1b_handsin,bottle_cupnoodles_shelf,0,right_hand_joints,mse_at_horizon_idx,32,0.03321784362196922
R1b_handsin,bottle_cupnoodles_shelf,0,right_hand_joints,mse_at_horizon_idx,33,0.033357150852680206
R1b_handsin,bottle_cupnoodles_shelf,0,right_hand_joints,mse_at_horizon_idx,34,0.032891806215047836
R1b_handsin,bottle_cupnoodles_shelf,0,right_hand_joints,mse_at_horizon_idx,35,0.03251826763153076
R1b_handsin,bottle_cupnoodles_shelf,0,right_hand_joints,mse_at_horizon_idx,36,0.03213547170162201
R1b_handsin,bottle_cupnoodles_shelf,0,right_hand_joints,mse_at_horizon_idx,37,0.031922440975904465
R1b_handsin,bottle_cupnoodles_shelf,0,right_hand_joints,mse_at_horizon_idx,38,0.03150945529341698
R1b_handsin,bottle_cupnoodles_shelf,0,right_hand_joints,mse_at_horizon_idx,39,0.031055714935064316
R1b_handsin,bottle_cupnoodles_shelf,0,right_hand_joints,grasp_precision,-1,0.3333333333333333
R1b_handsin,bottle_cupnoodles_shelf,0,right_hand_joints,grasp_recall,-1,0.2
R1b_handsin,bottle_cupnoodles_shelf,0,right_hand_joints,grasp_f1,-1,0.25
R1b_handsin,bottle_cupnoodles_shelf,0,right_hand_joints,grasp_n_gt_events,-1,5.0
R1b_handsin,bottle_cupnoodles_shelf,0,right_hand_joints,grasp_n_pred_events,-1,3.0
R1b_handsin,bottle_cupnoodles_shelf,0,right_hand_joints,grasp_onset_timing_error_signed_steps,-1,0.0
R1b_handsin,bottle_cupnoodles_shelf,0,right_hand_joints,grasp_spurious_transitions,-1,2.0
R1b_handsin,bottle_cupnoodles_shelf,0,all,mse,-1,0.011531136929988861
R1b_handsin,bottle_cupnoodles_shelf,0,all,mae,-1,0.07160467654466629
R1b_handsin,bottle_cupnoodles_shelf,0,all,normalized_mse,-1,1.5401657819747925
R1b_handsin,bottle_cupnoodles_shelf,0,all,final_position_error,-1,0.4982217252254486
R1b_handsin,bottle_cupnoodles_shelf,0,all,mean_squared_jerk_pred,-1,0.0016708039911463857
R1b_handsin,bottle_cupnoodles_shelf,0,all,mean_squared_jerk_gt,-1,0.0010129647562280297
R1b_handsin,bottle_cupnoodles_shelf,0,all,jerk_ratio_pred_over_gt,-1,1.649419667242864
R1b_handsin,bottle_cupnoodles_shelf,0,all,chunk_boundary_discontinuity,-1,0.008813481777906418
R1b_handsin,bottle_cupnoodles_shelf,0,all,mse_proprio_ablated,-1,0.010976946912705898
R1b_handsin,bottle_cupnoodles_shelf,0,all,proprio_leakage_gap,-1,-0.0005541900172829628
R1b_handsin,bottle_cupnoodles_shelf,0,all,mse_at_horizon_idx,0,0.008735502138733864
R1b_handsin,bottle_cupnoodles_shelf,0,all,mse_at_horizon_idx,1,0.008769460953772068
R1b_handsin,bottle_cupnoodles_shelf,0,all,mse_at_horizon_idx,2,0.008860202506184578
R1b_handsin,bottle_cupnoodles_shelf,0,all,mse_at_horizon_idx,3,0.00897431094199419
R1b_handsin,bottle_cupnoodles_shelf,0,all,mse_at_horizon_idx,4,0.009151719510555267
R1b_handsin,bottle_cupnoodles_shelf,0,all,mse_at_horizon_idx,5,0.0093213627114892
R1b_handsin,bottle_cupnoodles_shelf,0,all,mse_at_horizon_idx,6,0.009506743401288986
R1b_handsin,bottle_cupnoodles_shelf,0,all,mse_at_horizon_idx,7,0.009697730652987957
R1b_handsin,bottle_cupnoodles_shelf,0,all,mse_at_horizon_idx,8,0.009863659739494324
R1b_handsin,bottle_cupnoodles_shelf,0,all,mse_at_horizon_idx,9,0.01001314539462328
R1b_handsin,bottle_cupnoodles_shelf,0,all,mse_at_horizon_idx,10,0.010210555046796799
R1b_handsin,bottle_cupnoodles_shelf,0,all,mse_at_horizon_idx,11,0.010309578850865364
R1b_handsin,bottle_cupnoodles_shelf,0,all,mse_at_horizon_idx,12,0.010440192185342312
R1b_handsin,bottle_cupnoodles_shelf,0,all,mse_at_horizon_idx,13,0.010655859485268593
R1b_handsin,bottle_cupnoodles_shelf,0,all,mse_at_horizon_idx,14,0.01085914671421051
R1b_handsin,bottle_cupnoodles_shelf,0,all,mse_at_horizon_idx,15,0.011138206347823143
R1b_handsin,bottle_cupnoodles_shelf,0,all,mse_at_horizon_idx,16,0.011340978555381298
R1b_handsin,bottle_cupnoodles_shelf,0,all,mse_at_horizon_idx,17,0.011465530842542648
R1b_handsin,bottle_cupnoodles_shelf,0,all,mse_at_horizon_idx,18,0.011557900346815586
R1b_handsin,bottle_cupnoodles_shelf,0,all,mse_at_horizon_idx,19,0.011728670448064804
R1b_handsin,bottle_cupnoodles_shelf,0,all,mse_at_horizon_idx,20,0.011774265207350254
R1b_handsin,bottle_cupnoodles_shelf,0,all,mse_at_horizon_idx,21,0.01191034447401762
R1b_handsin,bottle_cupnoodles_shelf,0,all,mse_at_horizon_idx,22,0.012003532610833645
R1b_handsin,bottle_cupnoodles_shelf,0,all,mse_at_horizon_idx,23,0.012209244072437286
R1b_handsin,bottle_cupnoodles_shelf,0,all,mse_at_horizon_idx,24,0.012436693534255028
R1b_handsin,bottle_cupnoodles_shelf,0,all,mse_at_horizon_idx,25,0.012612909078598022
R1b_handsin,bottle_cupnoodles_shelf,0,all,mse_at_horizon_idx,26,0.012770409695804119
R1b_handsin,bottle_cupnoodles_shelf,0,all,mse_at_horizon_idx,27,0.012902287766337395
R1b_handsin,bottle_cupnoodles_shelf,0,all,mse_at_horizon_idx,28,0.013014277443289757
R1b_handsin,bottle_cupnoodles_shelf,0,all,mse_at_horizon_idx,29,0.013125164434313774
R1b_handsin,bottle_cupnoodles_shelf,0,all,mse_at_horizon_idx,30,0.013219400309026241
R1b_handsin,bottle_cupnoodles_shelf,0,all,mse_at_horizon_idx,31,0.01325810607522726
R1b_handsin,bottle_cupnoodles_shelf,0,all,mse_at_horizon_idx,32,0.013386204838752747
R1b_handsin,bottle_cupnoodles_shelf,0,all,mse_at_horizon_idx,33,0.013492121361196041
R1b_handsin,bottle_cupnoodles_shelf,0,all,mse_at_horizon_idx,34,0.013585831969976425
R1b_handsin,bottle_cupnoodles_shelf,0,all,mse_at_horizon_idx,35,0.013635700568556786
R1b_handsin,bottle_cupnoodles_shelf,0,all,mse_at_horizon_idx,36,0.013516964390873909
R1b_handsin,bottle_cupnoodles_shelf,0,all,mse_at_horizon_idx,37,0.013454371131956577
R1b_handsin,bottle_cupnoodles_shelf,0,all,mse_at_horizon_idx,38,0.013384101912379265
R1b_handsin,bottle_cupnoodles_shelf,0,all,mse_at_horizon_idx,39,0.013331242837011814
R1b_handsin,cup_wipe_sponge_dryingrack,2,motion_token,mse,-1,0.0025512108113616705
R1b_handsin,cup_wipe_sponge_dryingrack,2,motion_token,mae,-1,0.037648968398571014
R1b_handsin,cup_wipe_sponge_dryingrack,2,motion_token,normalized_mse,-1,0.7343229055404663
R1b_handsin,cup_wipe_sponge_dryingrack,2,motion_token,final_position_error,-1,0.31521880626678467
R1b_handsin,cup_wipe_sponge_dryingrack,2,motion_token,mean_squared_jerk_pred,-1,0.0005122554721310735
R1b_handsin,cup_wipe_sponge_dryingrack,2,motion_token,mean_squared_jerk_gt,-1,0.0009948730003088713
R1b_handsin,cup_wipe_sponge_dryingrack,2,motion_token,jerk_ratio_pred_over_gt,-1,0.5148953403821765
R1b_handsin,cup_wipe_sponge_dryingrack,2,motion_token,chunk_boundary_discontinuity,-1,0.0022040940821170807
R1b_handsin,cup_wipe_sponge_dryingrack,2,motion_token,on_grid_fraction,-1,0.05023831488314883
R1b_handsin,cup_wipe_sponge_dryingrack,2,motion_token,mse_proprio_ablated,-1,0.0026809624396264553
R1b_handsin,cup_wipe_sponge_dryingrack,2,motion_token,proprio_leakage_gap,-1,0.0001297516282647848
R1b_handsin,cup_wipe_sponge_dryingrack,2,motion_token,mse_at_horizon_idx,0,0.0014300229959189892
R1b_handsin,cup_wipe_sponge_dryingrack,2,motion_token,mse_at_horizon_idx,1,0.0014641305897384882
R1b_handsin,cup_wipe_sponge_dryingrack,2,motion_token,mse_at_horizon_idx,2,0.0014469558373093605
R1b_handsin,cup_wipe_sponge_dryingrack,2,motion_token,mse_at_horizon_idx,3,0.0014869424048811197
R1b_handsin,cup_wipe_sponge_dryingrack,2,motion_token,mse_at_horizon_idx,4,0.00152642372995615
R1b_handsin,cup_wipe_sponge_dryingrack,2,motion_token,mse_at_horizon_idx,5,0.0016188932349905372
R1b_handsin,cup_wipe_sponge_dryingrack,2,motion_token,mse_at_horizon_idx,6,0.001763265929184854
R1b_handsin,cup_wipe_sponge_dryingrack,2,motion_token,mse_at_horizon_idx,7,0.0019394007977098227
R1b_handsin,cup_wipe_sponge_dryingrack,2,motion_token,mse_at_horizon_idx,8,0.002078730147331953
R1b_handsin,cup_wipe_sponge_dryingrack,2,motion_token,mse_at_horizon_idx,9,0.002272416837513447
R1b_handsin,cup_wipe_sponge_dryingrack,2,motion_token,mse_at_horizon_idx,10,0.0025412049144506454
R1b_handsin,cup_wipe_sponge_dryingrack,2,motion_token,mse_at_horizon_idx,11,0.0026656645350158215
R1b_handsin,cup_wipe_sponge_dryingrack,2,motion_token,mse_at_horizon_idx,12,0.002768408739939332
R1b_handsin,cup_wipe_sponge_dryingrack,2,motion_token,mse_at_horizon_idx,13,0.003032163018360734
R1b_handsin,cup_wipe_sponge_dryingrack,2,motion_token,mse_at_horizon_idx,14,0.0032045734114944935
R1b_handsin,cup_wipe_sponge_dryingrack,2,motion_token,mse_at_horizon_idx,15,0.0031918655149638653
R1b_handsin,cup_wipe_sponge_dryingrack,2,motion_token,mse_at_horizon_idx,16,0.0032793309073895216
R1b_handsin,cup_wipe_sponge_dryingrack,2,motion_token,mse_at_horizon_idx,17,0.003303243312984705
R1b_handsin,cup_wipe_sponge_dryingrack,2,motion_token,mse_at_horizon_idx,18,0.003268372267484665
R1b_handsin,cup_wipe_sponge_dryingrack,2,motion_token,mse_at_horizon_idx,19,0.003145360853523016
R1b_handsin,cup_wipe_sponge_dryingrack,2,motion_token,mse_at_horizon_idx,20,0.0030924396123737097
R1b_handsin,cup_wipe_sponge_dryingrack,2,motion_token,mse_at_horizon_idx,21,0.0030237743631005287
R1b_handsin,cup_wipe_sponge_dryingrack,2,motion_token,mse_at_horizon_idx,22,0.002846120623871684
R1b_handsin,cup_wipe_sponge_dryingrack,2,motion_token,mse_at_horizon_idx,23,0.002828143537044525
R1b_handsin,cup_wipe_sponge_dryingrack,2,motion_token,mse_at_horizon_idx,24,0.0027871609199792147
R1b_handsin,cup_wipe_sponge_dryingrack,2,motion_token,mse_at_horizon_idx,25,0.002699479693546891
R1b_handsin,cup_wipe_sponge_dryingrack,2,motion_token,mse_at_horizon_idx,26,0.0026212898083031178
R1b_handsin,cup_wipe_sponge_dryingrack,2,motion_token,mse_at_horizon_idx,27,0.0026383772492408752
R1b_handsin,cup_wipe_sponge_dryingrack,2,motion_token,mse_at_horizon_idx,28,0.002600061008706689
R1b_handsin,cup_wipe_sponge_dryingrack,2,motion_token,mse_at_horizon_idx,29,0.0026157847605645657
R1b_handsin,cup_wipe_sponge_dryingrack,2,motion_token,mse_at_horizon_idx,30,0.002559952437877655
R1b_handsin,cup_wipe_sponge_dryingrack,2,motion_token,mse_at_horizon_idx,31,0.002582910470664501
R1b_handsin,cup_wipe_sponge_dryingrack,2,motion_token,mse_at_horizon_idx,32,0.002624200191348791
R1b_handsin,cup_wipe_sponge_dryingrack,2,motion_token,mse_at_horizon_idx,33,0.0026739132590591908
R1b_handsin,cup_wipe_sponge_dryingrack,2,motion_token,mse_at_horizon_idx,34,0.002706982893869281
R1b_handsin,cup_wipe_sponge_dryingrack,2,motion_token,mse_at_horizon_idx,35,0.0027812651824206114
R1b_handsin,cup_wipe_sponge_dryingrack,2,motion_token,mse_at_horizon_idx,36,0.0028223239351063967
R1b_handsin,cup_wipe_sponge_dryingrack,2,motion_token,mse_at_horizon_idx,37,0.002824760740622878
R1b_handsin,cup_wipe_sponge_dryingrack,2,motion_token,mse_at_horizon_idx,38,0.002824964467436075
R1b_handsin,cup_wipe_sponge_dryingrack,2,motion_token,mse_at_horizon_idx,39,0.0028753201477229595
R1b_handsin,cup_wipe_sponge_dryingrack,2,left_hand_joints,mse,-1,0.005155771039426327
R1b_handsin,cup_wipe_sponge_dryingrack,2,left_hand_joints,mae,-1,0.00802792701870203
R1b_handsin,cup_wipe_sponge_dryingrack,2,left_hand_joints,normalized_mse,-1,0.1596059948205948
R1b_handsin,cup_wipe_sponge_dryingrack,2,left_hand_joints,final_position_error,-1,0.009765625
R1b_handsin,cup_wipe_sponge_dryingrack,2,left_hand_joints,mean_squared_jerk_pred,-1,0.001453756121918559
R1b_handsin,cup_wipe_sponge_dryingrack,2,left_hand_joints,mean_squared_jerk_gt,-1,4.345681008999236e-05
R1b_handsin,cup_wipe_sponge_dryingrack,2,left_hand_joints,jerk_ratio_pred_over_gt,-1,33.45289538988375
R1b_handsin,cup_wipe_sponge_dryingrack,2,left_hand_joints,chunk_boundary_discontinuity,-1,0.00939598772674799
R1b_handsin,cup_wipe_sponge_dryingrack,2,left_hand_joints,mse_proprio_ablated,-1,0.005375455599278212
R1b_handsin,cup_wipe_sponge_dryingrack,2,left_hand_joints,proprio_leakage_gap,-1,0.00021968455985188484
R1b_handsin,cup_wipe_sponge_dryingrack,2,left_hand_joints,mse_at_horizon_idx,0,0.0029650989454239607
R1b_handsin,cup_wipe_sponge_dryingrack,2,left_hand_joints,mse_at_horizon_idx,1,0.003211189992725849
R1b_handsin,cup_wipe_sponge_dryingrack,2,left_hand_joints,mse_at_horizon_idx,2,0.0033074740786105394
R1b_handsin,cup_wipe_sponge_dryingrack,2,left_hand_joints,mse_at_horizon_idx,3,0.003362764837220311
R1b_handsin,cup_wipe_sponge_dryingrack,2,left_hand_joints,mse_at_horizon_idx,4,0.003279508324339986
R1b_handsin,cup_wipe_sponge_dryingrack,2,left_hand_joints,mse_at_horizon_idx,5,0.003234405303373933
R1b_handsin,cup_wipe_sponge_dryingrack,2,left_hand_joints,mse_at_horizon_idx,6,0.0033932547084987164
R1b_handsin,cup_wipe_sponge_dryingrack,2,left_hand_joints,mse_at_horizon_idx,7,0.0031845581252127886
R1b_handsin,cup_wipe_sponge_dryingrack,2,left_hand_joints,mse_at_horizon_idx,8,0.0034717211965471506
R1b_handsin,cup_wipe_sponge_dryingrack,2,left_hand_joints,mse_at_horizon_idx,9,0.0037663537077605724
R1b_handsin,cup_wipe_sponge_dryingrack,2,left_hand_joints,mse_at_horizon_idx,10,0.003877369686961174
R1b_handsin,cup_wipe_sponge_dryingrack,2,left_hand_joints,mse_at_horizon_idx,11,0.003871224820613861
R1b_handsin,cup_wipe_sponge_dryingrack,2,left_hand_joints,mse_at_horizon_idx,12,0.003949161618947983
R1b_handsin,cup_wipe_sponge_dryingrack,2,left_hand_joints,mse_at_horizon_idx,13,0.004150368273258209
R1b_handsin,cup_wipe_sponge_dryingrack,2,left_hand_joints,mse_at_horizon_idx,14,0.00403248704969883
R1b_handsin,cup_wipe_sponge_dryingrack,2,left_hand_joints,mse_at_horizon_idx,15,0.004000553395599127
R1b_handsin,cup_wipe_sponge_dryingrack,2,left_hand_joints,mse_at_horizon_idx,16,0.0039817532524466515
R1b_handsin,cup_wipe_sponge_dryingrack,2,left_hand_joints,mse_at_horizon_idx,17,0.004086004104465246
R1b_handsin,cup_wipe_sponge_dryingrack,2,left_hand_joints,mse_at_horizon_idx,18,0.004106821026653051
R1b_handsin,cup_wipe_sponge_dryingrack,2,left_hand_joints,mse_at_horizon_idx,19,0.0043712882325053215
R1b_handsin,cup_wipe_sponge_dryingrack,2,left_hand_joints,mse_at_horizon_idx,20,0.0044726235792040825
R1b_handsin,cup_wipe_sponge_dryingrack,2,left_hand_joints,mse_at_horizon_idx,21,0.004592950455844402
R1b_handsin,cup_wipe_sponge_dryingrack,2,left_hand_joints,mse_at_horizon_idx,22,0.004702295176684856
R1b_handsin,cup_wipe_sponge_dryingrack,2,left_hand_joints,mse_at_horizon_idx,23,0.0047325133346021175
R1b_handsin,cup_wipe_sponge_dryingrack,2,left_hand_joints,mse_at_horizon_idx,24,0.005174555350095034
R1b_handsin,cup_wipe_sponge_dryingrack,2,left_hand_joints,mse_at_horizon_idx,25,0.00550989480689168
R1b_handsin,cup_wipe_sponge_dryingrack,2,left_hand_joints,mse_at_horizon_idx,26,0.005848264321684837
R1b_handsin,cup_wipe_sponge_dryingrack,2,left_hand_joints,mse_at_horizon_idx,27,0.006385504268109798
R1b_handsin,cup_wipe_sponge_dryingrack,2,left_hand_joints,mse_at_horizon_idx,28,0.0069545479491353035
R1b_handsin,cup_wipe_sponge_dryingrack,2,left_hand_joints,mse_at_horizon_idx,29,0.007302968297153711
R1b_handsin,cup_wipe_sponge_dryingrack,2,left_hand_joints,mse_at_horizon_idx,30,0.007499236613512039
R1b_handsin,cup_wipe_sponge_dryingrack,2,left_hand_joints,mse_at_horizon_idx,31,0.007575036026537418
R1b_handsin,cup_wipe_sponge_dryingrack,2,left_hand_joints,mse_at_horizon_idx,32,0.0079743517562747
R1b_handsin,cup_wipe_sponge_dryingrack,2,left_hand_joints,mse_at_horizon_idx,33,0.008029822260141373
R1b_handsin,cup_wipe_sponge_dryingrack,2,left_hand_joints,mse_at_horizon_idx,34,0.008076274767518044
R1b_handsin,cup_wipe_sponge_dryingrack,2,left_hand_joints,mse_at_horizon_idx,35,0.008682387880980968
R1b_handsin,cup_wipe_sponge_dryingrack,2,left_hand_joints,mse_at_horizon_idx,36,0.008190128952264786
R1b_handsin,cup_wipe_sponge_dryingrack,2,left_hand_joints,mse_at_horizon_idx,37,0.007830672897398472
R1b_handsin,cup_wipe_sponge_dryingrack,2,left_hand_joints,mse_at_horizon_idx,38,0.007298118434846401
R1b_handsin,cup_wipe_sponge_dryingrack,2,left_hand_joints,mse_at_horizon_idx,39,0.006902857217937708
R1b_handsin,cup_wipe_sponge_dryingrack,2,left_hand_joints,grasp_precision,-1,0.3333333333333333
R1b_handsin,cup_wipe_sponge_dryingrack,2,left_hand_joints,grasp_recall,-1,0.3333333333333333
R1b_handsin,cup_wipe_sponge_dryingrack,2,left_hand_joints,grasp_f1,-1,0.3333333333333333
R1b_handsin,cup_wipe_sponge_dryingrack,2,left_hand_joints,grasp_n_gt_events,-1,3.0
R1b_handsin,cup_wipe_sponge_dryingrack,2,left_hand_joints,grasp_n_pred_events,-1,3.0
R1b_handsin,cup_wipe_sponge_dryingrack,2,left_hand_joints,grasp_onset_timing_error_signed_steps,-1,-1.0
R1b_handsin,cup_wipe_sponge_dryingrack,2,left_hand_joints,grasp_spurious_transitions,-1,2.0
R1b_handsin,cup_wipe_sponge_dryingrack,2,right_hand_joints,mse,-1,0.0003162463544867933
R1b_handsin,cup_wipe_sponge_dryingrack,2,right_hand_joints,mae,-1,0.002331542083993554
R1b_handsin,cup_wipe_sponge_dryingrack,2,right_hand_joints,normalized_mse,-1,0.009497133083641529
R1b_handsin,cup_wipe_sponge_dryingrack,2,right_hand_joints,final_position_error,-1,0.0
R1b_handsin,cup_wipe_sponge_dryingrack,2,right_hand_joints,mean_squared_jerk_pred,-1,0.00012526760110631585
R1b_handsin,cup_wipe_sponge_dryingrack,2,right_hand_joints,mean_squared_jerk_gt,-1,4.957460623700172e-05
R1b_handsin,cup_wipe_sponge_dryingrack,2,right_hand_joints,jerk_ratio_pred_over_gt,-1,2.526850147986008
R1b_handsin,cup_wipe_sponge_dryingrack,2,right_hand_joints,chunk_boundary_discontinuity,-1,0.00043125153752043843
R1b_handsin,cup_wipe_sponge_dryingrack,2,right_hand_joints,mse_proprio_ablated,-1,0.00018647921388037503
R1b_handsin,cup_wipe_sponge_dryingrack,2,right_hand_joints,proprio_leakage_gap,-1,-0.00012976714060641825
R1b_handsin,cup_wipe_sponge_dryingrack,2,right_hand_joints,mse_at_horizon_idx,0,0.00014285201905295253
R1b_handsin,cup_wipe_sponge_dryingrack,2,right_hand_joints,mse_at_horizon_idx,1,0.00016132320160977542
R1b_handsin,cup_wipe_sponge_dryingrack,2,right_hand_joints,mse_at_horizon_idx,2,0.00013683835277333856
R1b_handsin,cup_wipe_sponge_dryingrack,2,right_hand_joints,mse_at_horizon_idx,3,5.2342013077577576e-05
R1b_handsin,cup_wipe_sponge_dryingrack,2,right_hand_joints,mse_at_horizon_idx,4,0.00012869879719801247
R1b_handsin,cup_wipe_sponge_dryingrack,2,right_hand_joints,mse_at_horizon_idx,5,0.00020414523896761239
R1b_handsin,cup_wipe_sponge_dryingrack,2,right_hand_joints,mse_at_horizon_idx,6,0.00035044740070588887
R1b_handsin,cup_wipe_sponge_dryingrack,2,right_hand_joints,mse_at_horizon_idx,7,0.0005170785007067025
R1b_handsin,cup_wipe_sponge_dryingrack,2,right_hand_joints,mse_at_horizon_idx,8,0.0007241683779284358
R1b_handsin,cup_wipe_sponge_dryingrack,2,right_hand_joints,mse_at_horizon_idx,9,0.0004873403813689947
R1b_handsin,cup_wipe_sponge_dryingrack,2,right_hand_joints,mse_at_horizon_idx,10,0.0005839847726747394
R1b_handsin,cup_wipe_sponge_dryingrack,2,right_hand_joints,mse_at_horizon_idx,11,0.0005773816374130547
R1b_handsin,cup_wipe_sponge_dryingrack,2,right_hand_joints,mse_at_horizon_idx,12,0.0005151232471689582
R1b_handsin,cup_wipe_sponge_dryingrack,2,right_hand_joints,mse_at_horizon_idx,13,0.00042532439692877233
R1b_handsin,cup_wipe_sponge_dryingrack,2,right_hand_joints,mse_at_horizon_idx,14,0.0005008234875276685
R1b_handsin,cup_wipe_sponge_dryingrack,2,right_hand_joints,mse_at_horizon_idx,15,0.000453754240879789
R1b_handsin,cup_wipe_sponge_dryingrack,2,right_hand_joints,mse_at_horizon_idx,16,0.00042946659959852695
R1b_handsin,cup_wipe_sponge_dryingrack,2,right_hand_joints,mse_at_horizon_idx,17,0.0004945248947478831
R1b_handsin,cup_wipe_sponge_dryingrack,2,right_hand_joints,mse_at_horizon_idx,18,0.0004109052533749491
R1b_handsin,cup_wipe_sponge_dryingrack,2,right_hand_joints,mse_at_horizon_idx,19,0.0003464484470896423
R1b_handsin,cup_wipe_sponge_dryingrack,2,right_hand_joints,mse_at_horizon_idx,20,0.0004939583595842123
R1b_handsin,cup_wipe_sponge_dryingrack,2,right_hand_joints,mse_at_horizon_idx,21,0.0005259864265099168
R1b_handsin,cup_wipe_sponge_dryingrack,2,right_hand_joints,mse_at_horizon_idx,22,0.0002904428693000227
R1b_handsin,cup_wipe_sponge_dryingrack,2,right_hand_joints,mse_at_horizon_idx,23,0.0003428233612794429
R1b_handsin,cup_wipe_sponge_dryingrack,2,right_hand_joints,mse_at_horizon_idx,24,0.00015415427333209664
R1b_handsin,cup_wipe_sponge_dryingrack,2,right_hand_joints,mse_at_horizon_idx,25,7.312964589800686e-05
R1b_handsin,cup_wipe_sponge_dryingrack,2,right_hand_joints,mse_at_horizon_idx,26,2.4923803721321747e-05
R1b_handsin,cup_wipe_sponge_dryingrack,2,right_hand_joints,mse_at_horizon_idx,27,5.667550340149319e-06
R1b_handsin,cup_wipe_sponge_dryingrack,2,right_hand_joints,mse_at_horizon_idx,28,9.182520443573594e-06
R1b_handsin,cup_wipe_sponge_dryingrack,2,right_hand_joints,mse_at_horizon_idx,29,6.593976195290452e-06
R1b_handsin,cup_wipe_sponge_dryingrack,2,right_hand_joints,mse_at_horizon_idx,30,1.114436690841103e-05
R1b_handsin,cup_wipe_sponge_dryingrack,2,right_hand_joints,mse_at_horizon_idx,31,1.2969971976417582e-05
R1b_handsin,cup_wipe_sponge_dryingrack,2,right_hand_joints,mse_at_horizon_idx,32,3.1544124794891104e-05
R1b_handsin,cup_wipe_sponge_dryingrack,2,right_hand_joints,mse_at_horizon_idx,33,2.8660408133873716e-05
R1b_handsin,cup_wipe_sponge_dryingrack,2,right_hand_joints,mse_at_horizon_idx,34,4.43171666120179e-05
R1b_handsin,cup_wipe_sponge_dryingrack,2,right_hand_joints,mse_at_horizon_idx,35,0.00017229515651706606
R1b_handsin,cup_wipe_sponge_dryingrack,2,right_hand_joints,mse_at_horizon_idx,36,0.00039132553501985967
R1b_handsin,cup_wipe_sponge_dryingrack,2,right_hand_joints,mse_at_horizon_idx,37,0.0005138095002621412
R1b_handsin,cup_wipe_sponge_dryingrack,2,right_hand_joints,mse_at_horizon_idx,38,0.000858550425618887
R1b_handsin,cup_wipe_sponge_dryingrack,2,right_hand_joints,mse_at_horizon_idx,39,0.0009918769355863333
R1b_handsin,cup_wipe_sponge_dryingrack,2,right_hand_joints,grasp_precision,-1,1.0
R1b_handsin,cup_wipe_sponge_dryingrack,2,right_hand_joints,grasp_recall,-1,1.0
R1b_handsin,cup_wipe_sponge_dryingrack,2,right_hand_joints,grasp_f1,-1,1.0
R1b_handsin,cup_wipe_sponge_dryingrack,2,right_hand_joints,grasp_n_gt_events,-1,3.0
R1b_handsin,cup_wipe_sponge_dryingrack,2,right_hand_joints,grasp_n_pred_events,-1,3.0
R1b_handsin,cup_wipe_sponge_dryingrack,2,right_hand_joints,grasp_onset_timing_error_signed_steps,-1,2.3333333333333335
R1b_handsin,cup_wipe_sponge_dryingrack,2,right_hand_joints,grasp_spurious_transitions,-1,0.0
R1b_handsin,cup_wipe_sponge_dryingrack,2,all,mse,-1,0.0025843793991953135
R1b_handsin,cup_wipe_sponge_dryingrack,2,all,mae,-1,0.031821154057979584
R1b_handsin,cup_wipe_sponge_dryingrack,2,all,normalized_mse,-1,0.7146329283714294
R1b_handsin,cup_wipe_sponge_dryingrack,2,all,final_position_error,-1,0.31537002325057983
R1b_handsin,cup_wipe_sponge_dryingrack,2,all,mean_squared_jerk_pred,-1,0.0005620194715447724
R1b_handsin,cup_wipe_sponge_dryingrack,2,all,mean_squared_jerk_gt,-1,0.0008246550569310784
R1b_handsin,cup_wipe_sponge_dryingrack,2,all,jerk_ratio_pred_over_gt,-1,0.6815206756098797
R1b_handsin,cup_wipe_sponge_dryingrack,2,all,chunk_boundary_discontinuity,-1,0.002690419089049101
R1b_handsin,cup_wipe_sponge_dryingrack,2,all,mse_proprio_ablated,-1,0.002698912052437663
R1b_handsin,cup_wipe_sponge_dryingrack,2,all,proprio_leakage_gap,-1,0.00011453265324234962
R1b_handsin,cup_wipe_sponge_dryingrack,2,all,mse_at_horizon_idx,0,0.0014522710116580129
R1b_handsin,cup_wipe_sponge_dryingrack,2,all,mse_at_horizon_idx,1,0.0015039992285892367
R1b_handsin,cup_wipe_sponge_dryingrack,2,all,mse_at_horizon_idx,2,0.001496350858360529
R1b_handsin,cup_wipe_sponge_dryingrack,2,all,mse_at_horizon_idx,3,0.0015265392139554024
R1b_handsin,cup_wipe_sponge_dryingrack,2,all,mse_at_horizon_idx,4,0.0015583147760480642
R1b_handsin,cup_wipe_sponge_dryingrack,2,all,mse_at_horizon_idx,5,0.0016369106015190482
R1b_handsin,cup_wipe_sponge_dryingrack,2,all,mse_at_horizon_idx,6,0.0017827553674578667
R1b_handsin,cup_wipe_sponge_dryingrack,2,all,mse_at_horizon_idx,7,0.0019235017243772745
R1b_handsin,cup_wipe_sponge_dryingrack,2,all,mse_at_horizon_idx,8,0.002082179067656398
R1b_handsin,cup_wipe_sponge_dryingrack,2,all,mse_at_horizon_idx,9,0.002246288815513253
R1b_handsin,cup_wipe_sponge_dryingrack,2,all,mse_at_horizon_idx,10,0.002485469449311495
R1b_handsin,cup_wipe_sponge_dryingrack,2,all,mse_at_horizon_idx,11,0.002586446003988385
R1b_handsin,cup_wipe_sponge_dryingrack,2,all,mse_at_horizon_idx,12,0.0026721556205302477
R1b_handsin,cup_wipe_sponge_dryingrack,2,all,mse_at_horizon_idx,13,0.002898567821830511
R1b_handsin,cup_wipe_sponge_dryingrack,2,all,mse_at_horizon_idx,14,0.003036228707060218
R1b_handsin,cup_wipe_sponge_dryingrack,2,all,mse_at_horizon_idx,15,0.00301871239207685
R1b_handsin,cup_wipe_sponge_dryingrack,2,all,mse_at_horizon_idx,16,0.0030866116285324097
R1b_handsin,cup_wipe_sponge_dryingrack,2,all,mse_at_horizon_idx,17,0.003121426794677973
R1b_handsin,cup_wipe_sponge_dryingrack,2,all,mse_at_horizon_idx,18,0.003087178338319063
R1b_handsin,cup_wipe_sponge_dryingrack,2,all,mse_at_horizon_idx,19,0.003004195634275675
R1b_handsin,cup_wipe_sponge_dryingrack,2,all,mse_at_horizon_idx,20,0.0029831049032509327
R1b_handsin,cup_wipe_sponge_dryingrack,2,all,mse_at_horizon_idx,21,0.002940437290817499
R1b_handsin,cup_wipe_sponge_dryingrack,2,all,mse_at_horizon_idx,22,0.0027833448257297277
R1b_handsin,cup_wipe_sponge_dryingrack,2,all,mse_at_horizon_idx,23,0.0027760069351643324
R1b_handsin,cup_wipe_sponge_dryingrack,2,all,mse_at_horizon_idx,24,0.002765118610113859
R1b_handsin,cup_wipe_sponge_dryingrack,2,all,mse_at_horizon_idx,25,0.002715998562052846
R1b_handsin,cup_wipe_sponge_dryingrack,2,all,mse_at_horizon_idx,26,0.002677883254364133
R1b_handsin,cup_wipe_sponge_dryingrack,2,all,mse_at_horizon_idx,27,0.0027383894193917513
R1b_handsin,cup_wipe_sponge_dryingrack,2,all,mse_at_horizon_idx,28,0.0027583332266658545
R1b_handsin,cup_wipe_sponge_dryingrack,2,all,mse_at_horizon_idx,29,0.002802271395921707
R1b_handsin,cup_wipe_sponge_dryingrack,2,all,mse_at_horizon_idx,30,0.002774482127279043
R1b_handsin,cup_wipe_sponge_dryingrack,2,all,mse_at_horizon_idx,31,0.0028002855833619833
R1b_handsin,cup_wipe_sponge_dryingrack,2,all,mse_at_horizon_idx,32,0.0028716677334159613
R1b_handsin,cup_wipe_sponge_dryingrack,2,all,mse_at_horizon_idx,33,0.0029171775095164776
R1b_handsin,cup_wipe_sponge_dryingrack,2,all,mse_at_horizon_idx,34,0.0029498853255063295
R1b_handsin,cup_wipe_sponge_dryingrack,2,all,mse_at_horizon_idx,35,0.0030767149291932583
R1b_handsin,cup_wipe_sponge_dryingrack,2,all,mse_at_horizon_idx,36,0.0030858840327709913
R1b_handsin,cup_wipe_sponge_dryingrack,2,all,mse_at_horizon_idx,37,0.003066616365686059
R1b_handsin,cup_wipe_sponge_dryingrack,2,all,mse_at_horizon_idx,38,0.003049928694963455
R1b_handsin,cup_wipe_sponge_dryingrack,2,all,mse_at_horizon_idx,39,0.0030677381437271833
R1b_handsin,floor_box_table,16,motion_token,mse,-1,0.006302578374743462
R1b_handsin,floor_box_table,16,motion_token,mae,-1,0.05541772022843361
R1b_handsin,floor_box_table,16,motion_token,normalized_mse,-1,0.5943670272827148
R1b_handsin,floor_box_table,16,motion_token,final_position_error,-1,0.5683630108833313
R1b_handsin,floor_box_table,16,motion_token,mean_squared_jerk_pred,-1,0.0013710511848330498
R1b_handsin,floor_box_table,16,motion_token,mean_squared_jerk_gt,-1,0.001409223536029458
R1b_handsin,floor_box_table,16,motion_token,jerk_ratio_pred_over_gt,-1,0.9729124938517842
R1b_handsin,floor_box_table,16,motion_token,chunk_boundary_discontinuity,-1,0.008225958794355392
R1b_handsin,floor_box_table,16,motion_token,on_grid_fraction,-1,0.0705171943231441
R1b_handsin,floor_box_table,16,motion_token,mse_proprio_ablated,-1,0.007479789666831493
R1b_handsin,floor_box_table,16,motion_token,proprio_leakage_gap,-1,0.0011772112920880318
R1b_handsin,floor_box_table,16,motion_token,mse_at_horizon_idx,0,0.003516092197969556
R1b_handsin,floor_box_table,16,motion_token,mse_at_horizon_idx,1,0.0036273666191846132
R1b_handsin,floor_box_table,16,motion_token,mse_at_horizon_idx,2,0.0036978686694055796
R1b_handsin,floor_box_table,16,motion_token,mse_at_horizon_idx,3,0.0037950784899294376
R1b_handsin,floor_box_table,16,motion_token,mse_at_horizon_idx,4,0.0038554451894015074
R1b_handsin,floor_box_table,16,motion_token,mse_at_horizon_idx,5,0.004088582471013069
R1b_handsin,floor_box_table,16,motion_token,mse_at_horizon_idx,6,0.00436034519225359
R1b_handsin,floor_box_table,16,motion_token,mse_at_horizon_idx,7,0.00447331927716732
R1b_handsin,floor_box_table,16,motion_token,mse_at_horizon_idx,8,0.00465672742575407
R1b_handsin,floor_box_table,16,motion_token,mse_at_horizon_idx,9,0.0048894453793764114
R1b_handsin,floor_box_table,16,motion_token,mse_at_horizon_idx,10,0.004985907580703497
R1b_handsin,floor_box_table,16,motion_token,mse_at_horizon_idx,11,0.005073447711765766
R1b_handsin,floor_box_table,16,motion_token,mse_at_horizon_idx,12,0.005203660111874342
R1b_handsin,floor_box_table,16,motion_token,mse_at_horizon_idx,13,0.0052916985005140305
R1b_handsin,floor_box_table,16,motion_token,mse_at_horizon_idx,14,0.0054714130237698555
R1b_handsin,floor_box_table,16,motion_token,mse_at_horizon_idx,15,0.005374199245125055
R1b_handsin,floor_box_table,16,motion_token,mse_at_horizon_idx,16,0.005687183700501919
R1b_handsin,floor_box_table,16,motion_token,mse_at_horizon_idx,17,0.005855388008058071
R1b_handsin,floor_box_table,16,motion_token,mse_at_horizon_idx,18,0.0059503004886209965
R1b_handsin,floor_box_table,16,motion_token,mse_at_horizon_idx,19,0.0060544973239302635
R1b_handsin,floor_box_table,16,motion_token,mse_at_horizon_idx,20,0.006451777182519436
R1b_handsin,floor_box_table,16,motion_token,mse_at_horizon_idx,21,0.006518577225506306
R1b_handsin,floor_box_table,16,motion_token,mse_at_horizon_idx,22,0.006648132111877203
R1b_handsin,floor_box_table,16,motion_token,mse_at_horizon_idx,23,0.0068589383736252785
R1b_handsin,floor_box_table,16,motion_token,mse_at_horizon_idx,24,0.00702093867585063
R1b_handsin,floor_box_table,16,motion_token,mse_at_horizon_idx,25,0.007292258553206921
R1b_handsin,floor_box_table,16,motion_token,mse_at_horizon_idx,26,0.00726628303527832
R1b_handsin,floor_box_table,16,motion_token,mse_at_horizon_idx,27,0.007369407918304205
R1b_handsin,floor_box_table,16,motion_token,mse_at_horizon_idx,28,0.007467291783541441
R1b_handsin,floor_box_table,16,motion_token,mse_at_horizon_idx,29,0.007586068008095026
R1b_handsin,floor_box_table,16,motion_token,mse_at_horizon_idx,30,0.007620611693710089
R1b_handsin,floor_box_table,16,motion_token,mse_at_horizon_idx,31,0.007742175366729498
R1b_handsin,floor_box_table,16,motion_token,mse_at_horizon_idx,32,0.007960846647620201
R1b_handsin,floor_box_table,16,motion_token,mse_at_horizon_idx,33,0.007974701933562756
R1b_handsin,floor_box_table,16,motion_token,mse_at_horizon_idx,34,0.00839235633611679
R1b_handsin,floor_box_table,16,motion_token,mse_at_horizon_idx,35,0.00864193495362997
R1b_handsin,floor_box_table,16,motion_token,mse_at_horizon_idx,36,0.00913346465677023
R1b_handsin,floor_box_table,16,motion_token,mse_at_horizon_idx,37,0.009322229772806168
R1b_handsin,floor_box_table,16,motion_token,mse_at_horizon_idx,38,0.009654341265559196
R1b_handsin,floor_box_table,16,motion_token,mse_at_horizon_idx,39,0.009826143272221088
R1b_handsin,floor_box_table,16,left_hand_joints,mse,-1,0.0018611839041113853
R1b_handsin,floor_box_table,16,left_hand_joints,mae,-1,0.004534302745014429
R1b_handsin,floor_box_table,16,left_hand_joints,normalized_mse,-1,0.055532440543174744
R1b_handsin,floor_box_table,16,left_hand_joints,final_position_error,-1,0.0
R1b_handsin,floor_box_table,16,left_hand_joints,mean_squared_jerk_pred,-1,0.0008836605120450258
R1b_handsin,floor_box_table,16,left_hand_joints,mean_squared_jerk_gt,-1,2.0969486286048777e-05
R1b_handsin,floor_box_table,16,left_hand_joints,jerk_ratio_pred_over_gt,-1,42.140303295504886
R1b_handsin,floor_box_table,16,left_hand_joints,chunk_boundary_discontinuity,-1,0.004998491611331701
R1b_handsin,floor_box_table,16,left_hand_joints,mse_proprio_ablated,-1,0.00221845181658864
R1b_handsin,floor_box_table,16,left_hand_joints,proprio_leakage_gap,-1,0.00035726791247725487
R1b_handsin,floor_box_table,16,left_hand_joints,mse_at_horizon_idx,0,0.004691957961767912
R1b_handsin,floor_box_table,16,left_hand_joints,mse_at_horizon_idx,1,0.005023634526878595
R1b_handsin,floor_box_table,16,left_hand_joints,mse_at_horizon_idx,2,0.004805968143045902
R1b_handsin,floor_box_table,16,left_hand_joints,mse_at_horizon_idx,3,0.004213041625916958
R1b_handsin,floor_box_table,16,left_hand_joints,mse_at_horizon_idx,4,0.003977309912443161
R1b_handsin,floor_box_table,16,left_hand_joints,mse_at_horizon_idx,5,0.003442651592195034
R1b_handsin,floor_box_table,16,left_hand_joints,mse_at_horizon_idx,6,0.0029833645094186068
R1b_handsin,floor_box_table,16,left_hand_joints,mse_at_horizon_idx,7,0.0027777485083788633
R1b_handsin,floor_box_table,16,left_hand_joints,mse_at_horizon_idx,8,0.0024156945291906595
R1b_handsin,floor_box_table,16,left_hand_joints,mse_at_horizon_idx,9,0.0023744141217321157
R1b_handsin,floor_box_table,16,left_hand_joints,mse_at_horizon_idx,10,0.0022113441955298185
R1b_handsin,floor_box_table,16,left_hand_joints,mse_at_horizon_idx,11,0.0020599409472197294
R1b_handsin,floor_box_table,16,left_hand_joints,mse_at_horizon_idx,12,0.00212986022233963
R1b_handsin,floor_box_table,16,left_hand_joints,mse_at_horizon_idx,13,0.0021235353779047728
R1b_handsin,floor_box_table,16,left_hand_joints,mse_at_horizon_idx,14,0.0020300596952438354
R1b_handsin,floor_box_table,16,left_hand_joints,mse_at_horizon_idx,15,0.0018563482444733381
R1b_handsin,floor_box_table,16,left_hand_joints,mse_at_horizon_idx,16,0.0016866264631971717
R1b_handsin,floor_box_table,16,left_hand_joints,mse_at_horizon_idx,17,0.0014499938115477562
R1b_handsin,floor_box_table,16,left_hand_joints,mse_at_horizon_idx,18,0.0013031685957685113
R1b_handsin,floor_box_table,16,left_hand_joints,mse_at_horizon_idx,19,0.0012985244393348694
R1b_handsin,floor_box_table,16,left_hand_joints,mse_at_horizon_idx,20,0.0013655577786266804
R1b_handsin,floor_box_table,16,left_hand_joints,mse_at_horizon_idx,21,0.0011069573229178786
R1b_handsin,floor_box_table,16,left_hand_joints,mse_at_horizon_idx,22,0.0010324210161343217
R1b_handsin,floor_box_table,16,left_hand_joints,mse_at_horizon_idx,23,0.0009934400441125035
R1b_handsin,floor_box_table,16,left_hand_joints,mse_at_horizon_idx,24,0.000899779493920505
R1b_handsin,floor_box_table,16,left_hand_joints,mse_at_horizon_idx,25,0.0007836110889911652
R1b_handsin,floor_box_table,16,left_hand_joints,mse_at_horizon_idx,26,0.0007945359102450311
R1b_handsin,floor_box_table,16,left_hand_joints,mse_at_horizon_idx,27,0.0007611109758727252
R1b_handsin,floor_box_table,16,left_hand_joints,mse_at_horizon_idx,28,0.0007178797968663275
R1b_handsin,floor_box_table,16,left_hand_joints,mse_at_horizon_idx,29,0.0008293497958220541
R1b_handsin,floor_box_table,16,left_hand_joints,mse_at_horizon_idx,30,0.0007899017073214054
R1b_handsin,floor_box_table,16,left_hand_joints,mse_at_horizon_idx,31,0.0007269796333275735
R1b_handsin,floor_box_table,16,left_hand_joints,mse_at_horizon_idx,32,0.000794048944953829
R1b_handsin,floor_box_table,16,left_hand_joints,mse_at_horizon_idx,33,0.0008970708004198968
R1b_handsin,floor_box_table,16,left_hand_joints,mse_at_horizon_idx,34,0.0008178457501344383
R1b_handsin,floor_box_table,16,left_hand_joints,mse_at_horizon_idx,35,0.0009467893396504223
R1b_handsin,floor_box_table,16,left_hand_joints,mse_at_horizon_idx,36,0.001120266504585743
R1b_handsin,floor_box_table,16,left_hand_joints,mse_at_horizon_idx,37,0.0011072225170210004
R1b_handsin,floor_box_table,16,left_hand_joints,mse_at_horizon_idx,38,0.0014255743008106947
R1b_handsin,floor_box_table,16,left_hand_joints,mse_at_horizon_idx,39,0.0015859241830185056
R1b_handsin,floor_box_table,16,left_hand_joints,grasp_precision,-1,0.3333333333333333
R1b_handsin,floor_box_table,16,left_hand_joints,grasp_recall,-1,0.3333333333333333
R1b_handsin,floor_box_table,16,left_hand_joints,grasp_f1,-1,0.3333333333333333
R1b_handsin,floor_box_table,16,left_hand_joints,grasp_n_gt_events,-1,3.0
R1b_handsin,floor_box_table,16,left_hand_joints,grasp_n_pred_events,-1,3.0
R1b_handsin,floor_box_table,16,left_hand_joints,grasp_onset_timing_error_signed_steps,-1,0.0
R1b_handsin,floor_box_table,16,left_hand_joints,grasp_spurious_transitions,-1,2.0
R1b_handsin,floor_box_table,16,right_hand_joints,mse,-1,0.0018941767048090696
R1b_handsin,floor_box_table,16,right_hand_joints,mae,-1,0.004280532244592905
R1b_handsin,floor_box_table,16,right_hand_joints,normalized_mse,-1,0.058331914246082306
R1b_handsin,floor_box_table,16,right_hand_joints,final_position_error,-1,0.0
R1b_handsin,floor_box_table,16,right_hand_joints,mean_squared_jerk_pred,-1,0.0013016453012824059
R1b_handsin,floor_box_table,16,right_hand_joints,mean_squared_jerk_gt,-1,2.557596963015385e-05
R1b_handsin,floor_box_table,16,right_hand_joints,jerk_ratio_pred_over_gt,-1,50.89329241882494
R1b_handsin,floor_box_table,16,right_hand_joints,chunk_boundary_discontinuity,-1,0.0077474103309214115
R1b_handsin,floor_box_table,16,right_hand_joints,mse_proprio_ablated,-1,0.0018004095181822777
R1b_handsin,floor_box_table,16,right_hand_joints,proprio_leakage_gap,-1,-9.376718662679195e-05
R1b_handsin,floor_box_table,16,right_hand_joints,mse_at_horizon_idx,0,3.120823384961113e-05
R1b_handsin,floor_box_table,16,right_hand_joints,mse_at_horizon_idx,1,6.29827263765037e-05
R1b_handsin,floor_box_table,16,right_hand_joints,mse_at_horizon_idx,2,0.00010273684893036261
R1b_handsin,floor_box_table,16,right_hand_joints,mse_at_horizon_idx,3,0.00015986310609150678
R1b_handsin,floor_box_table,16,right_hand_joints,mse_at_horizon_idx,4,0.0002100425772368908
R1b_handsin,floor_box_table,16,right_hand_joints,mse_at_horizon_idx,5,0.00015431926294695586
R1b_handsin,floor_box_table,16,right_hand_joints,mse_at_horizon_idx,6,0.00019174741464667022
R1b_handsin,floor_box_table,16,right_hand_joints,mse_at_horizon_idx,7,0.0002835268387570977
R1b_handsin,floor_box_table,16,right_hand_joints,mse_at_horizon_idx,8,0.00041281626909039915
R1b_handsin,floor_box_table,16,right_hand_joints,mse_at_horizon_idx,9,0.00048139772843569517
R1b_handsin,floor_box_table,16,right_hand_joints,mse_at_horizon_idx,10,0.0005710914847441018
R1b_handsin,floor_box_table,16,right_hand_joints,mse_at_horizon_idx,11,0.0007112176972441375
R1b_handsin,floor_box_table,16,right_hand_joints,mse_at_horizon_idx,12,0.0009128039819188416
R1b_handsin,floor_box_table,16,right_hand_joints,mse_at_horizon_idx,13,0.0010449258843436837
R1b_handsin,floor_box_table,16,right_hand_joints,mse_at_horizon_idx,14,0.0010495189344510436
R1b_handsin,floor_box_table,16,right_hand_joints,mse_at_horizon_idx,15,0.000963138067163527
R1b_handsin,floor_box_table,16,right_hand_joints,mse_at_horizon_idx,16,0.0009231193107552826
R1b_handsin,floor_box_table,16,right_hand_joints,mse_at_horizon_idx,17,0.000686931365635246
R1b_handsin,floor_box_table,16,right_hand_joints,mse_at_horizon_idx,18,0.0005611438537016511
R1b_handsin,floor_box_table,16,right_hand_joints,mse_at_horizon_idx,19,0.0005234017735347152
R1b_handsin,floor_box_table,16,right_hand_joints,mse_at_horizon_idx,20,0.0004487692494876683
R1b_handsin,floor_box_table,16,right_hand_joints,mse_at_horizon_idx,21,0.0002972327056340873
R1b_handsin,floor_box_table,16,right_hand_joints,mse_at_horizon_idx,22,0.00031982260406948626
R1b_handsin,floor_box_table,16,right_hand_joints,mse_at_horizon_idx,23,0.00026311742840334773
R1b_handsin,floor_box_table,16,right_hand_joints,mse_at_horizon_idx,24,0.0005280565237626433
R1b_handsin,floor_box_table,16,right_hand_joints,mse_at_horizon_idx,25,0.0007769413641653955
R1b_handsin,floor_box_table,16,right_hand_joints,mse_at_horizon_idx,26,0.0011150679783895612
R1b_handsin,floor_box_table,16,right_hand_joints,mse_at_horizon_idx,27,0.00139738735742867
R1b_handsin,floor_box_table,16,right_hand_joints,mse_at_horizon_idx,28,0.001858595758676529
R1b_handsin,floor_box_table,16,right_hand_joints,mse_at_horizon_idx,29,0.002358033787459135
R1b_handsin,floor_box_table,16,right_hand_joints,mse_at_horizon_idx,30,0.0029251205269247293
R1b_handsin,floor_box_table,16,right_hand_joints,mse_at_horizon_idx,31,0.0035882468800991774
R1b_handsin,floor_box_table,16,right_hand_joints,mse_at_horizon_idx,32,0.0040862224996089935
R1b_handsin,floor_box_table,16,right_hand_joints,mse_at_horizon_idx,33,0.004747098311781883
R1b_handsin,floor_box_table,16,right_hand_joints,mse_at_horizon_idx,34,0.005269989836961031
R1b_handsin,floor_box_table,16,right_hand_joints,mse_at_horizon_idx,35,0.0060108317993581295
R1b_handsin,floor_box_table,16,right_hand_joints,mse_at_horizon_idx,36,0.007052550092339516
R1b_handsin,floor_box_table,16,right_hand_joints,mse_at_horizon_idx,37,0.0074614956974983215
R1b_handsin,floor_box_table,16,right_hand_joints,mse_at_horizon_idx,38,0.008097436279058456
R1b_handsin,floor_box_table,16,right_hand_joints,mse_at_horizon_idx,39,0.008134474977850914
R1b_handsin,floor_box_table,16,right_hand_joints,grasp_precision,-1,0.6666666666666666
R1b_handsin,floor_box_table,16,right_hand_joints,grasp_recall,-1,0.6666666666666666
R1b_handsin,floor_box_table,16,right_hand_joints,grasp_f1,-1,0.6666666666666666
R1b_handsin,floor_box_table,16,right_hand_joints,grasp_n_gt_events,-1,3.0
R1b_handsin,floor_box_table,16,right_hand_joints,grasp_n_pred_events,-1,3.0
R1b_handsin,floor_box_table,16,right_hand_joints,grasp_onset_timing_error_signed_steps,-1,1.0
R1b_handsin,floor_box_table,16,right_hand_joints,grasp_spurious_transitions,-1,1.0
R1b_handsin,floor_box_table,16,all,mse,-1,0.005508366506546736
R1b_handsin,floor_box_table,16,all,mae,-1,0.046262018382549286
R1b_handsin,floor_box_table,16,all,normalized_mse,-1,0.5780810713768005
R1b_handsin,floor_box_table,16,all,final_position_error,-1,0.5683630108833313
R1b_handsin,floor_box_table,16,all,mean_squared_jerk_pred,-1,0.0013210823526605964
R1b_handsin,floor_box_table,16,all,mean_squared_jerk_gt,-1,0.0011604632018133998
R1b_handsin,floor_box_table,16,all,jerk_ratio_pred_over_gt,-1,1.1384095166449093
R1b_handsin,floor_box_table,16,all,chunk_boundary_discontinuity,-1,0.007893368601799011
R1b_handsin,floor_box_table,16,all,mse_proprio_ablated,-1,0.006497928872704506
R1b_handsin,floor_box_table,16,all,proprio_leakage_gap,-1,0.0009895623661577702
R1b_handsin,floor_box_table,16,all,mse_at_horizon_idx,0,0.003308872925117612
R1b_handsin,floor_box_table,16,all,mse_at_horizon_idx,1,0.0034327928442507982
R1b_handsin,floor_box_table,16,all,mse_at_horizon_idx,2,0.0034746741876006126
R1b_handsin,floor_box_table,16,all,mse_at_horizon_idx,3,0.0035063510295003653
R1b_handsin,floor_box_table,16,all,mse_at_horizon_idx,4,0.0035392302088439465
R1b_handsin,floor_box_table,16,all,mse_at_horizon_idx,5,0.0036775395274162292
R1b_handsin,floor_box_table,16,all,mse_at_horizon_idx,6,0.0038626650348305702
R1b_handsin,floor_box_table,16,all,mse_at_horizon_idx,7,0.003945145756006241
R1b_handsin,floor_box_table,16,all,mse_at_horizon_idx,8,0.00407474534586072
R1b_handsin,floor_box_table,16,all,mse_at_horizon_idx,9,0.004268143326044083
R1b_handsin,floor_box_table,16,all,mse_at_horizon_idx,10,0.004340707324445248
R1b_handsin,floor_box_table,16,all,mse_at_horizon_idx,11,0.004411522764712572
R1b_handsin,floor_box_table,16,all,mse_at_horizon_idx,12,0.0045427302829921246
R1b_handsin,floor_box_table,16,all,mse_at_horizon_idx,13,0.0046262554824352264
R1b_handsin,floor_box_table,16,all,mse_at_horizon_idx,14,0.004765736870467663
R1b_handsin,floor_box_table,16,all,mse_at_horizon_idx,15,0.004662629216909409
R1b_handsin,floor_box_table,16,all,mse_at_horizon_idx,16,0.004900615196675062
R1b_handsin,floor_box_table,16,all,mse_at_horizon_idx,17,0.004996196832507849
R1b_handsin,floor_box_table,16,all,mse_at_horizon_idx,18,0.005049608182162046
R1b_handsin,floor_box_table,16,all,mse_at_horizon_idx,19,0.0051312996074557304
R1b_handsin,floor_box_table,16,all,mse_at_horizon_idx,20,0.005456589628010988
R1b_handsin,floor_box_table,16,all,mse_at_horizon_idx,21,0.005474592559039593
R1b_handsin,floor_box_table,16,all,mse_at_horizon_idx,22,0.005576231516897678
R1b_handsin,floor_box_table,16,all,mse_at_horizon_idx,23,0.005740616004914045
R1b_handsin,floor_box_table,16,all,mse_at_horizon_idx,24,0.005888909101486206
R1b_handsin,floor_box_table,16,all,mse_at_horizon_idx,25,0.0061234417371451855
R1b_handsin,floor_box_table,16,all,mse_at_horizon_idx,26,0.006133452523499727
R1b_handsin,floor_box_table,16,all,mse_at_horizon_idx,27,0.006240405607968569
R1b_handsin,floor_box_table,16,all,mse_at_horizon_idx,28,0.0063582309521734715
R1b_handsin,floor_box_table,16,all,mse_at_horizon_idx,29,0.00651051290333271
R1b_handsin,floor_box_table,16,all,mse_at_horizon_idx,30,0.006586210336536169
R1b_handsin,floor_box_table,16,all,mse_at_horizon_idx,31,0.006739818025380373
R1b_handsin,floor_box_table,16,all,mse_at_horizon_idx,32,0.006969950627535582
R1b_handsin,floor_box_table,16,all,mse_at_horizon_idx,33,0.007049873936921358
R1b_handsin,floor_box_table,16,all,mse_at_horizon_idx,34,0.00743238115683198
R1b_handsin,floor_box_table,16,all,mse_at_horizon_idx,35,0.007715220097452402
R1b_handsin,floor_box_table,16,all,mse_at_horizon_idx,36,0.008227583020925522
R1b_handsin,floor_box_table,16,all,mse_at_horizon_idx,37,0.008417995646595955
R1b_handsin,floor_box_table,16,all,mse_at_horizon_idx,38,0.008776139467954636
R1b_handsin,floor_box_table,16,all,mse_at_horizon_idx,39,0.008934819139540195
RA2_handsin@D1,bottle_cupnoodles_shelf,0,motion_token,mse,-1,0.008643347769975662
RA2_handsin@D1,bottle_cupnoodles_shelf,0,motion_token,mae,-1,0.07030684500932693
RA2_handsin@D1,bottle_cupnoodles_shelf,0,motion_token,normalized_mse,-1,1.3791369199752808
RA2_handsin@D1,bottle_cupnoodles_shelf,0,motion_token,final_position_error,-1,0.5115845203399658
RA2_handsin@D1,bottle_cupnoodles_shelf,0,motion_token,mean_squared_jerk_pred,-1,0.003547907806932926
RA2_handsin@D1,bottle_cupnoodles_shelf,0,motion_token,mean_squared_jerk_gt,-1,0.0012229096610099077
RA2_handsin@D1,bottle_cupnoodles_shelf,0,motion_token,jerk_ratio_pred_over_gt,-1,2.9012018794609733
RA2_handsin@D1,bottle_cupnoodles_shelf,0,motion_token,chunk_boundary_discontinuity,-1,0.00026755136786960065
RA2_handsin@D1,bottle_cupnoodles_shelf,0,motion_token,on_grid_fraction,-1,1.0
RA2_handsin@D1,bottle_cupnoodles_shelf,0,motion_token,mse_proprio_ablated,-1,0.009726591408252716
RA2_handsin@D1,bottle_cupnoodles_shelf,0,motion_token,proprio_leakage_gap,-1,0.0010832436382770538
RA2_handsin@D1,bottle_cupnoodles_shelf,0,motion_token,mse_at_horizon_idx,0,0.008712355978786945
RA2_handsin@D1,bottle_cupnoodles_shelf,0,motion_token,mse_at_horizon_idx,1,0.008671941235661507
RA2_handsin@D1,bottle_cupnoodles_shelf,0,motion_token,mse_at_horizon_idx,2,0.008575439453125
RA2_handsin@D1,bottle_cupnoodles_shelf,0,motion_token,mse_at_horizon_idx,3,0.008281811140477657
RA2_handsin@D1,bottle_cupnoodles_shelf,0,motion_token,mse_at_horizon_idx,4,0.008228198625147343
RA2_handsin@D1,bottle_cupnoodles_shelf,0,motion_token,mse_at_horizon_idx,5,0.008283460512757301
RA2_handsin@D1,bottle_cupnoodles_shelf,0,motion_token,mse_at_horizon_idx,6,0.00833212397992611
RA2_handsin@D1,bottle_cupnoodles_shelf,0,motion_token,mse_at_horizon_idx,7,0.008287584409117699
RA2_handsin@D1,bottle_cupnoodles_shelf,0,motion_token,mse_at_horizon_idx,8,0.008287584409117699
RA2_handsin@D1,bottle_cupnoodles_shelf,0,motion_token,mse_at_horizon_idx,9,0.008646371774375439
RA2_handsin@D1,bottle_cupnoodles_shelf,0,motion_token,mse_at_horizon_idx,10,0.008841849863529205
RA2_handsin@D1,bottle_cupnoodles_shelf,0,motion_token,mse_at_horizon_idx,11,0.008335422724485397
RA2_handsin@D1,bottle_cupnoodles_shelf,0,motion_token,mse_at_horizon_idx,12,0.008413778617978096
RA2_handsin@D1,bottle_cupnoodles_shelf,0,motion_token,mse_at_horizon_idx,13,0.00848471187055111
RA2_handsin@D1,bottle_cupnoodles_shelf,0,motion_token,mse_at_horizon_idx,14,0.008535024709999561
RA2_handsin@D1,bottle_cupnoodles_shelf,0,motion_token,mse_at_horizon_idx,15,0.00860846508294344
RA2_handsin@D1,bottle_cupnoodles_shelf,0,motion_token,mse_at_horizon_idx,16,0.008702108636498451
RA2_handsin@D1,bottle_cupnoodles_shelf,0,motion_token,mse_at_horizon_idx,17,0.008716321550309658
RA2_handsin@D1,bottle_cupnoodles_shelf,0,motion_token,mse_at_horizon_idx,18,0.008723010309040546
RA2_handsin@D1,bottle_cupnoodles_shelf,0,motion_token,mse_at_horizon_idx,19,0.008789898827672005
RA2_handsin@D1,bottle_cupnoodles_shelf,0,motion_token,mse_at_horizon_idx,20,0.008754782378673553
RA2_handsin@D1,bottle_cupnoodles_shelf,0,motion_token,mse_at_horizon_idx,21,0.008877689018845558
RA2_handsin@D1,bottle_cupnoodles_shelf,0,motion_token,mse_at_horizon_idx,22,0.008906952105462551
RA2_handsin@D1,bottle_cupnoodles_shelf,0,motion_token,mse_at_horizon_idx,23,0.008998086676001549
RA2_handsin@D1,bottle_cupnoodles_shelf,0,motion_token,mse_at_horizon_idx,24,0.009053269401192665
RA2_handsin@D1,bottle_cupnoodles_shelf,0,motion_token,mse_at_horizon_idx,25,0.009104271419346333
RA2_handsin@D1,bottle_cupnoodles_shelf,0,motion_token,mse_at_horizon_idx,26,0.009104271419346333
RA2_handsin@D1,bottle_cupnoodles_shelf,0,motion_token,mse_at_horizon_idx,27,0.00882919505238533
RA2_handsin@D1,bottle_cupnoodles_shelf,0,motion_token,mse_at_horizon_idx,28,0.008768996223807335
RA2_handsin@D1,bottle_cupnoodles_shelf,0,motion_token,mse_at_horizon_idx,29,0.008634384721517563
RA2_handsin@D1,bottle_cupnoodles_shelf,0,motion_token,mse_at_horizon_idx,30,0.00874642189592123
RA2_handsin@D1,bottle_cupnoodles_shelf,0,motion_token,mse_at_horizon_idx,31,0.008745585568249226
RA2_handsin@D1,bottle_cupnoodles_shelf,0,motion_token,mse_at_horizon_idx,32,0.00889023020863533
RA2_handsin@D1,bottle_cupnoodles_shelf,0,motion_token,mse_at_horizon_idx,33,0.008996414951980114
RA2_handsin@D1,bottle_cupnoodles_shelf,0,motion_token,mse_at_horizon_idx,34,0.009079188108444214
RA2_handsin@D1,bottle_cupnoodles_shelf,0,motion_token,mse_at_horizon_idx,35,0.00832419190555811
RA2_handsin@D1,bottle_cupnoodles_shelf,0,motion_token,mse_at_horizon_idx,36,0.008259812369942665
RA2_handsin@D1,bottle_cupnoodles_shelf,0,motion_token,mse_at_horizon_idx,37,0.008284059353172779
RA2_handsin@D1,bottle_cupnoodles_shelf,0,motion_token,mse_at_horizon_idx,38,0.008406965993344784
RA2_handsin@D1,bottle_cupnoodles_shelf,0,motion_token,mse_at_horizon_idx,39,0.008549102582037449
RA2_handsin@D1,bottle_cupnoodles_shelf,0,left_hand_joints,mse,-1,0.26879316568374634
RA2_handsin@D1,bottle_cupnoodles_shelf,0,left_hand_joints,mae,-1,0.41801726818084717
RA2_handsin@D1,bottle_cupnoodles_shelf,0,left_hand_joints,normalized_mse,-1,
RA2_handsin@D1,bottle_cupnoodles_shelf,0,left_hand_joints,final_position_error,-1,1.574129581451416
RA2_handsin@D1,bottle_cupnoodles_shelf,0,left_hand_joints,mean_squared_jerk_pred,-1,0.003590830834582448
RA2_handsin@D1,bottle_cupnoodles_shelf,0,left_hand_joints,mean_squared_jerk_gt,-1,0.0
RA2_handsin@D1,bottle_cupnoodles_shelf,0,left_hand_joints,jerk_ratio_pred_over_gt,-1,
RA2_handsin@D1,bottle_cupnoodles_shelf,0,left_hand_joints,chunk_boundary_discontinuity,-1,0.0003690418670885265
RA2_handsin@D1,bottle_cupnoodles_shelf,0,left_hand_joints,mse_proprio_ablated,-1,0.24504612386226654
RA2_handsin@D1,bottle_cupnoodles_shelf,0,left_hand_joints,proprio_leakage_gap,-1,-0.023747041821479797
RA2_handsin@D1,bottle_cupnoodles_shelf,0,left_hand_joints,mse_at_horizon_idx,0,0.27498194575309753
RA2_handsin@D1,bottle_cupnoodles_shelf,0,left_hand_joints,mse_at_horizon_idx,1,0.27418479323387146
RA2_handsin@D1,bottle_cupnoodles_shelf,0,left_hand_joints,mse_at_horizon_idx,2,0.276420921087265
RA2_handsin@D1,bottle_cupnoodles_shelf,0,left_hand_joints,mse_at_horizon_idx,3,0.26970821619033813
RA2_handsin@D1,bottle_cupnoodles_shelf,0,left_hand_joints,mse_at_horizon_idx,4,0.26855742931365967
RA2_handsin@D1,bottle_cupnoodles_shelf,0,left_hand_joints,mse_at_horizon_idx,5,0.2699114680290222
RA2_handsin@D1,bottle_cupnoodles_shelf,0,left_hand_joints,mse_at_horizon_idx,6,0.27287667989730835
RA2_handsin@D1,bottle_cupnoodles_shelf,0,left_hand_joints,mse_at_horizon_idx,7,0.2704887390136719
RA2_handsin@D1,bottle_cupnoodles_shelf,0,left_hand_joints,mse_at_horizon_idx,8,0.27325916290283203
RA2_handsin@D1,bottle_cupnoodles_shelf,0,left_hand_joints,mse_at_horizon_idx,9,0.2714538872241974
RA2_handsin@D1,bottle_cupnoodles_shelf,0,left_hand_joints,mse_at_horizon_idx,10,0.2733514904975891
RA2_handsin@D1,bottle_cupnoodles_shelf,0,left_hand_joints,mse_at_horizon_idx,11,0.2660748362541199
RA2_handsin@D1,bottle_cupnoodles_shelf,0,left_hand_joints,mse_at_horizon_idx,12,0.2644038200378418
RA2_handsin@D1,bottle_cupnoodles_shelf,0,left_hand_joints,mse_at_horizon_idx,13,0.2644515335559845
RA2_handsin@D1,bottle_cupnoodles_shelf,0,left_hand_joints,mse_at_horizon_idx,14,0.26660487055778503
RA2_handsin@D1,bottle_cupnoodles_shelf,0,left_hand_joints,mse_at_horizon_idx,15,0.262768030166626
RA2_handsin@D1,bottle_cupnoodles_shelf,0,left_hand_joints,mse_at_horizon_idx,16,0.26603564620018005
RA2_handsin@D1,bottle_cupnoodles_shelf,0,left_hand_joints,mse_at_horizon_idx,17,0.26433712244033813
RA2_handsin@D1,bottle_cupnoodles_shelf,0,left_hand_joints,mse_at_horizon_idx,18,0.26672065258026123
RA2_handsin@D1,bottle_cupnoodles_shelf,0,left_hand_joints,mse_at_horizon_idx,19,0.2611018717288971
RA2_handsin@D1,bottle_cupnoodles_shelf,0,left_hand_joints,mse_at_horizon_idx,20,0.26076921820640564
RA2_handsin@D1,bottle_cupnoodles_shelf,0,left_hand_joints,mse_at_horizon_idx,21,0.261813759803772
RA2_handsin@D1,bottle_cupnoodles_shelf,0,left_hand_joints,mse_at_horizon_idx,22,0.2647426426410675
RA2_handsin@D1,bottle_cupnoodles_shelf,0,left_hand_joints,mse_at_horizon_idx,23,0.26293668150901794
RA2_handsin@D1,bottle_cupnoodles_shelf,0,left_hand_joints,mse_at_horizon_idx,24,0.2664376497268677
RA2_handsin@D1,bottle_cupnoodles_shelf,0,left_hand_joints,mse_at_horizon_idx,25,0.2649691700935364
RA2_handsin@D1,bottle_cupnoodles_shelf,0,left_hand_joints,mse_at_horizon_idx,26,0.26758626103401184
RA2_handsin@D1,bottle_cupnoodles_shelf,0,left_hand_joints,mse_at_horizon_idx,27,0.2638009190559387
RA2_handsin@D1,bottle_cupnoodles_shelf,0,left_hand_joints,mse_at_horizon_idx,28,0.2643086612224579
RA2_handsin@D1,bottle_cupnoodles_shelf,0,left_hand_joints,mse_at_horizon_idx,29,0.2665592432022095
RA2_handsin@D1,bottle_cupnoodles_shelf,0,left_hand_joints,mse_at_horizon_idx,30,0.27031952142715454
RA2_handsin@D1,bottle_cupnoodles_shelf,0,left_hand_joints,mse_at_horizon_idx,31,0.2687356472015381
RA2_handsin@D1,bottle_cupnoodles_shelf,0,left_hand_joints,mse_at_horizon_idx,32,0.27328184247016907
RA2_handsin@D1,bottle_cupnoodles_shelf,0,left_hand_joints,mse_at_horizon_idx,33,0.272830605506897
RA2_handsin@D1,bottle_cupnoodles_shelf,0,left_hand_joints,mse_at_horizon_idx,34,0.2759005129337311
RA2_handsin@D1,bottle_cupnoodles_shelf,0,left_hand_joints,mse_at_horizon_idx,35,0.2727665901184082
RA2_handsin@D1,bottle_cupnoodles_shelf,0,left_hand_joints,mse_at_horizon_idx,36,0.2717491090297699
RA2_handsin@D1,bottle_cupnoodles_shelf,0,left_hand_joints,mse_at_horizon_idx,37,0.27373531460762024
RA2_handsin@D1,bottle_cupnoodles_shelf,0,left_hand_joints,mse_at_horizon_idx,38,0.2761477828025818
RA2_handsin@D1,bottle_cupnoodles_shelf,0,left_hand_joints,mse_at_horizon_idx,39,0.27430200576782227
RA2_handsin@D1,bottle_cupnoodles_shelf,0,left_hand_joints,grasp_precision,-1,0.0
RA2_handsin@D1,bottle_cupnoodles_shelf,0,left_hand_joints,grasp_recall,-1,
RA2_handsin@D1,bottle_cupnoodles_shelf,0,left_hand_joints,grasp_f1,-1,
RA2_handsin@D1,bottle_cupnoodles_shelf,0,left_hand_joints,grasp_n_gt_events,-1,0.0
RA2_handsin@D1,bottle_cupnoodles_shelf,0,left_hand_joints,grasp_n_pred_events,-1,24.0
RA2_handsin@D1,bottle_cupnoodles_shelf,0,left_hand_joints,grasp_onset_timing_error_signed_steps,-1,
RA2_handsin@D1,bottle_cupnoodles_shelf,0,left_hand_joints,grasp_spurious_transitions,-1,24.0
RA2_handsin@D1,bottle_cupnoodles_shelf,0,right_hand_joints,mse,-1,0.08447153121232986
RA2_handsin@D1,bottle_cupnoodles_shelf,0,right_hand_joints,mae,-1,0.19391576945781708
RA2_handsin@D1,bottle_cupnoodles_shelf,0,right_hand_joints,normalized_mse,-1,0.19844499230384827
RA2_handsin@D1,bottle_cupnoodles_shelf,0,right_hand_joints,final_position_error,-1,1.0360379219055176
RA2_handsin@D1,bottle_cupnoodles_shelf,0,right_hand_joints,mean_squared_jerk_pred,-1,0.0014361272333189845
RA2_handsin@D1,bottle_cupnoodles_shelf,0,right_hand_joints,mean_squared_jerk_gt,-1,0.00010643349378369749
RA2_handsin@D1,bottle_cupnoodles_shelf,0,right_hand_joints,jerk_ratio_pred_over_gt,-1,13.493188866256661
RA2_handsin@D1,bottle_cupnoodles_shelf,0,right_hand_joints,chunk_boundary_discontinuity,-1,0.00013631496403831989
RA2_handsin@D1,bottle_cupnoodles_shelf,0,right_hand_joints,mse_proprio_ablated,-1,0.09191623330116272
RA2_handsin@D1,bottle_cupnoodles_shelf,0,right_hand_joints,proprio_leakage_gap,-1,0.007444702088832855
RA2_handsin@D1,bottle_cupnoodles_shelf,0,right_hand_joints,mse_at_horizon_idx,0,0.09271527081727982
RA2_handsin@D1,bottle_cupnoodles_shelf,0,right_hand_joints,mse_at_horizon_idx,1,0.09455897659063339
RA2_handsin@D1,bottle_cupnoodles_shelf,0,right_hand_joints,mse_at_horizon_idx,2,0.09408222883939743
RA2_handsin@D1,bottle_cupnoodles_shelf,0,right_hand_joints,mse_at_horizon_idx,3,0.08738955110311508
RA2_handsin@D1,bottle_cupnoodles_shelf,0,right_hand_joints,mse_at_horizon_idx,4,0.08605878800153732
RA2_handsin@D1,bottle_cupnoodles_shelf,0,right_hand_joints,mse_at_horizon_idx,5,0.08597499877214432
RA2_handsin@D1,bottle_cupnoodles_shelf,0,right_hand_joints,mse_at_horizon_idx,6,0.08562618494033813
RA2_handsin@D1,bottle_cupnoodles_shelf,0,right_hand_joints,mse_at_horizon_idx,7,0.08554832637310028
RA2_handsin@D1,bottle_cupnoodles_shelf,0,right_hand_joints,mse_at_horizon_idx,8,0.08572700619697571
RA2_handsin@D1,bottle_cupnoodles_shelf,0,right_hand_joints,mse_at_horizon_idx,9,0.08768995106220245
RA2_handsin@D1,bottle_cupnoodles_shelf,0,right_hand_joints,mse_at_horizon_idx,10,0.08725535124540329
RA2_handsin@D1,bottle_cupnoodles_shelf,0,right_hand_joints,mse_at_horizon_idx,11,0.08392152190208435
RA2_handsin@D1,bottle_cupnoodles_shelf,0,right_hand_joints,mse_at_horizon_idx,12,0.08290402591228485
RA2_handsin@D1,bottle_cupnoodles_shelf,0,right_hand_joints,mse_at_horizon_idx,13,0.08323031663894653
RA2_handsin@D1,bottle_cupnoodles_shelf,0,right_hand_joints,mse_at_horizon_idx,14,0.0835174098610878
RA2_handsin@D1,bottle_cupnoodles_shelf,0,right_hand_joints,mse_at_horizon_idx,15,0.08249379694461823
RA2_handsin@D1,bottle_cupnoodles_shelf,0,right_hand_joints,mse_at_horizon_idx,16,0.08183552324771881
RA2_handsin@D1,bottle_cupnoodles_shelf,0,right_hand_joints,mse_at_horizon_idx,17,0.08291518688201904
RA2_handsin@D1,bottle_cupnoodles_shelf,0,right_hand_joints,mse_at_horizon_idx,18,0.08175880461931229
RA2_handsin@D1,bottle_cupnoodles_shelf,0,right_hand_joints,mse_at_horizon_idx,19,0.07892309129238129
RA2_handsin@D1,bottle_cupnoodles_shelf,0,right_hand_joints,mse_at_horizon_idx,20,0.07830286026000977
RA2_handsin@D1,bottle_cupnoodles_shelf,0,right_hand_joints,mse_at_horizon_idx,21,0.07908578962087631
RA2_handsin@D1,bottle_cupnoodles_shelf,0,right_hand_joints,mse_at_horizon_idx,22,0.0798218697309494
RA2_handsin@D1,bottle_cupnoodles_shelf,0,right_hand_joints,mse_at_horizon_idx,23,0.08085757493972778
RA2_handsin@D1,bottle_cupnoodles_shelf,0,right_hand_joints,mse_at_horizon_idx,24,0.08168460428714752
RA2_handsin@D1,bottle_cupnoodles_shelf,0,right_hand_joints,mse_at_horizon_idx,25,0.08382110297679901
RA2_handsin@D1,bottle_cupnoodles_shelf,0,right_hand_joints,mse_at_horizon_idx,26,0.08430330455303192
RA2_handsin@D1,bottle_cupnoodles_shelf,0,right_hand_joints,mse_at_horizon_idx,27,0.08050455152988434
RA2_handsin@D1,bottle_cupnoodles_shelf,0,right_hand_joints,mse_at_horizon_idx,28,0.08048462867736816
RA2_handsin@D1,bottle_cupnoodles_shelf,0,right_hand_joints,mse_at_horizon_idx,29,0.0820155143737793
RA2_handsin@D1,bottle_cupnoodles_shelf,0,right_hand_joints,mse_at_horizon_idx,30,0.08284041285514832
RA2_handsin@D1,bottle_cupnoodles_shelf,0,right_hand_joints,mse_at_horizon_idx,31,0.08375827223062515
RA2_handsin@D1,bottle_cupnoodles_shelf,0,right_hand_joints,mse_at_horizon_idx,32,0.08486726880073547
RA2_handsin@D1,bottle_cupnoodles_shelf,0,right_hand_joints,mse_at_horizon_idx,33,0.08655225485563278
RA2_handsin@D1,bottle_cupnoodles_shelf,0,right_hand_joints,mse_at_horizon_idx,34,0.08643312752246857
RA2_handsin@D1,bottle_cupnoodles_shelf,0,right_hand_joints,mse_at_horizon_idx,35,0.08369246870279312
RA2_handsin@D1,bottle_cupnoodles_shelf,0,right_hand_joints,mse_at_horizon_idx,36,0.08406473696231842
RA2_handsin@D1,bottle_cupnoodles_shelf,0,right_hand_joints,mse_at_horizon_idx,37,0.08596798777580261
RA2_handsin@D1,bottle_cupnoodles_shelf,0,right_hand_joints,mse_at_horizon_idx,38,0.08729499578475952
RA2_handsin@D1,bottle_cupnoodles_shelf,0,right_hand_joints,mse_at_horizon_idx,39,0.08784567564725876
RA2_handsin@D1,bottle_cupnoodles_shelf,0,right_hand_joints,grasp_precision,-1,0.6666666666666666
RA2_handsin@D1,bottle_cupnoodles_shelf,0,right_hand_joints,grasp_recall,-1,0.4
RA2_handsin@D1,bottle_cupnoodles_shelf,0,right_hand_joints,grasp_f1,-1,0.5
RA2_handsin@D1,bottle_cupnoodles_shelf,0,right_hand_joints,grasp_n_gt_events,-1,5.0
RA2_handsin@D1,bottle_cupnoodles_shelf,0,right_hand_joints,grasp_n_pred_events,-1,3.0
RA2_handsin@D1,bottle_cupnoodles_shelf,0,right_hand_joints,grasp_onset_timing_error_signed_steps,-1,-0.5
RA2_handsin@D1,bottle_cupnoodles_shelf,0,right_hand_joints,grasp_spurious_transitions,-1,1.0
RA2_handsin@D1,bottle_cupnoodles_shelf,0,all,mse,-1,0.038795217871665955
RA2_handsin@D1,bottle_cupnoodles_shelf,0,all,mae,-1,0.11260472983121872
RA2_handsin@D1,bottle_cupnoodles_shelf,0,all,normalized_mse,-1,1.2935795783996582
RA2_handsin@D1,bottle_cupnoodles_shelf,0,all,final_position_error,-1,1.9526846408843994
RA2_handsin@D1,bottle_cupnoodles_shelf,0,all,mean_squared_jerk_pred,-1,0.0033622412011027336
RA2_handsin@D1,bottle_cupnoodles_shelf,0,all,mean_squared_jerk_gt,-1,0.0010129647562280297
RA2_handsin@D1,bottle_cupnoodles_shelf,0,all,jerk_ratio_pred_over_gt,-1,3.3192084723882096
RA2_handsin@D1,bottle_cupnoodles_shelf,0,all,chunk_boundary_discontinuity,-1,0.00026488187722861767
RA2_handsin@D1,bottle_cupnoodles_shelf,0,all,mse_proprio_ablated,-1,0.038221005350351334
RA2_handsin@D1,bottle_cupnoodles_shelf,0,all,proprio_leakage_gap,-1,-0.000574212521314621
RA2_handsin@D1,bottle_cupnoodles_shelf,0,all,mse_at_horizon_idx,0,0.04014706611633301
RA2_handsin@D1,bottle_cupnoodles_shelf,0,all,mse_at_horizon_idx,1,0.04020782932639122
RA2_handsin@D1,bottle_cupnoodles_shelf,0,all,mse_at_horizon_idx,2,0.04028654098510742
RA2_handsin@D1,bottle_cupnoodles_shelf,0,all,mse_at_horizon_idx,3,0.038842570036649704
RA2_handsin@D1,bottle_cupnoodles_shelf,0,all,mse_at_horizon_idx,4,0.038575876504182816
RA2_handsin@D1,bottle_cupnoodles_shelf,0,all,mse_at_horizon_idx,5,0.03873521462082863
RA2_handsin@D1,bottle_cupnoodles_shelf,0,all,mse_at_horizon_idx,6,0.0390099473297596
RA2_handsin@D1,bottle_cupnoodles_shelf,0,all,mse_at_horizon_idx,7,0.03875210881233215
RA2_handsin@D1,bottle_cupnoodles_shelf,0,all,mse_at_horizon_idx,8,0.03901677951216698
RA2_handsin@D1,bottle_cupnoodles_shelf,0,all,mse_at_horizon_idx,9,0.03932531923055649
RA2_handsin@D1,bottle_cupnoodles_shelf,0,all,mse_at_horizon_idx,10,0.03961700201034546
RA2_handsin@D1,bottle_cupnoodles_shelf,0,all,mse_at_horizon_idx,11,0.03824925422668457
RA2_handsin@D1,bottle_cupnoodles_shelf,0,all,mse_at_horizon_idx,12,0.038072265684604645
RA2_handsin@D1,bottle_cupnoodles_shelf,0,all,mse_at_horizon_idx,13,0.038164034485816956
RA2_handsin@D1,bottle_cupnoodles_shelf,0,all,mse_at_horizon_idx,14,0.038424331694841385
RA2_handsin@D1,bottle_cupnoodles_shelf,0,all,mse_at_horizon_idx,15,0.0380483902990818
RA2_handsin@D1,bottle_cupnoodles_shelf,0,all,mse_at_horizon_idx,16,0.038359399884939194
RA2_handsin@D1,bottle_cupnoodles_shelf,0,all,mse_at_horizon_idx,17,0.03831552341580391
RA2_handsin@D1,bottle_cupnoodles_shelf,0,all,mse_at_horizon_idx,18,0.03843114152550697
RA2_handsin@D1,bottle_cupnoodles_shelf,0,all,mse_at_horizon_idx,19,0.03772728890180588
RA2_handsin@D1,bottle_cupnoodles_shelf,0,all,mse_at_horizon_idx,20,0.03761295601725578
RA2_handsin@D1,bottle_cupnoodles_shelf,0,all,mse_at_horizon_idx,21,0.03787780553102493
RA2_handsin@D1,bottle_cupnoodles_shelf,0,all,mse_at_horizon_idx,22,0.03823072463274002
RA2_handsin@D1,bottle_cupnoodles_shelf,0,all,mse_at_horizon_idx,23,0.03823637589812279
RA2_handsin@D1,bottle_cupnoodles_shelf,0,all,mse_at_horizon_idx,24,0.03867006674408913
RA2_handsin@D1,bottle_cupnoodles_shelf,0,all,mse_at_horizon_idx,25,0.0387718603014946
RA2_handsin@D1,bottle_cupnoodles_shelf,0,all,mse_at_horizon_idx,26,0.03905000537633896
RA2_handsin@D1,bottle_cupnoodles_shelf,0,all,mse_at_horizon_idx,27,0.03814367577433586
RA2_handsin@D1,bottle_cupnoodles_shelf,0,all,mse_at_horizon_idx,28,0.03813806176185608
RA2_handsin@D1,bottle_cupnoodles_shelf,0,all,mse_at_horizon_idx,29,0.03836696967482567
RA2_handsin@D1,bottle_cupnoodles_shelf,0,all,mse_at_horizon_idx,30,0.03887039050459862
RA2_handsin@D1,bottle_cupnoodles_shelf,0,all,mse_at_horizon_idx,31,0.03880993649363518
RA2_handsin@D1,bottle_cupnoodles_shelf,0,all,mse_at_horizon_idx,32,0.039436135441064835
RA2_handsin@D1,bottle_cupnoodles_shelf,0,all,mse_at_horizon_idx,33,0.03963398188352585
RA2_handsin@D1,bottle_cupnoodles_shelf,0,all,mse_at_horizon_idx,34,0.03996671363711357
RA2_handsin@D1,bottle_cupnoodles_shelf,0,all,mse_at_horizon_idx,35,0.038820020854473114
RA2_handsin@D1,bottle_cupnoodles_shelf,0,all,mse_at_horizon_idx,36,0.038709286600351334
RA2_handsin@D1,bottle_cupnoodles_shelf,0,all,mse_at_horizon_idx,37,0.0390782430768013
RA2_handsin@D1,bottle_cupnoodles_shelf,0,all,mse_at_horizon_idx,38,0.0395146869122982
RA2_handsin@D1,bottle_cupnoodles_shelf,0,all,mse_at_horizon_idx,39,0.03951508551836014
RA2_handsin@D1,cup_wipe_sponge_dryingrack,2,motion_token,mse,-1,0.002064384752884507
RA2_handsin@D1,cup_wipe_sponge_dryingrack,2,motion_token,mae,-1,0.028996579349040985
RA2_handsin@D1,cup_wipe_sponge_dryingrack,2,motion_token,normalized_mse,-1,0.6055840253829956
RA2_handsin@D1,cup_wipe_sponge_dryingrack,2,motion_token,final_position_error,-1,0.25
RA2_handsin@D1,cup_wipe_sponge_dryingrack,2,motion_token,mean_squared_jerk_pred,-1,0.0016762062441557646
RA2_handsin@D1,cup_wipe_sponge_dryingrack,2,motion_token,mean_squared_jerk_gt,-1,0.0009948730003088713
RA2_handsin@D1,cup_wipe_sponge_dryingrack,2,motion_token,jerk_ratio_pred_over_gt,-1,1.6848444410848062
RA2_handsin@D1,cup_wipe_sponge_dryingrack,2,motion_token,chunk_boundary_discontinuity,-1,0.00011596679541980848
RA2_handsin@D1,cup_wipe_sponge_dryingrack,2,motion_token,on_grid_fraction,-1,1.0
RA2_handsin@D1,cup_wipe_sponge_dryingrack,2,motion_token,mse_proprio_ablated,-1,0.0021342034451663494
RA2_handsin@D1,cup_wipe_sponge_dryingrack,2,motion_token,proprio_leakage_gap,-1,6.981869228184223e-05
RA2_handsin@D1,cup_wipe_sponge_dryingrack,2,motion_token,mse_at_horizon_idx,0,0.0019066219683736563
RA2_handsin@D1,cup_wipe_sponge_dryingrack,2,motion_token,mse_at_horizon_idx,1,0.00189208984375
RA2_handsin@D1,cup_wipe_sponge_dryingrack,2,motion_token,mse_at_horizon_idx,2,0.0019356863340362906
RA2_handsin@D1,cup_wipe_sponge_dryingrack,2,motion_token,mse_at_horizon_idx,3,0.001819428987801075
RA2_handsin@D1,cup_wipe_sponge_dryingrack,2,motion_token,mse_at_horizon_idx,4,0.0018397739622741938
RA2_handsin@D1,cup_wipe_sponge_dryingrack,2,motion_token,mse_at_horizon_idx,5,0.0018775577191263437
RA2_handsin@D1,cup_wipe_sponge_dryingrack,2,motion_token,mse_at_horizon_idx,6,0.0018891834188252687
RA2_handsin@D1,cup_wipe_sponge_dryingrack,2,motion_token,mse_at_horizon_idx,7,0.0019240606343373656
RA2_handsin@D1,cup_wipe_sponge_dryingrack,2,motion_token,mse_at_horizon_idx,8,0.0020548503380268812
RA2_handsin@D1,cup_wipe_sponge_dryingrack,2,motion_token,mse_at_horizon_idx,9,0.0022030784748494625
RA2_handsin@D1,cup_wipe_sponge_dryingrack,2,motion_token,mse_at_horizon_idx,10,0.0023106166627258062
RA2_handsin@D1,cup_wipe_sponge_dryingrack,2,motion_token,mse_at_horizon_idx,11,0.0018513997783884406
RA2_handsin@D1,cup_wipe_sponge_dryingrack,2,motion_token,mse_at_horizon_idx,12,0.0018310546875
RA2_handsin@D1,cup_wipe_sponge_dryingrack,2,motion_token,mse_at_horizon_idx,13,0.0018798827659338713
RA2_handsin@D1,cup_wipe_sponge_dryingrack,2,motion_token,mse_at_horizon_idx,14,0.0020263672340661287
RA2_handsin@D1,cup_wipe_sponge_dryingrack,2,motion_token,mse_at_horizon_idx,15,0.0019989013671875
RA2_handsin@D1,cup_wipe_sponge_dryingrack,2,motion_token,mse_at_horizon_idx,16,0.0021301270462572575
RA2_handsin@D1,cup_wipe_sponge_dryingrack,2,motion_token,mse_at_horizon_idx,17,0.0022003173362463713
RA2_handsin@D1,cup_wipe_sponge_dryingrack,2,motion_token,mse_at_horizon_idx,18,0.002227783203125
RA2_handsin@D1,cup_wipe_sponge_dryingrack,2,motion_token,mse_at_horizon_idx,19,0.0024322508834302425
RA2_handsin@D1,cup_wipe_sponge_dryingrack,2,motion_token,mse_at_horizon_idx,20,0.0024993896950036287
RA2_handsin@D1,cup_wipe_sponge_dryingrack,2,motion_token,mse_at_horizon_idx,21,0.0024627684615552425
RA2_handsin@D1,cup_wipe_sponge_dryingrack,2,motion_token,mse_at_horizon_idx,22,0.0023956298828125
RA2_handsin@D1,cup_wipe_sponge_dryingrack,2,motion_token,mse_at_horizon_idx,23,0.0024169920943677425
RA2_handsin@D1,cup_wipe_sponge_dryingrack,2,motion_token,mse_at_horizon_idx,24,0.0023956298828125
RA2_handsin@D1,cup_wipe_sponge_dryingrack,2,motion_token,mse_at_horizon_idx,25,0.0023132325150072575
RA2_handsin@D1,cup_wipe_sponge_dryingrack,2,motion_token,mse_at_horizon_idx,26,0.0023315430153161287
RA2_handsin@D1,cup_wipe_sponge_dryingrack,2,motion_token,mse_at_horizon_idx,27,0.002044677734375
RA2_handsin@D1,cup_wipe_sponge_dryingrack,2,motion_token,mse_at_horizon_idx,28,0.0020080567337572575
RA2_handsin@D1,cup_wipe_sponge_dryingrack,2,motion_token,mse_at_horizon_idx,29,0.0020050047896802425
RA2_handsin@D1,cup_wipe_sponge_dryingrack,2,motion_token,mse_at_horizon_idx,30,0.0020233155228197575
RA2_handsin@D1,cup_wipe_sponge_dryingrack,2,motion_token,mse_at_horizon_idx,31,0.0019866942893713713
RA2_handsin@D1,cup_wipe_sponge_dryingrack,2,motion_token,mse_at_horizon_idx,32,0.0020263672340661287
RA2_handsin@D1,cup_wipe_sponge_dryingrack,2,motion_token,mse_at_horizon_idx,33,0.0021209716796875
RA2_handsin@D1,cup_wipe_sponge_dryingrack,2,motion_token,mse_at_horizon_idx,34,0.0021453858353197575
RA2_handsin@D1,cup_wipe_sponge_dryingrack,2,motion_token,mse_at_horizon_idx,35,0.0018310546875
RA2_handsin@D1,cup_wipe_sponge_dryingrack,2,motion_token,mse_at_horizon_idx,36,0.0018463134765625
RA2_handsin@D1,cup_wipe_sponge_dryingrack,2,motion_token,mse_at_horizon_idx,37,0.0018280029762536287
RA2_handsin@D1,cup_wipe_sponge_dryingrack,2,motion_token,mse_at_horizon_idx,38,0.0018432617653161287
RA2_handsin@D1,cup_wipe_sponge_dryingrack,2,motion_token,mse_at_horizon_idx,39,0.0018951415549963713
RA2_handsin@D1,cup_wipe_sponge_dryingrack,2,left_hand_joints,mse,-1,0.3649669289588928
RA2_handsin@D1,cup_wipe_sponge_dryingrack,2,left_hand_joints,mae,-1,0.46476781368255615
RA2_handsin@D1,cup_wipe_sponge_dryingrack,2,left_hand_joints,normalized_mse,-1,0.12970848381519318
RA2_handsin@D1,cup_wipe_sponge_dryingrack,2,left_hand_joints,final_position_error,-1,1.0318371057510376
RA2_handsin@D1,cup_wipe_sponge_dryingrack,2,left_hand_joints,mean_squared_jerk_pred,-1,0.0032376183662563562
RA2_handsin@D1,cup_wipe_sponge_dryingrack,2,left_hand_joints,mean_squared_jerk_gt,-1,4.345681008999236e-05
RA2_handsin@D1,cup_wipe_sponge_dryingrack,2,left_hand_joints,jerk_ratio_pred_over_gt,-1,74.50197931122297
RA2_handsin@D1,cup_wipe_sponge_dryingrack,2,left_hand_joints,chunk_boundary_discontinuity,-1,0.0015590288676321507
RA2_handsin@D1,cup_wipe_sponge_dryingrack,2,left_hand_joints,mse_proprio_ablated,-1,0.36922213435173035
RA2_handsin@D1,cup_wipe_sponge_dryingrack,2,left_hand_joints,proprio_leakage_gap,-1,0.004255205392837524
RA2_handsin@D1,cup_wipe_sponge_dryingrack,2,left_hand_joints,mse_at_horizon_idx,0,0.31866204738616943
RA2_handsin@D1,cup_wipe_sponge_dryingrack,2,left_hand_joints,mse_at_horizon_idx,1,0.31639689207077026
RA2_handsin@D1,cup_wipe_sponge_dryingrack,2,left_hand_joints,mse_at_horizon_idx,2,0.3116433024406433
RA2_handsin@D1,cup_wipe_sponge_dryingrack,2,left_hand_joints,mse_at_horizon_idx,3,0.30129915475845337
RA2_handsin@D1,cup_wipe_sponge_dryingrack,2,left_hand_joints,mse_at_horizon_idx,4,0.2995765507221222
RA2_handsin@D1,cup_wipe_sponge_dryingrack,2,left_hand_joints,mse_at_horizon_idx,5,0.30189234018325806
RA2_handsin@D1,cup_wipe_sponge_dryingrack,2,left_hand_joints,mse_at_horizon_idx,6,0.30576467514038086
RA2_handsin@D1,cup_wipe_sponge_dryingrack,2,left_hand_joints,mse_at_horizon_idx,7,0.310353547334671
RA2_handsin@D1,cup_wipe_sponge_dryingrack,2,left_hand_joints,mse_at_horizon_idx,8,0.3159606158733368
RA2_handsin@D1,cup_wipe_sponge_dryingrack,2,left_hand_joints,mse_at_horizon_idx,9,0.32323533296585083
RA2_handsin@D1,cup_wipe_sponge_dryingrack,2,left_hand_joints,mse_at_horizon_idx,10,0.33002886176109314
RA2_handsin@D1,cup_wipe_sponge_dryingrack,2,left_hand_joints,mse_at_horizon_idx,11,0.33192557096481323
RA2_handsin@D1,cup_wipe_sponge_dryingrack,2,left_hand_joints,mse_at_horizon_idx,12,0.34002918004989624
RA2_handsin@D1,cup_wipe_sponge_dryingrack,2,left_hand_joints,mse_at_horizon_idx,13,0.35933852195739746
RA2_handsin@D1,cup_wipe_sponge_dryingrack,2,left_hand_joints,mse_at_horizon_idx,14,0.36987388134002686
RA2_handsin@D1,cup_wipe_sponge_dryingrack,2,left_hand_joints,mse_at_horizon_idx,15,0.37990570068359375
RA2_handsin@D1,cup_wipe_sponge_dryingrack,2,left_hand_joints,mse_at_horizon_idx,16,0.3913704752922058
RA2_handsin@D1,cup_wipe_sponge_dryingrack,2,left_hand_joints,mse_at_horizon_idx,17,0.4045146405696869
RA2_handsin@D1,cup_wipe_sponge_dryingrack,2,left_hand_joints,mse_at_horizon_idx,18,0.41249409317970276
RA2_handsin@D1,cup_wipe_sponge_dryingrack,2,left_hand_joints,mse_at_horizon_idx,19,0.40849462151527405
RA2_handsin@D1,cup_wipe_sponge_dryingrack,2,left_hand_joints,mse_at_horizon_idx,20,0.4144454896450043
RA2_handsin@D1,cup_wipe_sponge_dryingrack,2,left_hand_joints,mse_at_horizon_idx,21,0.4193301200866699
RA2_handsin@D1,cup_wipe_sponge_dryingrack,2,left_hand_joints,mse_at_horizon_idx,22,0.42210808396339417
RA2_handsin@D1,cup_wipe_sponge_dryingrack,2,left_hand_joints,mse_at_horizon_idx,23,0.4258994162082672
RA2_handsin@D1,cup_wipe_sponge_dryingrack,2,left_hand_joints,mse_at_horizon_idx,24,0.4287596344947815
RA2_handsin@D1,cup_wipe_sponge_dryingrack,2,left_hand_joints,mse_at_horizon_idx,25,0.43243536353111267
RA2_handsin@D1,cup_wipe_sponge_dryingrack,2,left_hand_joints,mse_at_horizon_idx,26,0.43057864904403687
RA2_handsin@D1,cup_wipe_sponge_dryingrack,2,left_hand_joints,mse_at_horizon_idx,27,0.41055554151535034
RA2_handsin@D1,cup_wipe_sponge_dryingrack,2,left_hand_joints,mse_at_horizon_idx,28,0.4022810459136963
RA2_handsin@D1,cup_wipe_sponge_dryingrack,2,left_hand_joints,mse_at_horizon_idx,29,0.3982667326927185
RA2_handsin@D1,cup_wipe_sponge_dryingrack,2,left_hand_joints,mse_at_horizon_idx,30,0.3954924941062927
RA2_handsin@D1,cup_wipe_sponge_dryingrack,2,left_hand_joints,mse_at_horizon_idx,31,0.39396482706069946
RA2_handsin@D1,cup_wipe_sponge_dryingrack,2,left_hand_joints,mse_at_horizon_idx,32,0.39272236824035645
RA2_handsin@D1,cup_wipe_sponge_dryingrack,2,left_hand_joints,mse_at_horizon_idx,33,0.39241039752960205
RA2_handsin@D1,cup_wipe_sponge_dryingrack,2,left_hand_joints,mse_at_horizon_idx,34,0.3917677402496338
RA2_handsin@D1,cup_wipe_sponge_dryingrack,2,left_hand_joints,mse_at_horizon_idx,35,0.3521285951137543
RA2_handsin@D1,cup_wipe_sponge_dryingrack,2,left_hand_joints,mse_at_horizon_idx,36,0.33891600370407104
RA2_handsin@D1,cup_wipe_sponge_dryingrack,2,left_hand_joints,mse_at_horizon_idx,37,0.3268955647945404
RA2_handsin@D1,cup_wipe_sponge_dryingrack,2,left_hand_joints,mse_at_horizon_idx,38,0.3184736967086792
RA2_handsin@D1,cup_wipe_sponge_dryingrack,2,left_hand_joints,mse_at_horizon_idx,39,0.31037455797195435
RA2_handsin@D1,cup_wipe_sponge_dryingrack,2,left_hand_joints,grasp_precision,-1,0.07142857142857142
RA2_handsin@D1,cup_wipe_sponge_dryingrack,2,left_hand_joints,grasp_recall,-1,0.3333333333333333
RA2_handsin@D1,cup_wipe_sponge_dryingrack,2,left_hand_joints,grasp_f1,-1,0.11764705882352941
RA2_handsin@D1,cup_wipe_sponge_dryingrack,2,left_hand_joints,grasp_n_gt_events,-1,3.0
RA2_handsin@D1,cup_wipe_sponge_dryingrack,2,left_hand_joints,grasp_n_pred_events,-1,14.0
RA2_handsin@D1,cup_wipe_sponge_dryingrack,2,left_hand_joints,grasp_onset_timing_error_signed_steps,-1,0.0
RA2_handsin@D1,cup_wipe_sponge_dryingrack,2,left_hand_joints,grasp_spurious_transitions,-1,13.0
RA2_handsin@D1,cup_wipe_sponge_dryingrack,2,right_hand_joints,mse,-1,0.2261819839477539
RA2_handsin@D1,cup_wipe_sponge_dryingrack,2,right_hand_joints,mae,-1,0.35888946056365967
RA2_handsin@D1,cup_wipe_sponge_dryingrack,2,right_hand_joints,normalized_mse,-1,0.04620584845542908
RA2_handsin@D1,cup_wipe_sponge_dryingrack,2,right_hand_joints,final_position_error,-1,1.0278218984603882
RA2_handsin@D1,cup_wipe_sponge_dryingrack,2,right_hand_joints,mean_squared_jerk_pred,-1,0.0014961452689021826
RA2_handsin@D1,cup_wipe_sponge_dryingrack,2,right_hand_joints,mean_squared_jerk_gt,-1,4.957460623700172e-05
RA2_handsin@D1,cup_wipe_sponge_dryingrack,2,right_hand_joints,jerk_ratio_pred_over_gt,-1,30.17967024789968
RA2_handsin@D1,cup_wipe_sponge_dryingrack,2,right_hand_joints,chunk_boundary_discontinuity,-1,0.0004316327103879303
RA2_handsin@D1,cup_wipe_sponge_dryingrack,2,right_hand_joints,mse_proprio_ablated,-1,0.2366321086883545
RA2_handsin@D1,cup_wipe_sponge_dryingrack,2,right_hand_joints,proprio_leakage_gap,-1,0.010450124740600586
RA2_handsin@D1,cup_wipe_sponge_dryingrack,2,right_hand_joints,mse_at_horizon_idx,0,0.21775738894939423
RA2_handsin@D1,cup_wipe_sponge_dryingrack,2,right_hand_joints,mse_at_horizon_idx,1,0.22031405568122864
RA2_handsin@D1,cup_wipe_sponge_dryingrack,2,right_hand_joints,mse_at_horizon_idx,2,0.2225331813097
RA2_handsin@D1,cup_wipe_sponge_dryingrack,2,right_hand_joints,mse_at_horizon_idx,3,0.21276095509529114
RA2_handsin@D1,cup_wipe_sponge_dryingrack,2,right_hand_joints,mse_at_horizon_idx,4,0.2085220068693161
RA2_handsin@D1,cup_wipe_sponge_dryingrack,2,right_hand_joints,mse_at_horizon_idx,5,0.20739547908306122
RA2_handsin@D1,cup_wipe_sponge_dryingrack,2,right_hand_joints,mse_at_horizon_idx,6,0.205465629696846
RA2_handsin@D1,cup_wipe_sponge_dryingrack,2,right_hand_joints,mse_at_horizon_idx,7,0.20538230240345
RA2_handsin@D1,cup_wipe_sponge_dryingrack,2,right_hand_joints,mse_at_horizon_idx,8,0.2058613896369934
RA2_handsin@D1,cup_wipe_sponge_dryingrack,2,right_hand_joints,mse_at_horizon_idx,9,0.20751211047172546
RA2_handsin@D1,cup_wipe_sponge_dryingrack,2,right_hand_joints,mse_at_horizon_idx,10,0.21060244739055634
RA2_handsin@D1,cup_wipe_sponge_dryingrack,2,right_hand_joints,mse_at_horizon_idx,11,0.20468802750110626
RA2_handsin@D1,cup_wipe_sponge_dryingrack,2,right_hand_joints,mse_at_horizon_idx,12,0.20749126374721527
RA2_handsin@D1,cup_wipe_sponge_dryingrack,2,right_hand_joints,mse_at_horizon_idx,13,0.2150956392288208
RA2_handsin@D1,cup_wipe_sponge_dryingrack,2,right_hand_joints,mse_at_horizon_idx,14,0.2224513292312622
RA2_handsin@D1,cup_wipe_sponge_dryingrack,2,right_hand_joints,mse_at_horizon_idx,15,0.22740283608436584
RA2_handsin@D1,cup_wipe_sponge_dryingrack,2,right_hand_joints,mse_at_horizon_idx,16,0.23451411724090576
RA2_handsin@D1,cup_wipe_sponge_dryingrack,2,right_hand_joints,mse_at_horizon_idx,17,0.24111390113830566
RA2_handsin@D1,cup_wipe_sponge_dryingrack,2,right_hand_joints,mse_at_horizon_idx,18,0.24807265400886536
RA2_handsin@D1,cup_wipe_sponge_dryingrack,2,right_hand_joints,mse_at_horizon_idx,19,0.2519786059856415
RA2_handsin@D1,cup_wipe_sponge_dryingrack,2,right_hand_joints,mse_at_horizon_idx,20,0.25576093792915344
RA2_handsin@D1,cup_wipe_sponge_dryingrack,2,right_hand_joints,mse_at_horizon_idx,21,0.2617943286895752
RA2_handsin@D1,cup_wipe_sponge_dryingrack,2,right_hand_joints,mse_at_horizon_idx,22,0.2657940983772278
RA2_handsin@D1,cup_wipe_sponge_dryingrack,2,right_hand_joints,mse_at_horizon_idx,23,0.2653869688510895
RA2_handsin@D1,cup_wipe_sponge_dryingrack,2,right_hand_joints,mse_at_horizon_idx,24,0.2620498538017273
RA2_handsin@D1,cup_wipe_sponge_dryingrack,2,right_hand_joints,mse_at_horizon_idx,25,0.25786882638931274
RA2_handsin@D1,cup_wipe_sponge_dryingrack,2,right_hand_joints,mse_at_horizon_idx,26,0.2505451440811157
RA2_handsin@D1,cup_wipe_sponge_dryingrack,2,right_hand_joints,mse_at_horizon_idx,27,0.24629643559455872
RA2_handsin@D1,cup_wipe_sponge_dryingrack,2,right_hand_joints,mse_at_horizon_idx,28,0.24011795222759247
RA2_handsin@D1,cup_wipe_sponge_dryingrack,2,right_hand_joints,mse_at_horizon_idx,29,0.23358042538166046
RA2_handsin@D1,cup_wipe_sponge_dryingrack,2,right_hand_joints,mse_at_horizon_idx,30,0.2263665497303009
RA2_handsin@D1,cup_wipe_sponge_dryingrack,2,right_hand_joints,mse_at_horizon_idx,31,0.22050121426582336
RA2_handsin@D1,cup_wipe_sponge_dryingrack,2,right_hand_joints,mse_at_horizon_idx,32,0.21591022610664368
RA2_handsin@D1,cup_wipe_sponge_dryingrack,2,right_hand_joints,mse_at_horizon_idx,33,0.21251773834228516
RA2_handsin@D1,cup_wipe_sponge_dryingrack,2,right_hand_joints,mse_at_horizon_idx,34,0.21124884486198425
RA2_handsin@D1,cup_wipe_sponge_dryingrack,2,right_hand_joints,mse_at_horizon_idx,35,0.20591679215431213
RA2_handsin@D1,cup_wipe_sponge_dryingrack,2,right_hand_joints,mse_at_horizon_idx,36,0.2078048437833786
RA2_handsin@D1,cup_wipe_sponge_dryingrack,2,right_hand_joints,mse_at_horizon_idx,37,0.21109509468078613
RA2_handsin@D1,cup_wipe_sponge_dryingrack,2,right_hand_joints,mse_at_horizon_idx,38,0.2132665365934372
RA2_handsin@D1,cup_wipe_sponge_dryingrack,2,right_hand_joints,mse_at_horizon_idx,39,0.21674570441246033
RA2_handsin@D1,cup_wipe_sponge_dryingrack,2,right_hand_joints,grasp_precision,-1,0.3333333333333333
RA2_handsin@D1,cup_wipe_sponge_dryingrack,2,right_hand_joints,grasp_recall,-1,0.3333333333333333
RA2_handsin@D1,cup_wipe_sponge_dryingrack,2,right_hand_joints,grasp_f1,-1,0.3333333333333333
RA2_handsin@D1,cup_wipe_sponge_dryingrack,2,right_hand_joints,grasp_n_gt_events,-1,3.0
RA2_handsin@D1,cup_wipe_sponge_dryingrack,2,right_hand_joints,grasp_n_pred_events,-1,3.0
RA2_handsin@D1,cup_wipe_sponge_dryingrack,2,right_hand_joints,grasp_onset_timing_error_signed_steps,-1,7.0
RA2_handsin@D1,cup_wipe_sponge_dryingrack,2,right_hand_joints,grasp_spurious_transitions,-1,2.0
RA2_handsin@D1,cup_wipe_sponge_dryingrack,2,all,mse,-1,0.05474567413330078
RA2_handsin@D1,cup_wipe_sponge_dryingrack,2,all,mae,-1,0.0977100357413292
RA2_handsin@D1,cup_wipe_sponge_dryingrack,2,all,normalized_mse,-1,0.5898983478546143
RA2_handsin@D1,cup_wipe_sponge_dryingrack,2,all,final_position_error,-1,1.4777028560638428
RA2_handsin@D1,cup_wipe_sponge_dryingrack,2,all,mean_squared_jerk_pred,-1,0.0018001737771555781
RA2_handsin@D1,cup_wipe_sponge_dryingrack,2,all,mean_squared_jerk_gt,-1,0.0008246550569310784
RA2_handsin@D1,cup_wipe_sponge_dryingrack,2,all,jerk_ratio_pred_over_gt,-1,2.1829415366163576
RA2_handsin@D1,cup_wipe_sponge_dryingrack,2,all,chunk_boundary_discontinuity,-1,0.00027380132814869285
RA2_handsin@D1,cup_wipe_sponge_dryingrack,2,all,mse_proprio_ablated,-1,0.05612267926335335
RA2_handsin@D1,cup_wipe_sponge_dryingrack,2,all,proprio_leakage_gap,-1,0.0013770051300525665
RA2_handsin@D1,cup_wipe_sponge_dryingrack,2,all,mse_at_horizon_idx,0,0.049704618752002716
RA2_handsin@D1,cup_wipe_sponge_dryingrack,2,all,mse_at_horizon_idx,1,0.04971884563565254
RA2_handsin@D1,cup_wipe_sponge_dryingrack,2,all,mse_at_horizon_idx,2,0.04952716827392578
RA2_handsin@D1,cup_wipe_sponge_dryingrack,2,all,mse_at_horizon_idx,3,0.04762646183371544
RA2_handsin@D1,cup_wipe_sponge_dryingrack,2,all,mse_at_horizon_idx,4,0.04710814356803894
RA2_handsin@D1,cup_wipe_sponge_dryingrack,2,all,mse_at_horizon_idx,5,0.047245875000953674
RA2_handsin@D1,cup_wipe_sponge_dryingrack,2,all,mse_at_horizon_idx,6,0.04742973670363426
RA2_handsin@D1,cup_wipe_sponge_dryingrack,2,all,mse_at_horizon_idx,7,0.0478627048432827
RA2_handsin@D1,cup_wipe_sponge_dryingrack,2,all,mse_at_horizon_idx,8,0.048516206443309784
RA2_handsin@D1,cup_wipe_sponge_dryingrack,2,all,mse_at_horizon_idx,9,0.04943883419036865
RA2_handsin@D1,cup_wipe_sponge_dryingrack,2,all,mse_at_horizon_idx,10,0.050414077937603
RA2_handsin@D1,cup_wipe_sponge_dryingrack,2,all,mse_at_horizon_idx,11,0.04967673122882843
RA2_handsin@D1,cup_wipe_sponge_dryingrack,2,all,mse_at_horizon_idx,12,0.05063885822892189
RA2_handsin@D1,cup_wipe_sponge_dryingrack,2,all,mse_at_horizon_idx,13,0.05309425666928291
RA2_handsin@D1,cup_wipe_sponge_dryingrack,2,all,mse_at_horizon_idx,14,0.05482004955410957
RA2_handsin@D1,cup_wipe_sponge_dryingrack,2,all,mse_at_horizon_idx,15,0.0561421699821949
RA2_handsin@D1,cup_wipe_sponge_dryingrack,2,all,mse_at_horizon_idx,16,0.057916928082704544
RA2_handsin@D1,cup_wipe_sponge_dryingrack,2,all,mse_at_horizon_idx,17,0.059746406972408295
RA2_handsin@D1,cup_wipe_sponge_dryingrack,2,all,mse_at_horizon_idx,18,0.06110955402255058
RA2_handsin@D1,cup_wipe_sponge_dryingrack,2,all,mse_at_horizon_idx,19,0.06126893311738968
RA2_handsin@D1,cup_wipe_sponge_dryingrack,2,all,mse_at_horizon_idx,20,0.06219750642776489
RA2_handsin@D1,cup_wipe_sponge_dryingrack,2,all,mse_at_horizon_idx,21,0.06314728409051895
RA2_handsin@D1,cup_wipe_sponge_dryingrack,2,all,mse_at_horizon_idx,22,0.06370045244693756
RA2_handsin@D1,cup_wipe_sponge_dryingrack,2,all,mse_at_horizon_idx,23,0.06402169167995453
RA2_handsin@D1,cup_wipe_sponge_dryingrack,2,all,mse_at_horizon_idx,24,0.06396135687828064
RA2_handsin@D1,cup_wipe_sponge_dryingrack,2,all,mse_at_horizon_idx,25,0.06384840607643127
RA2_handsin@D1,cup_wipe_sponge_dryingrack,2,all,mse_at_horizon_idx,26,0.06303955614566803
RA2_handsin@D1,cup_wipe_sponge_dryingrack,2,all,mse_at_horizon_idx,27,0.06062594801187515
RA2_handsin@D1,cup_wipe_sponge_dryingrack,2,all,mse_at_horizon_idx,28,0.059298835694789886
RA2_handsin@D1,cup_wipe_sponge_dryingrack,2,all,mse_at_horizon_idx,29,0.058349352329969406
RA2_handsin@D1,cup_wipe_sponge_dryingrack,2,all,mse_at_horizon_idx,30,0.05746801942586899
RA2_handsin@D1,cup_wipe_sponge_dryingrack,2,all,mse_at_horizon_idx,31,0.05677449703216553
RA2_handsin@D1,cup_wipe_sponge_dryingrack,2,all,mse_at_horizon_idx,32,0.05628354102373123
RA2_handsin@D1,cup_wipe_sponge_dryingrack,2,all,mse_at_horizon_idx,33,0.056028712540864944
RA2_handsin@D1,cup_wipe_sponge_dryingrack,2,all,mse_at_horizon_idx,34,0.055877190083265305
RA2_handsin@D1,cup_wipe_sponge_dryingrack,2,all,mse_at_horizon_idx,35,0.051583390682935715
RA2_handsin@D1,cup_wipe_sponge_dryingrack,2,all,mse_at_horizon_idx,36,0.05057961493730545
RA2_handsin@D1,cup_wipe_sponge_dryingrack,2,all,mse_at_horizon_idx,37,0.04978111758828163
RA2_handsin@D1,cup_wipe_sponge_dryingrack,2,all,mse_at_horizon_idx,38,0.049232691526412964
RA2_handsin@D1,cup_wipe_sponge_dryingrack,2,all,mse_at_horizon_idx,39,0.04886065423488617
RA2_handsin@D1,floor_box_table,16,motion_token,mse,-1,0.005336311645805836
RA2_handsin@D1,floor_box_table,16,motion_token,mae,-1,0.051604293286800385
RA2_handsin@D1,floor_box_table,16,motion_token,normalized_mse,-1,0.5945115685462952
RA2_handsin@D1,floor_box_table,16,motion_token,final_position_error,-1,0.6373774409294128
RA2_handsin@D1,floor_box_table,16,motion_token,mean_squared_jerk_pred,-1,0.003351318184286356
RA2_handsin@D1,floor_box_table,16,motion_token,mean_squared_jerk_gt,-1,0.001409223536029458
RA2_handsin@D1,floor_box_table,16,motion_token,jerk_ratio_pred_over_gt,-1,2.3781310051979583
RA2_handsin@D1,floor_box_table,16,motion_token,chunk_boundary_discontinuity,-1,0.00036898526013828814
RA2_handsin@D1,floor_box_table,16,motion_token,on_grid_fraction,-1,1.0
RA2_handsin@D1,floor_box_table,16,motion_token,mse_proprio_ablated,-1,0.006160352844744921
RA2_handsin@D1,floor_box_table,16,motion_token,proprio_leakage_gap,-1,0.000824041198939085
RA2_handsin@D1,floor_box_table,16,motion_token,mse_at_horizon_idx,0,0.005246369633823633
RA2_handsin@D1,floor_box_table,16,motion_token,mse_at_horizon_idx,1,0.005376401357352734
RA2_handsin@D1,floor_box_table,16,motion_token,mse_at_horizon_idx,2,0.005315366201102734
RA2_handsin@D1,floor_box_table,16,motion_token,mse_at_horizon_idx,3,0.00514818262308836
RA2_handsin@D1,floor_box_table,16,motion_token,mse_at_horizon_idx,4,0.005211871583014727
RA2_handsin@D1,floor_box_table,16,motion_token,mse_at_horizon_idx,5,0.005243715830147266
RA2_handsin@D1,floor_box_table,16,motion_token,mse_at_horizon_idx,6,0.00557542871683836
RA2_handsin@D1,floor_box_table,16,motion_token,mse_at_horizon_idx,7,0.0054772417061030865
RA2_handsin@D1,floor_box_table,16,motion_token,mse_at_horizon_idx,8,0.0055807363241910934
RA2_handsin@D1,floor_box_table,16,motion_token,mse_at_horizon_idx,9,0.00564707862213254
RA2_handsin@D1,floor_box_table,16,motion_token,mse_at_horizon_idx,10,0.00574791943654418
RA2_handsin@D1,floor_box_table,16,motion_token,mse_at_horizon_idx,11,0.004919964354485273
RA2_handsin@D1,floor_box_table,16,motion_token,mse_at_horizon_idx,12,0.00495446240529418
RA2_handsin@D1,floor_box_table,16,motion_token,mse_at_horizon_idx,13,0.004946501459926367
RA2_handsin@D1,floor_box_table,16,motion_token,mse_at_horizon_idx,14,0.00509776221588254
RA2_handsin@D1,floor_box_table,16,motion_token,mse_at_horizon_idx,15,0.0051720659248530865
RA2_handsin@D1,floor_box_table,16,motion_token,mse_at_horizon_idx,16,0.005469280760735273
RA2_handsin@D1,floor_box_table,16,motion_token,mse_at_horizon_idx,17,0.005530315916985273
RA2_handsin@D1,floor_box_table,16,motion_token,mse_at_horizon_idx,18,0.005485203117132187
RA2_handsin@D1,floor_box_table,16,motion_token,mse_at_horizon_idx,19,0.00556481396779418
RA2_handsin@D1,floor_box_table,16,motion_token,mse_at_horizon_idx,20,0.00564707862213254
RA2_handsin@D1,floor_box_table,16,motion_token,mse_at_horizon_idx,21,0.005609926767647266
RA2_handsin@D1,floor_box_table,16,motion_token,mse_at_horizon_idx,22,0.0055382768623530865
RA2_handsin@D1,floor_box_table,16,motion_token,mse_at_horizon_idx,23,0.0055090864188969135
RA2_handsin@D1,floor_box_table,16,motion_token,mse_at_horizon_idx,24,0.005445397458970547
RA2_handsin@D1,floor_box_table,16,motion_token,mse_at_horizon_idx,25,0.0054931640625
RA2_handsin@D1,floor_box_table,16,motion_token,mse_at_horizon_idx,26,0.00555419921875
RA2_handsin@D1,floor_box_table,16,motion_token,mse_at_horizon_idx,27,0.00505530321970582
RA2_handsin@D1,floor_box_table,16,motion_token,mse_at_horizon_idx,28,0.005134914070367813
RA2_handsin@D1,floor_box_table,16,motion_token,mse_at_horizon_idx,29,0.005108377430588007
RA2_handsin@D1,floor_box_table,16,motion_token,mse_at_horizon_idx,30,0.005132260732352734
RA2_handsin@D1,floor_box_table,16,motion_token,mse_at_horizon_idx,31,0.005225140135735273
RA2_handsin@D1,floor_box_table,16,motion_token,mse_at_horizon_idx,32,0.00531005859375
RA2_handsin@D1,floor_box_table,16,motion_token,mse_at_horizon_idx,33,0.00520921777933836
RA2_handsin@D1,floor_box_table,16,motion_token,mse_at_horizon_idx,34,0.005296790041029453
RA2_handsin@D1,floor_box_table,16,motion_token,mse_at_horizon_idx,35,0.00529944384470582
RA2_handsin@D1,floor_box_table,16,motion_token,mse_at_horizon_idx,36,0.0052767666056752205
RA2_handsin@D1,floor_box_table,16,motion_token,mse_at_horizon_idx,37,0.005196311045438051
RA2_handsin@D1,floor_box_table,16,motion_token,mse_at_horizon_idx,38,0.005287863779813051
RA2_handsin@D1,floor_box_table,16,motion_token,mse_at_horizon_idx,39,0.0054043857380747795
RA2_handsin@D1,floor_box_table,16,left_hand_joints,mse,-1,0.24554257094860077
RA2_handsin@D1,floor_box_table,16,left_hand_joints,mae,-1,0.3572542667388916
RA2_handsin@D1,floor_box_table,16,left_hand_joints,normalized_mse,-1,0.04953605309128761
RA2_handsin@D1,floor_box_table,16,left_hand_joints,final_position_error,-1,1.5115289688110352
RA2_handsin@D1,floor_box_table,16,left_hand_joints,mean_squared_jerk_pred,-1,0.003373423358425498
RA2_handsin@D1,floor_box_table,16,left_hand_joints,mean_squared_jerk_gt,-1,2.0969486286048777e-05
RA2_handsin@D1,floor_box_table,16,left_hand_joints,jerk_ratio_pred_over_gt,-1,160.87296142633082
RA2_handsin@D1,floor_box_table,16,left_hand_joints,chunk_boundary_discontinuity,-1,0.0004906780668534338
RA2_handsin@D1,floor_box_table,16,left_hand_joints,mse_proprio_ablated,-1,0.24171483516693115
RA2_handsin@D1,floor_box_table,16,left_hand_joints,proprio_leakage_gap,-1,-0.0038277357816696167
RA2_handsin@D1,floor_box_table,16,left_hand_joints,mse_at_horizon_idx,0,0.2631668150424957
RA2_handsin@D1,floor_box_table,16,left_hand_joints,mse_at_horizon_idx,1,0.26074910163879395
RA2_handsin@D1,floor_box_table,16,left_hand_joints,mse_at_horizon_idx,2,0.2548897862434387
RA2_handsin@D1,floor_box_table,16,left_hand_joints,mse_at_horizon_idx,3,0.24393104016780853
RA2_handsin@D1,floor_box_table,16,left_hand_joints,mse_at_horizon_idx,4,0.24064798653125763
RA2_handsin@D1,floor_box_table,16,left_hand_joints,mse_at_horizon_idx,5,0.2383127063512802
RA2_handsin@D1,floor_box_table,16,left_hand_joints,mse_at_horizon_idx,6,0.23513153195381165
RA2_handsin@D1,floor_box_table,16,left_hand_joints,mse_at_horizon_idx,7,0.23229970037937164
RA2_handsin@D1,floor_box_table,16,left_hand_joints,mse_at_horizon_idx,8,0.22909334301948547
RA2_handsin@D1,floor_box_table,16,left_hand_joints,mse_at_horizon_idx,9,0.2291336953639984
RA2_handsin@D1,floor_box_table,16,left_hand_joints,mse_at_horizon_idx,10,0.2253420501947403
RA2_handsin@D1,floor_box_table,16,left_hand_joints,mse_at_horizon_idx,11,0.2256144881248474
RA2_handsin@D1,floor_box_table,16,left_hand_joints,mse_at_horizon_idx,12,0.22816842794418335
RA2_handsin@D1,floor_box_table,16,left_hand_joints,mse_at_horizon_idx,13,0.22917327284812927
RA2_handsin@D1,floor_box_table,16,left_hand_joints,mse_at_horizon_idx,14,0.22871080040931702
RA2_handsin@D1,floor_box_table,16,left_hand_joints,mse_at_horizon_idx,15,0.2289431244134903
RA2_handsin@D1,floor_box_table,16,left_hand_joints,mse_at_horizon_idx,16,0.2295413613319397
RA2_handsin@D1,floor_box_table,16,left_hand_joints,mse_at_horizon_idx,17,0.23113477230072021
RA2_handsin@D1,floor_box_table,16,left_hand_joints,mse_at_horizon_idx,18,0.22960610687732697
RA2_handsin@D1,floor_box_table,16,left_hand_joints,mse_at_horizon_idx,19,0.23327383399009705
RA2_handsin@D1,floor_box_table,16,left_hand_joints,mse_at_horizon_idx,20,0.23713795840740204
RA2_handsin@D1,floor_box_table,16,left_hand_joints,mse_at_horizon_idx,21,0.23927968740463257
RA2_handsin@D1,floor_box_table,16,left_hand_joints,mse_at_horizon_idx,22,0.241177499294281
RA2_handsin@D1,floor_box_table,16,left_hand_joints,mse_at_horizon_idx,23,0.2423403114080429
RA2_handsin@D1,floor_box_table,16,left_hand_joints,mse_at_horizon_idx,24,0.24506956338882446
RA2_handsin@D1,floor_box_table,16,left_hand_joints,mse_at_horizon_idx,25,0.24963687360286713
RA2_handsin@D1,floor_box_table,16,left_hand_joints,mse_at_horizon_idx,26,0.25121909379959106
RA2_handsin@D1,floor_box_table,16,left_hand_joints,mse_at_horizon_idx,27,0.2478644996881485
RA2_handsin@D1,floor_box_table,16,left_hand_joints,mse_at_horizon_idx,28,0.25206783413887024
RA2_handsin@D1,floor_box_table,16,left_hand_joints,mse_at_horizon_idx,29,0.257249653339386
RA2_handsin@D1,floor_box_table,16,left_hand_joints,mse_at_horizon_idx,30,0.26136210560798645
RA2_handsin@D1,floor_box_table,16,left_hand_joints,mse_at_horizon_idx,31,0.2638649344444275
RA2_handsin@D1,floor_box_table,16,left_hand_joints,mse_at_horizon_idx,32,0.2674899995326996
RA2_handsin@D1,floor_box_table,16,left_hand_joints,mse_at_horizon_idx,33,0.271978497505188
RA2_handsin@D1,floor_box_table,16,left_hand_joints,mse_at_horizon_idx,34,0.2711487114429474
RA2_handsin@D1,floor_box_table,16,left_hand_joints,mse_at_horizon_idx,35,0.26601070165634155
RA2_handsin@D1,floor_box_table,16,left_hand_joints,mse_at_horizon_idx,36,0.26326701045036316
RA2_handsin@D1,floor_box_table,16,left_hand_joints,mse_at_horizon_idx,37,0.26307088136672974
RA2_handsin@D1,floor_box_table,16,left_hand_joints,mse_at_horizon_idx,38,0.25966352224349976
RA2_handsin@D1,floor_box_table,16,left_hand_joints,mse_at_horizon_idx,39,0.2565649151802063
RA2_handsin@D1,floor_box_table,16,left_hand_joints,grasp_precision,-1,0.0
RA2_handsin@D1,floor_box_table,16,left_hand_joints,grasp_recall,-1,0.0
RA2_handsin@D1,floor_box_table,16,left_hand_joints,grasp_f1,-1,
RA2_handsin@D1,floor_box_table,16,left_hand_joints,grasp_n_gt_events,-1,3.0
RA2_handsin@D1,floor_box_table,16,left_hand_joints,grasp_n_pred_events,-1,14.0
RA2_handsin@D1,floor_box_table,16,left_hand_joints,grasp_onset_timing_error_signed_steps,-1,
RA2_handsin@D1,floor_box_table,16,left_hand_joints,grasp_spurious_transitions,-1,14.0
RA2_handsin@D1,floor_box_table,16,right_hand_joints,mse,-1,0.1814483255147934
RA2_handsin@D1,floor_box_table,16,right_hand_joints,mae,-1,0.305664598941803
RA2_handsin@D1,floor_box_table,16,right_hand_joints,normalized_mse,-1,0.07176239043474197
RA2_handsin@D1,floor_box_table,16,right_hand_joints,final_position_error,-1,1.4660004377365112
RA2_handsin@D1,floor_box_table,16,right_hand_joints,mean_squared_jerk_pred,-1,0.0017018454382196069
RA2_handsin@D1,floor_box_table,16,right_hand_joints,mean_squared_jerk_gt,-1,2.557596963015385e-05
RA2_handsin@D1,floor_box_table,16,right_hand_joints,jerk_ratio_pred_over_gt,-1,66.54079836774382
RA2_handsin@D1,floor_box_table,16,right_hand_joints,chunk_boundary_discontinuity,-1,0.00023987400345504284
RA2_handsin@D1,floor_box_table,16,right_hand_joints,mse_proprio_ablated,-1,0.1768435388803482
RA2_handsin@D1,floor_box_table,16,right_hand_joints,proprio_leakage_gap,-1,-0.00460478663444519
RA2_handsin@D1,floor_box_table,16,right_hand_joints,mse_at_horizon_idx,0,0.19973590970039368
RA2_handsin@D1,floor_box_table,16,right_hand_joints,mse_at_horizon_idx,1,0.2004593163728714
RA2_handsin@D1,floor_box_table,16,right_hand_joints,mse_at_horizon_idx,2,0.2005831003189087
RA2_handsin@D1,floor_box_table,16,right_hand_joints,mse_at_horizon_idx,3,0.19309662282466888
RA2_handsin@D1,floor_box_table,16,right_hand_joints,mse_at_horizon_idx,4,0.19212697446346283
RA2_handsin@D1,floor_box_table,16,right_hand_joints,mse_at_horizon_idx,5,0.19143100082874298
RA2_handsin@D1,floor_box_table,16,right_hand_joints,mse_at_horizon_idx,6,0.1915806531906128
RA2_handsin@D1,floor_box_table,16,right_hand_joints,mse_at_horizon_idx,7,0.19171614944934845
RA2_handsin@D1,floor_box_table,16,right_hand_joints,mse_at_horizon_idx,8,0.19096863269805908
RA2_handsin@D1,floor_box_table,16,right_hand_joints,mse_at_horizon_idx,9,0.1901184618473053
RA2_handsin@D1,floor_box_table,16,right_hand_joints,mse_at_horizon_idx,10,0.19054846465587616
RA2_handsin@D1,floor_box_table,16,right_hand_joints,mse_at_horizon_idx,11,0.17784208059310913
RA2_handsin@D1,floor_box_table,16,right_hand_joints,mse_at_horizon_idx,12,0.17549315094947815
RA2_handsin@D1,floor_box_table,16,right_hand_joints,mse_at_horizon_idx,13,0.1756555289030075
RA2_handsin@D1,floor_box_table,16,right_hand_joints,mse_at_horizon_idx,14,0.17613939940929413
RA2_handsin@D1,floor_box_table,16,right_hand_joints,mse_at_horizon_idx,15,0.17730793356895447
RA2_handsin@D1,floor_box_table,16,right_hand_joints,mse_at_horizon_idx,16,0.1779433935880661
RA2_handsin@D1,floor_box_table,16,right_hand_joints,mse_at_horizon_idx,17,0.17773230373859406
RA2_handsin@D1,floor_box_table,16,right_hand_joints,mse_at_horizon_idx,18,0.1780543178319931
RA2_handsin@D1,floor_box_table,16,right_hand_joints,mse_at_horizon_idx,19,0.17061136662960052
RA2_handsin@D1,floor_box_table,16,right_hand_joints,mse_at_horizon_idx,20,0.17053838074207306
RA2_handsin@D1,floor_box_table,16,right_hand_joints,mse_at_horizon_idx,21,0.17003382742404938
RA2_handsin@D1,floor_box_table,16,right_hand_joints,mse_at_horizon_idx,22,0.17167982459068298
RA2_handsin@D1,floor_box_table,16,right_hand_joints,mse_at_horizon_idx,23,0.1730068027973175
RA2_handsin@D1,floor_box_table,16,right_hand_joints,mse_at_horizon_idx,24,0.17384114861488342
RA2_handsin@D1,floor_box_table,16,right_hand_joints,mse_at_horizon_idx,25,0.17452013492584229
RA2_handsin@D1,floor_box_table,16,right_hand_joints,mse_at_horizon_idx,26,0.1760449856519699
RA2_handsin@D1,floor_box_table,16,right_hand_joints,mse_at_horizon_idx,27,0.16917988657951355
RA2_handsin@D1,floor_box_table,16,right_hand_joints,mse_at_horizon_idx,28,0.16980940103530884
RA2_handsin@D1,floor_box_table,16,right_hand_joints,mse_at_horizon_idx,29,0.17115437984466553
RA2_handsin@D1,floor_box_table,16,right_hand_joints,mse_at_horizon_idx,30,0.17486099898815155
RA2_handsin@D1,floor_box_table,16,right_hand_joints,mse_at_horizon_idx,31,0.17821729183197021
RA2_handsin@D1,floor_box_table,16,right_hand_joints,mse_at_horizon_idx,32,0.18170398473739624
RA2_handsin@D1,floor_box_table,16,right_hand_joints,mse_at_horizon_idx,33,0.18584044277668
RA2_handsin@D1,floor_box_table,16,right_hand_joints,mse_at_horizon_idx,34,0.19056729972362518
RA2_handsin@D1,floor_box_table,16,right_hand_joints,mse_at_horizon_idx,35,0.1832803189754486
RA2_handsin@D1,floor_box_table,16,right_hand_joints,mse_at_horizon_idx,36,0.178668811917305
RA2_handsin@D1,floor_box_table,16,right_hand_joints,mse_at_horizon_idx,37,0.1797681599855423
RA2_handsin@D1,floor_box_table,16,right_hand_joints,mse_at_horizon_idx,38,0.18241125345230103
RA2_handsin@D1,floor_box_table,16,right_hand_joints,mse_at_horizon_idx,39,0.18360258638858795
RA2_handsin@D1,floor_box_table,16,right_hand_joints,grasp_precision,-1,0.0
RA2_handsin@D1,floor_box_table,16,right_hand_joints,grasp_recall,-1,0.0
RA2_handsin@D1,floor_box_table,16,right_hand_joints,grasp_f1,-1,
RA2_handsin@D1,floor_box_table,16,right_hand_joints,grasp_n_gt_events,-1,3.0
RA2_handsin@D1,floor_box_table,16,right_hand_joints,grasp_n_pred_events,-1,8.0
RA2_handsin@D1,floor_box_table,16,right_hand_joints,grasp_onset_timing_error_signed_steps,-1,
RA2_handsin@D1,floor_box_table,16,right_hand_joints,grasp_spurious_transitions,-1,8.0
RA2_handsin@D1,floor_box_table,16,all,mse,-1,0.0426982045173645
RA2_handsin@D1,floor_box_table,16,all,mae,-1,0.10183469951152802
RA2_handsin@D1,floor_box_table,16,all,normalized_mse,-1,0.5783339142799377
RA2_handsin@D1,floor_box_table,16,all,final_position_error,-1,2.200028896331787
RA2_handsin@D1,floor_box_table,16,all,mean_squared_jerk_pred,-1,0.0032052723690867424
RA2_handsin@D1,floor_box_table,16,all,mean_squared_jerk_gt,-1,0.0011604632018133998
RA2_handsin@D1,floor_box_table,16,all,jerk_ratio_pred_over_gt,-1,2.7620629108083894
RA2_handsin@D1,floor_box_table,16,all,chunk_boundary_discontinuity,-1,0.0003683194809127599
RA2_handsin@D1,floor_box_table,16,all,mse_proprio_ablated,-1,0.04261757805943489
RA2_handsin@D1,floor_box_table,16,all,proprio_leakage_gap,-1,-8.06264579296112e-05
RA2_handsin@D1,floor_box_table,16,all,mse_at_horizon_idx,0,0.04584725946187973
RA2_handsin@D1,floor_box_table,16,all,mse_at_horizon_idx,1,0.045801907777786255
RA2_handsin@D1,floor_box_table,16,all,mse_at_horizon_idx,2,0.04523709416389465
RA2_handsin@D1,floor_box_table,16,all,mse_at_horizon_idx,3,0.04344458132982254
RA2_handsin@D1,floor_box_table,16,all,mse_at_horizon_idx,4,0.04311518743634224
RA2_handsin@D1,floor_box_table,16,all,mse_at_horizon_idx,5,0.04286928102374077
RA2_handsin@D1,floor_box_table,16,all,mse_at_horizon_idx,6,0.04286939650774002
RA2_handsin@D1,floor_box_table,16,all,mse_at_horizon_idx,7,0.04254684969782829
RA2_handsin@D1,floor_box_table,16,all,mse_at_horizon_idx,8,0.04227694123983383
RA2_handsin@D1,floor_box_table,16,all,mse_at_horizon_idx,9,0.042258698493242264
RA2_handsin@D1,floor_box_table,16,all,mse_at_horizon_idx,10,0.042039740830659866
RA2_handsin@D1,floor_box_table,16,all,mse_at_horizon_idx,11,0.040244534611701965
RA2_handsin@D1,floor_box_table,16,all,mse_at_horizon_idx,12,0.04029124230146408
RA2_handsin@D1,floor_box_table,16,all,mse_at_horizon_idx,13,0.040389467030763626
RA2_handsin@D1,floor_box_table,16,all,mse_at_horizon_idx,14,0.040515486150979996
RA2_handsin@D1,floor_box_table,16,all,mse_at_horizon_idx,15,0.04070217162370682
RA2_handsin@D1,floor_box_table,16,all,mse_at_horizon_idx,16,0.041056763380765915
RA2_handsin@D1,floor_box_table,16,all,mse_at_horizon_idx,17,0.04123089462518692
RA2_handsin@D1,floor_box_table,16,all,mse_at_horizon_idx,18,0.04108559340238571
RA2_handsin@D1,floor_box_table,16,all,mse_at_horizon_idx,19,0.040812116116285324
RA2_handsin@D1,floor_box_table,16,all,mse_at_horizon_idx,20,0.041219841688871384
RA2_handsin@D1,floor_box_table,16,all,mse_at_horizon_idx,21,0.04133628308773041
RA2_handsin@D1,floor_box_table,16,all,mse_at_horizon_idx,22,0.041595522314310074
RA2_handsin@D1,floor_box_table,16,all,mse_at_horizon_idx,23,0.041795019060373306
RA2_handsin@D1,floor_box_table,16,all,mse_at_horizon_idx,24,0.04206257313489914
RA2_handsin@D1,floor_box_table,16,all,mse_at_horizon_idx,25,0.04257258027791977
RA2_handsin@D1,floor_box_table,16,all,mse_at_horizon_idx,26,0.04290149733424187
RA2_handsin@D1,floor_box_table,16,all,mse_at_horizon_idx,27,0.041575003415346146
RA2_handsin@D1,floor_box_table,16,all,mse_at_horizon_idx,28,0.042074043303728104
RA2_handsin@D1,floor_box_table,16,all,mse_at_horizon_idx,29,0.04263800382614136
RA2_handsin@D1,floor_box_table,16,all,mse_at_horizon_idx,30,0.04335930943489075
RA2_handsin@D1,floor_box_table,16,all,mse_at_horizon_idx,31,0.043961334973573685
RA2_handsin@D1,floor_box_table,16,all,mse_at_horizon_idx,32,0.044669248163700104
RA2_handsin@D1,floor_box_table,16,all,mse_at_horizon_idx,33,0.04536055028438568
RA2_handsin@D1,floor_box_table,16,all,mse_at_horizon_idx,34,0.045782141387462616
RA2_handsin@D1,floor_box_table,16,all,mse_at_horizon_idx,35,0.044669248163700104
RA2_handsin@D1,floor_box_table,16,all,mse_at_horizon_idx,36,0.04399055615067482
RA2_handsin@D1,floor_box_table,16,all,mse_at_horizon_idx,37,0.044005610048770905
RA2_handsin@D1,floor_box_table,16,all,mse_at_horizon_idx,38,0.04401214048266411
RA2_handsin@D1,floor_box_table,16,all,mse_at_horizon_idx,39,0.04393657669425011
RA2_handsin,bottle_cupnoodles_shelf,0,motion_token,mse,-1,0.00937140267342329
RA2_handsin,bottle_cupnoodles_shelf,0,motion_token,mae,-1,0.07320491969585419
RA2_handsin,bottle_cupnoodles_shelf,0,motion_token,normalized_mse,-1,1.4876525402069092
RA2_handsin,bottle_cupnoodles_shelf,0,motion_token,final_position_error,-1,0.519163966178894
RA2_handsin,bottle_cupnoodles_shelf,0,motion_token,mean_squared_jerk_pred,-1,0.002844733651727438
RA2_handsin,bottle_cupnoodles_shelf,0,motion_token,mean_squared_jerk_gt,-1,0.0012229096610099077
RA2_handsin,bottle_cupnoodles_shelf,0,motion_token,jerk_ratio_pred_over_gt,-1,2.3262009798648493
RA2_handsin,bottle_cupnoodles_shelf,0,motion_token,chunk_boundary_discontinuity,-1,0.006918711122125387
RA2_handsin,bottle_cupnoodles_shelf,0,motion_token,on_grid_fraction,-1,1.0
RA2_handsin,bottle_cupnoodles_shelf,0,motion_token,mse_proprio_ablated,-1,0.009806529618799686
RA2_handsin,bottle_cupnoodles_shelf,0,motion_token,proprio_leakage_gap,-1,0.0004351269453763962
RA2_handsin,bottle_cupnoodles_shelf,0,motion_token,mse_at_horizon_idx,0,0.00858946144580841
RA2_handsin,bottle_cupnoodles_shelf,0,motion_token,mse_at_horizon_idx,1,0.008444296196103096
RA2_handsin,bottle_cupnoodles_shelf,0,motion_token,mse_at_horizon_idx,2,0.008372538723051548
RA2_handsin,bottle_cupnoodles_shelf,0,motion_token,mse_at_horizon_idx,3,0.008281811140477657
RA2_handsin,bottle_cupnoodles_shelf,0,motion_token,mse_at_horizon_idx,4,0.008228198625147343
RA2_handsin,bottle_cupnoodles_shelf,0,motion_token,mse_at_horizon_idx,5,0.008283460512757301
RA2_handsin,bottle_cupnoodles_shelf,0,motion_token,mse_at_horizon_idx,6,0.00833212397992611
RA2_handsin,bottle_cupnoodles_shelf,0,motion_token,mse_at_horizon_idx,7,0.008287584409117699
RA2_handsin,bottle_cupnoodles_shelf,0,motion_token,mse_at_horizon_idx,8,0.008287584409117699
RA2_handsin,bottle_cupnoodles_shelf,0,motion_token,mse_at_horizon_idx,9,0.008646371774375439
RA2_handsin,bottle_cupnoodles_shelf,0,motion_token,mse_at_horizon_idx,10,0.008841849863529205
RA2_handsin,bottle_cupnoodles_shelf,0,motion_token,mse_at_horizon_idx,11,0.00887979008257389
RA2_handsin,bottle_cupnoodles_shelf,0,motion_token,mse_at_horizon_idx,12,0.009059596806764603
RA2_handsin,bottle_cupnoodles_shelf,0,motion_token,mse_at_horizon_idx,13,0.009062071330845356
RA2_handsin,bottle_cupnoodles_shelf,0,motion_token,mse_at_horizon_idx,14,0.009189089760184288
RA2_handsin,bottle_cupnoodles_shelf,0,motion_token,mse_at_horizon_idx,15,0.009248080663383007
RA2_handsin,bottle_cupnoodles_shelf,0,motion_token,mse_at_horizon_idx,16,0.00933837890625
RA2_handsin,bottle_cupnoodles_shelf,0,motion_token,mse_at_horizon_idx,17,0.009291557595133781
RA2_handsin,bottle_cupnoodles_shelf,0,motion_token,mse_at_horizon_idx,18,0.00927901640534401
RA2_handsin,bottle_cupnoodles_shelf,0,motion_token,mse_at_horizon_idx,19,0.009326673112809658
RA2_handsin,bottle_cupnoodles_shelf,0,motion_token,mse_at_horizon_idx,20,0.009350920096039772
RA2_handsin,bottle_cupnoodles_shelf,0,motion_token,mse_at_horizon_idx,21,0.009485532529652119
RA2_handsin,bottle_cupnoodles_shelf,0,motion_token,mse_at_horizon_idx,22,0.009463793598115444
RA2_handsin,bottle_cupnoodles_shelf,0,motion_token,mse_at_horizon_idx,23,0.009576667100191116
RA2_handsin,bottle_cupnoodles_shelf,0,motion_token,mse_at_horizon_idx,24,0.009630177170038223
RA2_handsin,bottle_cupnoodles_shelf,0,motion_token,mse_at_horizon_idx,25,0.00962432473897934
RA2_handsin,bottle_cupnoodles_shelf,0,motion_token,mse_at_horizon_idx,26,0.009692048653960228
RA2_handsin,bottle_cupnoodles_shelf,0,motion_token,mse_at_horizon_idx,27,0.009796560741961002
RA2_handsin,bottle_cupnoodles_shelf,0,motion_token,mse_at_horizon_idx,28,0.009850907139480114
RA2_handsin,bottle_cupnoodles_shelf,0,motion_token,mse_at_horizon_idx,29,0.00980575755238533
RA2_handsin,bottle_cupnoodles_shelf,0,motion_token,mse_at_horizon_idx,30,0.009815790690481663
RA2_handsin,bottle_cupnoodles_shelf,0,motion_token,mse_at_horizon_idx,31,0.009809101931750774
RA2_handsin,bottle_cupnoodles_shelf,0,motion_token,mse_at_horizon_idx,32,0.01003317628055811
RA2_handsin,bottle_cupnoodles_shelf,0,motion_token,mse_at_horizon_idx,33,0.010160263627767563
RA2_handsin,bottle_cupnoodles_shelf,0,motion_token,mse_at_horizon_idx,34,0.010268956422805786
RA2_handsin,bottle_cupnoodles_shelf,0,motion_token,mse_at_horizon_idx,35,0.01051727682352066
RA2_handsin,bottle_cupnoodles_shelf,0,motion_token,mse_at_horizon_idx,36,0.010649380274116993
RA2_handsin,bottle_cupnoodles_shelf,0,motion_token,mse_at_horizon_idx,37,0.010697037912905216
RA2_handsin,bottle_cupnoodles_shelf,0,motion_token,mse_at_horizon_idx,38,0.010645200498402119
RA2_handsin,bottle_cupnoodles_shelf,0,motion_token,mse_at_horizon_idx,39,0.010875127278268337
RA2_handsin,bottle_cupnoodles_shelf,0,right_hand_joints,mse,-1,0.04127350449562073
RA2_handsin,bottle_cupnoodles_shelf,0,right_hand_joints,mae,-1,0.13183775544166565
RA2_handsin,bottle_cupnoodles_shelf,0,right_hand_joints,normalized_mse,-1,0.2547990679740906
RA2_handsin,bottle_cupnoodles_shelf,0,right_hand_joints,final_position_error,-1,0.15236768126487732
RA2_handsin,bottle_cupnoodles_shelf,0,right_hand_joints,mean_squared_jerk_pred,-1,0.005391768179833889
RA2_handsin,bottle_cupnoodles_shelf,0,right_hand_joints,mean_squared_jerk_gt,-1,0.00014900689711794257
RA2_handsin,bottle_cupnoodles_shelf,0,right_hand_joints,jerk_ratio_pred_over_gt,-1,36.18468865616451
RA2_handsin,bottle_cupnoodles_shelf,0,right_hand_joints,chunk_boundary_discontinuity,-1,0.03520355373620987
RA2_handsin,bottle_cupnoodles_shelf,0,right_hand_joints,mse_proprio_ablated,-1,0.0418798066675663
RA2_handsin,bottle_cupnoodles_shelf,0,right_hand_joints,proprio_leakage_gap,-1,0.0006063021719455719
RA2_handsin,bottle_cupnoodles_shelf,0,right_hand_joints,mse_at_horizon_idx,0,0.038515154272317886
RA2_handsin,bottle_cupnoodles_shelf,0,right_hand_joints,mse_at_horizon_idx,1,0.03848341479897499
RA2_handsin,bottle_cupnoodles_shelf,0,right_hand_joints,mse_at_horizon_idx,2,0.038651395589113235
RA2_handsin,bottle_cupnoodles_shelf,0,right_hand_joints,mse_at_horizon_idx,3,0.03889330103993416
RA2_handsin,bottle_cupnoodles_shelf,0,right_hand_joints,mse_at_horizon_idx,4,0.039032258093357086
RA2_handsin,bottle_cupnoodles_shelf,0,right_hand_joints,mse_at_horizon_idx,5,0.03935336321592331
RA2_handsin,bottle_cupnoodles_shelf,0,right_hand_joints,mse_at_horizon_idx,6,0.03939281776547432
RA2_handsin,bottle_cupnoodles_shelf,0,right_hand_joints,mse_at_horizon_idx,7,0.039257925003767014
RA2_handsin,bottle_cupnoodles_shelf,0,right_hand_joints,mse_at_horizon_idx,8,0.039417777210474014
RA2_handsin,bottle_cupnoodles_shelf,0,right_hand_joints,mse_at_horizon_idx,9,0.03963259980082512
RA2_handsin,bottle_cupnoodles_shelf,0,right_hand_joints,mse_at_horizon_idx,10,0.03972351923584938
RA2_handsin,bottle_cupnoodles_shelf,0,right_hand_joints,mse_at_horizon_idx,11,0.040947843343019485
RA2_handsin,bottle_cupnoodles_shelf,0,right_hand_joints,mse_at_horizon_idx,12,0.04113536328077316
RA2_handsin,bottle_cupnoodles_shelf,0,right_hand_joints,mse_at_horizon_idx,13,0.04052210971713066
RA2_handsin,bottle_cupnoodles_shelf,0,right_hand_joints,mse_at_horizon_idx,14,0.0401117317378521
RA2_handsin,bottle_cupnoodles_shelf,0,right_hand_joints,mse_at_horizon_idx,15,0.04006725177168846
RA2_handsin,bottle_cupnoodles_shelf,0,right_hand_joints,mse_at_horizon_idx,16,0.039695169776678085
RA2_handsin,bottle_cupnoodles_shelf,0,right_hand_joints,mse_at_horizon_idx,17,0.03888188302516937
RA2_handsin,bottle_cupnoodles_shelf,0,right_hand_joints,mse_at_horizon_idx,18,0.03831176459789276
RA2_handsin,bottle_cupnoodles_shelf,0,right_hand_joints,mse_at_horizon_idx,19,0.03814287483692169
RA2_handsin,bottle_cupnoodles_shelf,0,right_hand_joints,mse_at_horizon_idx,20,0.0374973826110363
RA2_handsin,bottle_cupnoodles_shelf,0,right_hand_joints,mse_at_horizon_idx,21,0.03745114430785179
RA2_handsin,bottle_cupnoodles_shelf,0,right_hand_joints,mse_at_horizon_idx,22,0.037142567336559296
RA2_handsin,bottle_cupnoodles_shelf,0,right_hand_joints,mse_at_horizon_idx,23,0.03738430514931679
RA2_handsin,bottle_cupnoodles_shelf,0,right_hand_joints,mse_at_horizon_idx,24,0.038050517439842224
RA2_handsin,bottle_cupnoodles_shelf,0,right_hand_joints,mse_at_horizon_idx,25,0.03875892609357834
RA2_handsin,bottle_cupnoodles_shelf,0,right_hand_joints,mse_at_horizon_idx,26,0.03894990310072899
RA2_handsin,bottle_cupnoodles_shelf,0,right_hand_joints,mse_at_horizon_idx,27,0.039962466806173325
RA2_handsin,bottle_cupnoodles_shelf,0,right_hand_joints,mse_at_horizon_idx,28,0.04103727638721466
RA2_handsin,bottle_cupnoodles_shelf,0,right_hand_joints,mse_at_horizon_idx,29,0.04209158197045326
RA2_handsin,bottle_cupnoodles_shelf,0,right_hand_joints,mse_at_horizon_idx,30,0.04328961670398712
RA2_handsin,bottle_cupnoodles_shelf,0,right_hand_joints,mse_at_horizon_idx,31,0.044473230838775635
RA2_handsin,bottle_cupnoodles_shelf,0,right_hand_joints,mse_at_horizon_idx,32,0.04553241655230522
RA2_handsin,bottle_cupnoodles_shelf,0,right_hand_joints,mse_at_horizon_idx,33,0.04623759537935257
RA2_handsin,bottle_cupnoodles_shelf,0,right_hand_joints,mse_at_horizon_idx,34,0.047087155282497406
RA2_handsin,bottle_cupnoodles_shelf,0,right_hand_joints,mse_at_horizon_idx,35,0.04778312146663666
RA2_handsin,bottle_cupnoodles_shelf,0,right_hand_joints,mse_at_horizon_idx,36,0.048738352954387665
RA2_handsin,bottle_cupnoodles_shelf,0,right_hand_joints,mse_at_horizon_idx,37,0.04981876164674759
RA2_handsin,bottle_cupnoodles_shelf,0,right_hand_joints,mse_at_horizon_idx,38,0.050570663064718246
RA2_handsin,bottle_cupnoodles_shelf,0,right_hand_joints,mse_at_horizon_idx,39,0.05127023532986641
RA2_handsin,bottle_cupnoodles_shelf,0,right_hand_joints,grasp_precision,-1,0.6666666666666666
RA2_handsin,bottle_cupnoodles_shelf,0,right_hand_joints,grasp_recall,-1,0.4
RA2_handsin,bottle_cupnoodles_shelf,0,right_hand_joints,grasp_f1,-1,0.5
RA2_handsin,bottle_cupnoodles_shelf,0,right_hand_joints,grasp_n_gt_events,-1,5.0
RA2_handsin,bottle_cupnoodles_shelf,0,right_hand_joints,grasp_n_pred_events,-1,3.0
RA2_handsin,bottle_cupnoodles_shelf,0,right_hand_joints,grasp_onset_timing_error_signed_steps,-1,5.5
RA2_handsin,bottle_cupnoodles_shelf,0,right_hand_joints,grasp_spurious_transitions,-1,1.0
RA2_handsin,bottle_cupnoodles_shelf,0,all,mse,-1,0.011683149263262749
RA2_handsin,bottle_cupnoodles_shelf,0,all,mae,-1,0.07745367288589478
RA2_handsin,bottle_cupnoodles_shelf,0,all,normalized_mse,-1,1.3983159065246582
RA2_handsin,bottle_cupnoodles_shelf,0,all,final_position_error,-1,0.5410611629486084
RA2_handsin,bottle_cupnoodles_shelf,0,all,mean_squared_jerk_pred,-1,0.003029301529750228
RA2_handsin,bottle_cupnoodles_shelf,0,all,mean_squared_jerk_gt,-1,0.0011450906749814749
RA2_handsin,bottle_cupnoodles_shelf,0,all,jerk_ratio_pred_over_gt,-1,2.645468691638097
RA2_handsin,bottle_cupnoodles_shelf,0,all,chunk_boundary_discontinuity,-1,0.008968336507678032
RA2_handsin,bottle_cupnoodles_shelf,0,all,mse_proprio_ablated,-1,0.012130680494010448
RA2_handsin,bottle_cupnoodles_shelf,0,all,proprio_leakage_gap,-1,0.00044753123074769974
RA2_handsin,bottle_cupnoodles_shelf,0,all,mse_at_horizon_idx,0,0.010757990181446075
RA2_handsin,bottle_cupnoodles_shelf,0,all,mse_at_horizon_idx,1,0.010621044784784317
RA2_handsin,bottle_cupnoodles_shelf,0,all,mse_at_horizon_idx,2,0.010566659271717072
RA2_handsin,bottle_cupnoodles_shelf,0,all,mse_at_horizon_idx,3,0.01050003431737423
RA2_handsin,bottle_cupnoodles_shelf,0,all,mse_at_horizon_idx,4,0.010460376739501953
RA2_handsin,bottle_cupnoodles_shelf,0,all,mse_at_horizon_idx,5,0.010534903034567833
RA2_handsin,bottle_cupnoodles_shelf,0,all,mse_at_horizon_idx,6,0.010582898743450642
RA2_handsin,bottle_cupnoodles_shelf,0,all,mse_at_horizon_idx,7,0.010531812906265259
RA2_handsin,bottle_cupnoodles_shelf,0,all,mse_at_horizon_idx,8,0.010543394833803177
RA2_handsin,bottle_cupnoodles_shelf,0,all,mse_at_horizon_idx,9,0.010891750454902649
RA2_handsin,bottle_cupnoodles_shelf,0,all,mse_at_horizon_idx,10,0.011079651303589344
RA2_handsin,bottle_cupnoodles_shelf,0,all,mse_at_horizon_idx,11,0.011203562840819359
RA2_handsin,bottle_cupnoodles_shelf,0,all,mse_at_horizon_idx,12,0.011383927427232265
RA2_handsin,bottle_cupnoodles_shelf,0,all,mse_at_horizon_idx,13,0.011341783218085766
RA2_handsin,bottle_cupnoodles_shelf,0,all,mse_at_horizon_idx,14,0.011429861187934875
RA2_handsin,bottle_cupnoodles_shelf,0,all,mse_at_horizon_idx,15,0.011481354013085365
RA2_handsin,bottle_cupnoodles_shelf,0,all,mse_at_horizon_idx,16,0.011538146063685417
RA2_handsin,bottle_cupnoodles_shelf,0,all,mse_at_horizon_idx,17,0.011435783468186855
RA2_handsin,bottle_cupnoodles_shelf,0,all,mse_at_horizon_idx,18,0.011382837779819965
RA2_handsin,bottle_cupnoodles_shelf,0,all,mse_at_horizon_idx,19,0.011414803564548492
RA2_handsin,bottle_cupnoodles_shelf,0,all,mse_at_horizon_idx,20,0.011390519328415394
RA2_handsin,bottle_cupnoodles_shelf,0,all,mse_at_horizon_idx,21,0.011512025259435177
RA2_handsin,bottle_cupnoodles_shelf,0,all,mse_at_horizon_idx,22,0.011469501070678234
RA2_handsin,bottle_cupnoodles_shelf,0,all,mse_at_horizon_idx,23,0.011591712012887001
RA2_handsin,bottle_cupnoodles_shelf,0,all,mse_at_horizon_idx,24,0.011689621955156326
RA2_handsin,bottle_cupnoodles_shelf,0,all,mse_at_horizon_idx,25,0.011735528707504272
RA2_handsin,bottle_cupnoodles_shelf,0,all,mse_at_horizon_idx,26,0.011812183074653149
RA2_handsin,bottle_cupnoodles_shelf,0,all,mse_at_horizon_idx,27,0.01198249589651823
RA2_handsin,bottle_cupnoodles_shelf,0,all,mse_at_horizon_idx,28,0.012110789306461811
RA2_handsin,bottle_cupnoodles_shelf,0,all,mse_at_horizon_idx,29,0.012145310640335083
RA2_handsin,bottle_cupnoodles_shelf,0,all,mse_at_horizon_idx,30,0.012241430580615997
RA2_handsin,bottle_cupnoodles_shelf,0,all,mse_at_horizon_idx,31,0.012320996262133121
RA2_handsin,bottle_cupnoodles_shelf,0,all,mse_at_horizon_idx,32,0.012605585157871246
RA2_handsin,bottle_cupnoodles_shelf,0,all,mse_at_horizon_idx,33,0.01277456246316433
RA2_handsin,bottle_cupnoodles_shelf,0,all,mse_at_horizon_idx,34,0.012936942279338837
RA2_handsin,bottle_cupnoodles_shelf,0,all,mse_at_horizon_idx,35,0.013217701576650143
RA2_handsin,bottle_cupnoodles_shelf,0,all,mse_at_horizon_idx,36,0.013409451581537724
RA2_handsin,bottle_cupnoodles_shelf,0,all,mse_at_horizon_idx,37,0.013531946577131748
RA2_handsin,bottle_cupnoodles_shelf,0,all,mse_at_horizon_idx,38,0.013538350351154804
RA2_handsin,bottle_cupnoodles_shelf,0,all,mse_at_horizon_idx,39,0.013802307657897472
RA2_handsin,cup_wipe_sponge_dryingrack,2,motion_token,mse,-1,0.0025174561887979507
RA2_handsin,cup_wipe_sponge_dryingrack,2,motion_token,mae,-1,0.032435569912195206
RA2_handsin,cup_wipe_sponge_dryingrack,2,motion_token,normalized_mse,-1,0.7236840724945068
RA2_handsin,cup_wipe_sponge_dryingrack,2,motion_token,final_position_error,-1,0.2651650309562683
RA2_handsin,cup_wipe_sponge_dryingrack,2,motion_token,mean_squared_jerk_pred,-1,0.001163661596365273
RA2_handsin,cup_wipe_sponge_dryingrack,2,motion_token,mean_squared_jerk_gt,-1,0.0009948730003088713
RA2_handsin,cup_wipe_sponge_dryingrack,2,motion_token,jerk_ratio_pred_over_gt,-1,1.1696584347992147
RA2_handsin,cup_wipe_sponge_dryingrack,2,motion_token,chunk_boundary_discontinuity,-1,0.0018981933826580644
RA2_handsin,cup_wipe_sponge_dryingrack,2,motion_token,on_grid_fraction,-1,1.0
RA2_handsin,cup_wipe_sponge_dryingrack,2,motion_token,mse_proprio_ablated,-1,0.002523987554013729
RA2_handsin,cup_wipe_sponge_dryingrack,2,motion_token,proprio_leakage_gap,-1,6.531365215778351e-06
RA2_handsin,cup_wipe_sponge_dryingrack,2,motion_token,mse_at_horizon_idx,0,0.001964750699698925
RA2_handsin,cup_wipe_sponge_dryingrack,2,motion_token,mse_at_horizon_idx,1,0.0018949962686747313
RA2_handsin,cup_wipe_sponge_dryingrack,2,motion_token,mse_at_horizon_idx,2,0.0018513997783884406
RA2_handsin,cup_wipe_sponge_dryingrack,2,motion_token,mse_at_horizon_idx,3,0.001819428987801075
RA2_handsin,cup_wipe_sponge_dryingrack,2,motion_token,mse_at_horizon_idx,4,0.0018397739622741938
RA2_handsin,cup_wipe_sponge_dryingrack,2,motion_token,mse_at_horizon_idx,5,0.0018775577191263437
RA2_handsin,cup_wipe_sponge_dryingrack,2,motion_token,mse_at_horizon_idx,6,0.0018891834188252687
RA2_handsin,cup_wipe_sponge_dryingrack,2,motion_token,mse_at_horizon_idx,7,0.0019240606343373656
RA2_handsin,cup_wipe_sponge_dryingrack,2,motion_token,mse_at_horizon_idx,8,0.0020548503380268812
RA2_handsin,cup_wipe_sponge_dryingrack,2,motion_token,mse_at_horizon_idx,9,0.0022030784748494625
RA2_handsin,cup_wipe_sponge_dryingrack,2,motion_token,mse_at_horizon_idx,10,0.0023106166627258062
RA2_handsin,cup_wipe_sponge_dryingrack,2,motion_token,mse_at_horizon_idx,11,0.0023600261192768812
RA2_handsin,cup_wipe_sponge_dryingrack,2,motion_token,mse_at_horizon_idx,12,0.0024675640743225813
RA2_handsin,cup_wipe_sponge_dryingrack,2,motion_token,mse_at_horizon_idx,13,0.0026702880859375
RA2_handsin,cup_wipe_sponge_dryingrack,2,motion_token,mse_at_horizon_idx,14,0.0027709961868822575
RA2_handsin,cup_wipe_sponge_dryingrack,2,motion_token,mse_at_horizon_idx,15,0.00274658203125
RA2_handsin,cup_wipe_sponge_dryingrack,2,motion_token,mse_at_horizon_idx,16,0.0027648925315588713
RA2_handsin,cup_wipe_sponge_dryingrack,2,motion_token,mse_at_horizon_idx,17,0.0027923583984375
RA2_handsin,cup_wipe_sponge_dryingrack,2,motion_token,mse_at_horizon_idx,18,0.0028198242653161287
RA2_handsin,cup_wipe_sponge_dryingrack,2,motion_token,mse_at_horizon_idx,19,0.0027618408203125
RA2_handsin,cup_wipe_sponge_dryingrack,2,motion_token,mse_at_horizon_idx,20,0.0027496337424963713
RA2_handsin,cup_wipe_sponge_dryingrack,2,motion_token,mse_at_horizon_idx,21,0.0027557373978197575
RA2_handsin,cup_wipe_sponge_dryingrack,2,motion_token,mse_at_horizon_idx,22,0.0026458739303052425
RA2_handsin,cup_wipe_sponge_dryingrack,2,motion_token,mse_at_horizon_idx,23,0.0026672363746911287
RA2_handsin,cup_wipe_sponge_dryingrack,2,motion_token,mse_at_horizon_idx,24,0.0027038573753088713
RA2_handsin,cup_wipe_sponge_dryingrack,2,motion_token,mse_at_horizon_idx,25,0.0026824951637536287
RA2_handsin,cup_wipe_sponge_dryingrack,2,motion_token,mse_at_horizon_idx,26,0.0026519775856286287
RA2_handsin,cup_wipe_sponge_dryingrack,2,motion_token,mse_at_horizon_idx,27,0.00274658203125
RA2_handsin,cup_wipe_sponge_dryingrack,2,motion_token,mse_at_horizon_idx,28,0.0027648925315588713
RA2_handsin,cup_wipe_sponge_dryingrack,2,motion_token,mse_at_horizon_idx,29,0.0027923583984375
RA2_handsin,cup_wipe_sponge_dryingrack,2,motion_token,mse_at_horizon_idx,30,0.0027526854537427425
RA2_handsin,cup_wipe_sponge_dryingrack,2,motion_token,mse_at_horizon_idx,31,0.0026824951637536287
RA2_handsin,cup_wipe_sponge_dryingrack,2,motion_token,mse_at_horizon_idx,32,0.0027404786087572575
RA2_handsin,cup_wipe_sponge_dryingrack,2,motion_token,mse_at_horizon_idx,33,0.0027282715309411287
RA2_handsin,cup_wipe_sponge_dryingrack,2,motion_token,mse_at_horizon_idx,34,0.0027587891090661287
RA2_handsin,cup_wipe_sponge_dryingrack,2,motion_token,mse_at_horizon_idx,35,0.002838134765625
RA2_handsin,cup_wipe_sponge_dryingrack,2,motion_token,mse_at_horizon_idx,36,0.0028839111328125
RA2_handsin,cup_wipe_sponge_dryingrack,2,motion_token,mse_at_horizon_idx,37,0.0028869628440588713
RA2_handsin,cup_wipe_sponge_dryingrack,2,motion_token,mse_at_horizon_idx,38,0.0028808594215661287
RA2_handsin,cup_wipe_sponge_dryingrack,2,motion_token,mse_at_horizon_idx,39,0.0029144287109375
RA2_handsin,cup_wipe_sponge_dryingrack,2,left_hand_joints,mse,-1,0.017472587525844574
RA2_handsin,cup_wipe_sponge_dryingrack,2,left_hand_joints,mae,-1,0.08842973411083221
RA2_handsin,cup_wipe_sponge_dryingrack,2,left_hand_joints,normalized_mse,-1,0.0772704929113388
RA2_handsin,cup_wipe_sponge_dryingrack,2,left_hand_joints,final_position_error,-1,0.0533280186355114
RA2_handsin,cup_wipe_sponge_dryingrack,2,left_hand_joints,mean_squared_jerk_pred,-1,0.005774448625743389
RA2_handsin,cup_wipe_sponge_dryingrack,2,left_hand_joints,mean_squared_jerk_gt,-1,0.00030419768881984055
RA2_handsin,cup_wipe_sponge_dryingrack,2,left_hand_joints,jerk_ratio_pred_over_gt,-1,18.982552589882676
RA2_handsin,cup_wipe_sponge_dryingrack,2,left_hand_joints,chunk_boundary_discontinuity,-1,0.0370076447725296
RA2_handsin,cup_wipe_sponge_dryingrack,2,left_hand_joints,mse_proprio_ablated,-1,0.017489518970251083
RA2_handsin,cup_wipe_sponge_dryingrack,2,left_hand_joints,proprio_leakage_gap,-1,1.69314444065094e-05
RA2_handsin,cup_wipe_sponge_dryingrack,2,left_hand_joints,mse_at_horizon_idx,0,0.023739811033010483
RA2_handsin,cup_wipe_sponge_dryingrack,2,left_hand_joints,mse_at_horizon_idx,1,0.02282203733921051
RA2_handsin,cup_wipe_sponge_dryingrack,2,left_hand_joints,mse_at_horizon_idx,2,0.02182001806795597
RA2_handsin,cup_wipe_sponge_dryingrack,2,left_hand_joints,mse_at_horizon_idx,3,0.020781587809324265
RA2_handsin,cup_wipe_sponge_dryingrack,2,left_hand_joints,mse_at_horizon_idx,4,0.020219571888446808
RA2_handsin,cup_wipe_sponge_dryingrack,2,left_hand_joints,mse_at_horizon_idx,5,0.02020055241882801
RA2_handsin,cup_wipe_sponge_dryingrack,2,left_hand_joints,mse_at_horizon_idx,6,0.020176786929368973
RA2_handsin,cup_wipe_sponge_dryingrack,2,left_hand_joints,mse_at_horizon_idx,7,0.02017117664217949
RA2_handsin,cup_wipe_sponge_dryingrack,2,left_hand_joints,mse_at_horizon_idx,8,0.017889920622110367
RA2_handsin,cup_wipe_sponge_dryingrack,2,left_hand_joints,mse_at_horizon_idx,9,0.01656186953186989
RA2_handsin,cup_wipe_sponge_dryingrack,2,left_hand_joints,mse_at_horizon_idx,10,0.018687259405851364
RA2_handsin,cup_wipe_sponge_dryingrack,2,left_hand_joints,mse_at_horizon_idx,11,0.018701709806919098
RA2_handsin,cup_wipe_sponge_dryingrack,2,left_hand_joints,mse_at_horizon_idx,12,0.018023397773504257
RA2_handsin,cup_wipe_sponge_dryingrack,2,left_hand_joints,mse_at_horizon_idx,13,0.02057921700179577
RA2_handsin,cup_wipe_sponge_dryingrack,2,left_hand_joints,mse_at_horizon_idx,14,0.022274864837527275
RA2_handsin,cup_wipe_sponge_dryingrack,2,left_hand_joints,mse_at_horizon_idx,15,0.02112603560090065
RA2_handsin,cup_wipe_sponge_dryingrack,2,left_hand_joints,mse_at_horizon_idx,16,0.02361874468624592
RA2_handsin,cup_wipe_sponge_dryingrack,2,left_hand_joints,mse_at_horizon_idx,17,0.021463068202137947
RA2_handsin,cup_wipe_sponge_dryingrack,2,left_hand_joints,mse_at_horizon_idx,18,0.02024981938302517
RA2_handsin,cup_wipe_sponge_dryingrack,2,left_hand_joints,mse_at_horizon_idx,19,0.018661979585886
RA2_handsin,cup_wipe_sponge_dryingrack,2,left_hand_joints,mse_at_horizon_idx,20,0.01735651306807995
RA2_handsin,cup_wipe_sponge_dryingrack,2,left_hand_joints,mse_at_horizon_idx,21,0.016708506271243095
RA2_handsin,cup_wipe_sponge_dryingrack,2,left_hand_joints,mse_at_horizon_idx,22,0.0158108901232481
RA2_handsin,cup_wipe_sponge_dryingrack,2,left_hand_joints,mse_at_horizon_idx,23,0.01520076859742403
RA2_handsin,cup_wipe_sponge_dryingrack,2,left_hand_joints,mse_at_horizon_idx,24,0.014530600979924202
RA2_handsin,cup_wipe_sponge_dryingrack,2,left_hand_joints,mse_at_horizon_idx,25,0.015073980204761028
RA2_handsin,cup_wipe_sponge_dryingrack,2,left_hand_joints,mse_at_horizon_idx,26,0.015602519735693932
RA2_handsin,cup_wipe_sponge_dryingrack,2,left_hand_joints,mse_at_horizon_idx,27,0.016358915716409683
RA2_handsin,cup_wipe_sponge_dryingrack,2,left_hand_joints,mse_at_horizon_idx,28,0.017316123470664024
RA2_handsin,cup_wipe_sponge_dryingrack,2,left_hand_joints,mse_at_horizon_idx,29,0.017698055133223534
RA2_handsin,cup_wipe_sponge_dryingrack,2,left_hand_joints,mse_at_horizon_idx,30,0.01666785404086113
RA2_handsin,cup_wipe_sponge_dryingrack,2,left_hand_joints,mse_at_horizon_idx,31,0.015674130991101265
RA2_handsin,cup_wipe_sponge_dryingrack,2,left_hand_joints,mse_at_horizon_idx,32,0.0168337170034647
RA2_handsin,cup_wipe_sponge_dryingrack,2,left_hand_joints,mse_at_horizon_idx,33,0.014430713839828968
RA2_handsin,cup_wipe_sponge_dryingrack,2,left_hand_joints,mse_at_horizon_idx,34,0.013856789097189903
RA2_handsin,cup_wipe_sponge_dryingrack,2,left_hand_joints,mse_at_horizon_idx,35,0.013985845260322094
RA2_handsin,cup_wipe_sponge_dryingrack,2,left_hand_joints,mse_at_horizon_idx,36,0.011921439319849014
RA2_handsin,cup_wipe_sponge_dryingrack,2,left_hand_joints,mse_at_horizon_idx,37,0.010296953842043877
RA2_handsin,cup_wipe_sponge_dryingrack,2,left_hand_joints,mse_at_horizon_idx,38,0.007966936565935612
RA2_handsin,cup_wipe_sponge_dryingrack,2,left_hand_joints,mse_at_horizon_idx,39,0.00621021119877696
RA2_handsin,cup_wipe_sponge_dryingrack,2,left_hand_joints,grasp_precision,-1,0.6666666666666666
RA2_handsin,cup_wipe_sponge_dryingrack,2,left_hand_joints,grasp_recall,-1,0.6666666666666666
RA2_handsin,cup_wipe_sponge_dryingrack,2,left_hand_joints,grasp_f1,-1,0.6666666666666666
RA2_handsin,cup_wipe_sponge_dryingrack,2,left_hand_joints,grasp_n_gt_events,-1,3.0
RA2_handsin,cup_wipe_sponge_dryingrack,2,left_hand_joints,grasp_n_pred_events,-1,3.0
RA2_handsin,cup_wipe_sponge_dryingrack,2,left_hand_joints,grasp_onset_timing_error_signed_steps,-1,3.5
RA2_handsin,cup_wipe_sponge_dryingrack,2,left_hand_joints,grasp_spurious_transitions,-1,1.0
RA2_handsin,cup_wipe_sponge_dryingrack,2,right_hand_joints,mse,-1,0.013300773687660694
RA2_handsin,cup_wipe_sponge_dryingrack,2,right_hand_joints,mae,-1,0.08918092399835587
RA2_handsin,cup_wipe_sponge_dryingrack,2,right_hand_joints,normalized_mse,-1,0.05785335227847099
RA2_handsin,cup_wipe_sponge_dryingrack,2,right_hand_joints,final_position_error,-1,0.07024358958005905
RA2_handsin,cup_wipe_sponge_dryingrack,2,right_hand_joints,mean_squared_jerk_pred,-1,0.0023710858076810837
RA2_handsin,cup_wipe_sponge_dryingrack,2,right_hand_joints,mean_squared_jerk_gt,-1,0.0003470222873147577
RA2_handsin,cup_wipe_sponge_dryingrack,2,right_hand_joints,jerk_ratio_pred_over_gt,-1,6.832661458226315
RA2_handsin,cup_wipe_sponge_dryingrack,2,right_hand_joints,chunk_boundary_discontinuity,-1,0.014176187105476856
RA2_handsin,cup_wipe_sponge_dryingrack,2,right_hand_joints,mse_proprio_ablated,-1,0.013476110994815826
RA2_handsin,cup_wipe_sponge_dryingrack,2,right_hand_joints,proprio_leakage_gap,-1,0.0001753373071551323
RA2_handsin,cup_wipe_sponge_dryingrack,2,right_hand_joints,mse_at_horizon_idx,0,0.016134660691022873
RA2_handsin,cup_wipe_sponge_dryingrack,2,right_hand_joints,mse_at_horizon_idx,1,0.017793996259570122
RA2_handsin,cup_wipe_sponge_dryingrack,2,right_hand_joints,mse_at_horizon_idx,2,0.019182635471224785
RA2_handsin,cup_wipe_sponge_dryingrack,2,right_hand_joints,mse_at_horizon_idx,3,0.018639829009771347
RA2_handsin,cup_wipe_sponge_dryingrack,2,right_hand_joints,mse_at_horizon_idx,4,0.02030525542795658
RA2_handsin,cup_wipe_sponge_dryingrack,2,right_hand_joints,mse_at_horizon_idx,5,0.020802708342671394
RA2_handsin,cup_wipe_sponge_dryingrack,2,right_hand_joints,mse_at_horizon_idx,6,0.020507844164967537
RA2_handsin,cup_wipe_sponge_dryingrack,2,right_hand_joints,mse_at_horizon_idx,7,0.02002021297812462
RA2_handsin,cup_wipe_sponge_dryingrack,2,right_hand_joints,mse_at_horizon_idx,8,0.019655385985970497
RA2_handsin,cup_wipe_sponge_dryingrack,2,right_hand_joints,mse_at_horizon_idx,9,0.018103305250406265
RA2_handsin,cup_wipe_sponge_dryingrack,2,right_hand_joints,mse_at_horizon_idx,10,0.018847838044166565
RA2_handsin,cup_wipe_sponge_dryingrack,2,right_hand_joints,mse_at_horizon_idx,11,0.014873054809868336
RA2_handsin,cup_wipe_sponge_dryingrack,2,right_hand_joints,mse_at_horizon_idx,12,0.012386195361614227
RA2_handsin,cup_wipe_sponge_dryingrack,2,right_hand_joints,mse_at_horizon_idx,13,0.010394489392638206
RA2_handsin,cup_wipe_sponge_dryingrack,2,right_hand_joints,mse_at_horizon_idx,14,0.00931546464562416
RA2_handsin,cup_wipe_sponge_dryingrack,2,right_hand_joints,mse_at_horizon_idx,15,0.008526994846761227
RA2_handsin,cup_wipe_sponge_dryingrack,2,right_hand_joints,mse_at_horizon_idx,16,0.008679749444127083
RA2_handsin,cup_wipe_sponge_dryingrack,2,right_hand_joints,mse_at_horizon_idx,17,0.010063701309263706
RA2_handsin,cup_wipe_sponge_dryingrack,2,right_hand_joints,mse_at_horizon_idx,18,0.009682134725153446
RA2_handsin,cup_wipe_sponge_dryingrack,2,right_hand_joints,mse_at_horizon_idx,19,0.009082469157874584
RA2_handsin,cup_wipe_sponge_dryingrack,2,right_hand_joints,mse_at_horizon_idx,20,0.010283657349646091
RA2_handsin,cup_wipe_sponge_dryingrack,2,right_hand_joints,mse_at_horizon_idx,21,0.011361682787537575
RA2_handsin,cup_wipe_sponge_dryingrack,2,right_hand_joints,mse_at_horizon_idx,22,0.010061932727694511
RA2_handsin,cup_wipe_sponge_dryingrack,2,right_hand_joints,mse_at_horizon_idx,23,0.01112520694732666
RA2_handsin,cup_wipe_sponge_dryingrack,2,right_hand_joints,mse_at_horizon_idx,24,0.009804396890103817
RA2_handsin,cup_wipe_sponge_dryingrack,2,right_hand_joints,mse_at_horizon_idx,25,0.00933961570262909
RA2_handsin,cup_wipe_sponge_dryingrack,2,right_hand_joints,mse_at_horizon_idx,26,0.009419692680239677
RA2_handsin,cup_wipe_sponge_dryingrack,2,right_hand_joints,mse_at_horizon_idx,27,0.009367739781737328
RA2_handsin,cup_wipe_sponge_dryingrack,2,right_hand_joints,mse_at_horizon_idx,28,0.010178843513131142
RA2_handsin,cup_wipe_sponge_dryingrack,2,right_hand_joints,mse_at_horizon_idx,29,0.011264929547905922
RA2_handsin,cup_wipe_sponge_dryingrack,2,right_hand_joints,mse_at_horizon_idx,30,0.012300938367843628
RA2_handsin,cup_wipe_sponge_dryingrack,2,right_hand_joints,mse_at_horizon_idx,31,0.013607186265289783
RA2_handsin,cup_wipe_sponge_dryingrack,2,right_hand_joints,mse_at_horizon_idx,32,0.012740147300064564
RA2_handsin,cup_wipe_sponge_dryingrack,2,right_hand_joints,mse_at_horizon_idx,33,0.013746680691838264
RA2_handsin,cup_wipe_sponge_dryingrack,2,right_hand_joints,mse_at_horizon_idx,34,0.014667220413684845
RA2_handsin,cup_wipe_sponge_dryingrack,2,right_hand_joints,mse_at_horizon_idx,35,0.013301742263138294
RA2_handsin,cup_wipe_sponge_dryingrack,2,right_hand_joints,mse_at_horizon_idx,36,0.011872092261910439
RA2_handsin,cup_wipe_sponge_dryingrack,2,right_hand_joints,mse_at_horizon_idx,37,0.011714213527739048
RA2_handsin,cup_wipe_sponge_dryingrack,2,right_hand_joints,mse_at_horizon_idx,38,0.010124861262738705
RA2_handsin,cup_wipe_sponge_dryingrack,2,right_hand_joints,mse_at_horizon_idx,39,0.009533091448247433
RA2_handsin,cup_wipe_sponge_dryingrack,2,right_hand_joints,grasp_precision,-1,0.3333333333333333
RA2_handsin,cup_wipe_sponge_dryingrack,2,right_hand_joints,grasp_recall,-1,0.3333333333333333
RA2_handsin,cup_wipe_sponge_dryingrack,2,right_hand_joints,grasp_f1,-1,0.3333333333333333
RA2_handsin,cup_wipe_sponge_dryingrack,2,right_hand_joints,grasp_n_gt_events,-1,3.0
RA2_handsin,cup_wipe_sponge_dryingrack,2,right_hand_joints,grasp_n_pred_events,-1,3.0
RA2_handsin,cup_wipe_sponge_dryingrack,2,right_hand_joints,grasp_onset_timing_error_signed_steps,-1,-2.0
RA2_handsin,cup_wipe_sponge_dryingrack,2,right_hand_joints,grasp_spurious_transitions,-1,2.0
RA2_handsin,cup_wipe_sponge_dryingrack,2,all,mse,-1,0.0029074326157569885
RA2_handsin,cup_wipe_sponge_dryingrack,2,all,mae,-1,0.03414374217391014
RA2_handsin,cup_wipe_sponge_dryingrack,2,all,normalized_mse,-1,0.7038019299507141
RA2_handsin,cup_wipe_sponge_dryingrack,2,all,final_position_error,-1,0.2794468402862549
RA2_handsin,cup_wipe_sponge_dryingrack,2,all,mean_squared_jerk_pred,-1,0.0012518164003267884
RA2_handsin,cup_wipe_sponge_dryingrack,2,all,mean_squared_jerk_gt,-1,0.0009745923453010619
RA2_handsin,cup_wipe_sponge_dryingrack,2,all,jerk_ratio_pred_over_gt,-1,1.2844512953157754
RA2_handsin,cup_wipe_sponge_dryingrack,2,all,chunk_boundary_discontinuity,-1,0.002616184763610363
RA2_handsin,cup_wipe_sponge_dryingrack,2,all,mse_proprio_ablated,-1,0.0029166792519390583
RA2_handsin,cup_wipe_sponge_dryingrack,2,all,proprio_leakage_gap,-1,9.246636182069778e-06
RA2_handsin,cup_wipe_sponge_dryingrack,2,all,mse_at_horizon_idx,0,0.0025093716103583574
RA2_handsin,cup_wipe_sponge_dryingrack,2,all,mse_at_horizon_idx,1,0.0024529665242880583
RA2_handsin,cup_wipe_sponge_dryingrack,2,all,mse_at_horizon_idx,2,0.0024165490176528692
RA2_handsin,cup_wipe_sponge_dryingrack,2,all,mse_at_horizon_idx,3,0.0023615893442183733
RA2_handsin,cup_wipe_sponge_dryingrack,2,all,mse_at_horizon_idx,4,0.0023980357218533754
RA2_handsin,cup_wipe_sponge_dryingrack,2,all,mse_at_horizon_idx,5,0.002441923599690199
RA2_handsin,cup_wipe_sponge_dryingrack,2,all,mse_at_horizon_idx,6,0.002448369050398469
RA2_handsin,cup_wipe_sponge_dryingrack,2,all,mse_at_horizon_idx,7,0.002474715933203697
RA2_handsin,cup_wipe_sponge_dryingrack,2,all,mse_at_horizon_idx,8,0.0025614502374082804
RA2_handsin,cup_wipe_sponge_dryingrack,2,all,mse_at_horizon_idx,9,0.002661548089236021
RA2_handsin,cup_wipe_sponge_dryingrack,2,all,mse_at_horizon_idx,10,0.002809311496093869
RA2_handsin,cup_wipe_sponge_dryingrack,2,all,mse_at_horizon_idx,11,0.0027972187381237745
RA2_handsin,cup_wipe_sponge_dryingrack,2,all,mse_at_horizon_idx,12,0.002853540936484933
RA2_handsin,cup_wipe_sponge_dryingrack,2,all,mse_at_horizon_idx,13,0.003058668691664934
RA2_handsin,cup_wipe_sponge_dryingrack,2,all,mse_at_horizon_idx,14,0.003165667876601219
RA2_handsin,cup_wipe_sponge_dryingrack,2,all,mse_at_horizon_idx,15,0.0031126406975090504
RA2_handsin,cup_wipe_sponge_dryingrack,2,all,mse_at_horizon_idx,16,0.0031704790890216827
RA2_handsin,cup_wipe_sponge_dryingrack,2,all,mse_at_horizon_idx,17,0.0031854198314249516
RA2_handsin,cup_wipe_sponge_dryingrack,2,all,mse_at_horizon_idx,18,0.003187889698892832
RA2_handsin,cup_wipe_sponge_dryingrack,2,all,mse_at_horizon_idx,19,0.003098519053310156
RA2_handsin,cup_wipe_sponge_dryingrack,2,all,mse_at_horizon_idx,20,0.0030851021874696016
RA2_handsin,cup_wipe_sponge_dryingrack,2,all,mse_at_horizon_idx,21,0.003097536275163293
RA2_handsin,cup_wipe_sponge_dryingrack,2,all,mse_at_horizon_idx,22,0.0029577084351330996
RA2_handsin,cup_wipe_sponge_dryingrack,2,all,mse_at_horizon_idx,23,0.0029852893203496933
RA2_handsin,cup_wipe_sponge_dryingrack,2,all,mse_at_horizon_idx,24,0.002990634646266699
RA2_handsin,cup_wipe_sponge_dryingrack,2,all,mse_at_horizon_idx,25,0.00297111039981246
RA2_handsin,cup_wipe_sponge_dryingrack,2,all,mse_at_horizon_idx,26,0.0029507388826459646
RA2_handsin,cup_wipe_sponge_dryingrack,2,all,mse_at_horizon_idx,27,0.003053150372579694
RA2_handsin,cup_wipe_sponge_dryingrack,2,all,mse_at_horizon_idx,28,0.0030976985581219196
RA2_handsin,cup_wipe_sponge_dryingrack,2,all,mse_at_horizon_idx,29,0.00314657436683774
RA2_handsin,cup_wipe_sponge_dryingrack,2,all,mse_at_horizon_idx,30,0.003108192002400756
RA2_handsin,cup_wipe_sponge_dryingrack,2,all,mse_at_horizon_idx,31,0.0030448634643107653
RA2_handsin,cup_wipe_sponge_dryingrack,2,all,mse_at_horizon_idx,32,0.003105522831901908
RA2_handsin,cup_wipe_sponge_dryingrack,2,all,mse_at_horizon_idx,33,0.0030725267715752125
RA2_handsin,cup_wipe_sponge_dryingrack,2,all,mse_at_horizon_idx,34,0.003107371274381876
RA2_handsin,cup_wipe_sponge_dryingrack,2,all,mse_at_horizon_idx,35,0.003165579168125987
RA2_handsin,cup_wipe_sponge_dryingrack,2,all,mse_at_horizon_idx,36,0.0031570277642458677
RA2_handsin,cup_wipe_sponge_dryingrack,2,all,mse_at_horizon_idx,37,0.003132981713861227
RA2_handsin,cup_wipe_sponge_dryingrack,2,all,mse_at_horizon_idx,38,0.0030676790047436953
RA2_handsin,cup_wipe_sponge_dryingrack,2,all,mse_at_horizon_idx,39,0.003064647549763322
RA2_handsin,floor_box_table,16,motion_token,mse,-1,0.006312541197985411
RA2_handsin,floor_box_table,16,motion_token,mae,-1,0.055814385414123535
RA2_handsin,floor_box_table,16,motion_token,normalized_mse,-1,0.6644234657287598
RA2_handsin,floor_box_table,16,motion_token,final_position_error,-1,0.7856128215789795
RA2_handsin,floor_box_table,16,motion_token,mean_squared_jerk_pred,-1,0.002465004799887538
RA2_handsin,floor_box_table,16,motion_token,mean_squared_jerk_gt,-1,0.001409223536029458
RA2_handsin,floor_box_table,16,motion_token,jerk_ratio_pred_over_gt,-1,1.7491936068799876
RA2_handsin,floor_box_table,16,motion_token,chunk_boundary_discontinuity,-1,0.006206165533512831
RA2_handsin,floor_box_table,16,motion_token,on_grid_fraction,-1,1.0
RA2_handsin,floor_box_table,16,motion_token,mse_proprio_ablated,-1,0.006635974161326885
RA2_handsin,floor_box_table,16,motion_token,proprio_leakage_gap,-1,0.00032343296334147453
RA2_handsin,floor_box_table,16,motion_token,mse_at_horizon_idx,0,0.005047342274338007
RA2_handsin,floor_box_table,16,motion_token,mse_at_horizon_idx,1,0.0051720659248530865
RA2_handsin,floor_box_table,16,motion_token,mse_at_horizon_idx,2,0.00515614403411746
RA2_handsin,floor_box_table,16,motion_token,mse_at_horizon_idx,3,0.00514818262308836
RA2_handsin,floor_box_table,16,motion_token,mse_at_horizon_idx,4,0.005211871583014727
RA2_handsin,floor_box_table,16,motion_token,mse_at_horizon_idx,5,0.005243715830147266
RA2_handsin,floor_box_table,16,motion_token,mse_at_horizon_idx,6,0.00557542871683836
RA2_handsin,floor_box_table,16,motion_token,mse_at_horizon_idx,7,0.0054772417061030865
RA2_handsin,floor_box_table,16,motion_token,mse_at_horizon_idx,8,0.0055807363241910934
RA2_handsin,floor_box_table,16,motion_token,mse_at_horizon_idx,9,0.00564707862213254
RA2_handsin,floor_box_table,16,motion_token,mse_at_horizon_idx,10,0.00574791943654418
RA2_handsin,floor_box_table,16,motion_token,mse_at_horizon_idx,11,0.00569749902933836
RA2_handsin,floor_box_table,16,motion_token,mse_at_horizon_idx,12,0.005806300789117813
RA2_handsin,floor_box_table,16,motion_token,mse_at_horizon_idx,13,0.005901834461838007
RA2_handsin,floor_box_table,16,motion_token,mse_at_horizon_idx,14,0.00595225440338254
RA2_handsin,floor_box_table,16,motion_token,mse_at_horizon_idx,15,0.005864682607352734
RA2_handsin,floor_box_table,16,motion_token,mse_at_horizon_idx,16,0.0060690175741910934
RA2_handsin,floor_box_table,16,motion_token,mse_at_horizon_idx,17,0.00613535987213254
RA2_handsin,floor_box_table,16,motion_token,mse_at_horizon_idx,18,0.006151282228529453
RA2_handsin,floor_box_table,16,motion_token,mse_at_horizon_idx,19,0.00621497118845582
RA2_handsin,floor_box_table,16,motion_token,mse_at_horizon_idx,20,0.006538722664117813
RA2_handsin,floor_box_table,16,motion_token,mse_at_horizon_idx,21,0.0066979448311030865
RA2_handsin,floor_box_table,16,motion_token,mse_at_horizon_idx,22,0.0066793691366910934
RA2_handsin,floor_box_table,16,motion_token,mse_at_horizon_idx,23,0.006761633791029453
RA2_handsin,floor_box_table,16,motion_token,mse_at_horizon_idx,24,0.0068810502998530865
RA2_handsin,floor_box_table,16,motion_token,mse_at_horizon_idx,25,0.006902280263602734
RA2_handsin,floor_box_table,16,motion_token,mse_at_horizon_idx,26,0.006830629892647266
RA2_handsin,floor_box_table,16,motion_token,mse_at_horizon_idx,27,0.0070535410195589066
RA2_handsin,floor_box_table,16,motion_token,mse_at_horizon_idx,28,0.007133152335882187
RA2_handsin,floor_box_table,16,motion_token,mse_at_horizon_idx,29,0.00700842821970582
RA2_handsin,floor_box_table,16,motion_token,mse_at_horizon_idx,30,0.007000467274338007
RA2_handsin,floor_box_table,16,motion_token,mse_at_horizon_idx,31,0.006830629892647266
RA2_handsin,floor_box_table,16,motion_token,mse_at_horizon_idx,32,0.0068359375
RA2_handsin,floor_box_table,16,motion_token,mse_at_horizon_idx,33,0.00696862256154418
RA2_handsin,floor_box_table,16,motion_token,mse_at_horizon_idx,34,0.0070535410195589066
RA2_handsin,floor_box_table,16,motion_token,mse_at_horizon_idx,35,0.00723399268463254
RA2_handsin,floor_box_table,16,motion_token,mse_at_horizon_idx,36,0.00736860791221261
RA2_handsin,floor_box_table,16,motion_token,mse_at_horizon_idx,37,0.007268732413649559
RA2_handsin,floor_box_table,16,motion_token,mse_at_horizon_idx,38,0.00739912549033761
RA2_handsin,floor_box_table,16,motion_token,mse_at_horizon_idx,39,0.007437966298311949
RA2_handsin,floor_box_table,16,left_hand_joints,mse,-1,0.006025478709489107
RA2_handsin,floor_box_table,16,left_hand_joints,mae,-1,0.06441599130630493
RA2_handsin,floor_box_table,16,left_hand_joints,normalized_mse,-1,0.025683367624878883
RA2_handsin,floor_box_table,16,left_hand_joints,final_position_error,-1,0.04780634120106697
RA2_handsin,floor_box_table,16,left_hand_joints,mean_squared_jerk_pred,-1,0.0015460590366274118
RA2_handsin,floor_box_table,16,left_hand_joints,mean_squared_jerk_gt,-1,0.00014678640582133085
RA2_handsin,floor_box_table,16,left_hand_joints,jerk_ratio_pred_over_gt,-1,10.532712671698514
RA2_handsin,floor_box_table,16,left_hand_joints,chunk_boundary_discontinuity,-1,0.00988565944135189
RA2_handsin,floor_box_table,16,left_hand_joints,mse_proprio_ablated,-1,0.0058729383163154125
RA2_handsin,floor_box_table,16,left_hand_joints,proprio_leakage_gap,-1,-0.0001525403931736946
RA2_handsin,floor_box_table,16,left_hand_joints,mse_at_horizon_idx,0,0.004572879523038864
RA2_handsin,floor_box_table,16,left_hand_joints,mse_at_horizon_idx,1,0.004043388180434704
RA2_handsin,floor_box_table,16,left_hand_joints,mse_at_horizon_idx,2,0.003966443706303835
RA2_handsin,floor_box_table,16,left_hand_joints,mse_at_horizon_idx,3,0.004082467872649431
RA2_handsin,floor_box_table,16,left_hand_joints,mse_at_horizon_idx,4,0.0038890987634658813
RA2_handsin,floor_box_table,16,left_hand_joints,mse_at_horizon_idx,5,0.003778782207518816
RA2_handsin,floor_box_table,16,left_hand_joints,mse_at_horizon_idx,6,0.003746023401618004
RA2_handsin,floor_box_table,16,left_hand_joints,mse_at_horizon_idx,7,0.0036840199027210474
RA2_handsin,floor_box_table,16,left_hand_joints,mse_at_horizon_idx,8,0.003810667432844639
RA2_handsin,floor_box_table,16,left_hand_joints,mse_at_horizon_idx,9,0.003914141096174717
RA2_handsin,floor_box_table,16,left_hand_joints,mse_at_horizon_idx,10,0.004330380354076624
RA2_handsin,floor_box_table,16,left_hand_joints,mse_at_horizon_idx,11,0.00493140472099185
RA2_handsin,floor_box_table,16,left_hand_joints,mse_at_horizon_idx,12,0.005824543070048094
RA2_handsin,floor_box_table,16,left_hand_joints,mse_at_horizon_idx,13,0.006795222405344248
RA2_handsin,floor_box_table,16,left_hand_joints,mse_at_horizon_idx,14,0.007999404333531857
RA2_handsin,floor_box_table,16,left_hand_joints,mse_at_horizon_idx,15,0.008478649891912937
RA2_handsin,floor_box_table,16,left_hand_joints,mse_at_horizon_idx,16,0.009243153966963291
RA2_handsin,floor_box_table,16,left_hand_joints,mse_at_horizon_idx,17,0.009312018752098083
RA2_handsin,floor_box_table,16,left_hand_joints,mse_at_horizon_idx,18,0.009269042871892452
RA2_handsin,floor_box_table,16,left_hand_joints,mse_at_horizon_idx,19,0.010058981366455555
RA2_handsin,floor_box_table,16,left_hand_joints,mse_at_horizon_idx,20,0.010192475281655788
RA2_handsin,floor_box_table,16,left_hand_joints,mse_at_horizon_idx,21,0.008757159113883972
RA2_handsin,floor_box_table,16,left_hand_joints,mse_at_horizon_idx,22,0.007929717190563679
RA2_handsin,floor_box_table,16,left_hand_joints,mse_at_horizon_idx,23,0.007082668133080006
RA2_handsin,floor_box_table,16,left_hand_joints,mse_at_horizon_idx,24,0.006328975316137075
RA2_handsin,floor_box_table,16,left_hand_joints,mse_at_horizon_idx,25,0.00601939158514142
RA2_handsin,floor_box_table,16,left_hand_joints,mse_at_horizon_idx,26,0.0056999437510967255
RA2_handsin,floor_box_table,16,left_hand_joints,mse_at_horizon_idx,27,0.005388070363551378
RA2_handsin,floor_box_table,16,left_hand_joints,mse_at_horizon_idx,28,0.0051270644180476665
RA2_handsin,floor_box_table,16,left_hand_joints,mse_at_horizon_idx,29,0.004940080922096968
RA2_handsin,floor_box_table,16,left_hand_joints,mse_at_horizon_idx,30,0.004780730232596397
RA2_handsin,floor_box_table,16,left_hand_joints,mse_at_horizon_idx,31,0.004880100023001432
RA2_handsin,floor_box_table,16,left_hand_joints,mse_at_horizon_idx,32,0.004795688670128584
RA2_handsin,floor_box_table,16,left_hand_joints,mse_at_horizon_idx,33,0.004710320848971605
RA2_handsin,floor_box_table,16,left_hand_joints,mse_at_horizon_idx,34,0.004771241452544928
RA2_handsin,floor_box_table,16,left_hand_joints,mse_at_horizon_idx,35,0.005390141159296036
RA2_handsin,floor_box_table,16,left_hand_joints,mse_at_horizon_idx,36,0.006259642541408539
RA2_handsin,floor_box_table,16,left_hand_joints,mse_at_horizon_idx,37,0.0068051512353122234
RA2_handsin,floor_box_table,16,left_hand_joints,mse_at_horizon_idx,38,0.007704921532422304
RA2_handsin,floor_box_table,16,left_hand_joints,mse_at_horizon_idx,39,0.007924620993435383
RA2_handsin,floor_box_table,16,left_hand_joints,grasp_precision,-1,0.6666666666666666
RA2_handsin,floor_box_table,16,left_hand_joints,grasp_recall,-1,0.6666666666666666
RA2_handsin,floor_box_table,16,left_hand_joints,grasp_f1,-1,0.6666666666666666
RA2_handsin,floor_box_table,16,left_hand_joints,grasp_n_gt_events,-1,3.0
RA2_handsin,floor_box_table,16,left_hand_joints,grasp_n_pred_events,-1,3.0
RA2_handsin,floor_box_table,16,left_hand_joints,grasp_onset_timing_error_signed_steps,-1,-4.0
RA2_handsin,floor_box_table,16,left_hand_joints,grasp_spurious_transitions,-1,1.0
RA2_handsin,floor_box_table,16,right_hand_joints,mse,-1,0.00875753816217184
RA2_handsin,floor_box_table,16,right_hand_joints,mae,-1,0.06757821142673492
RA2_handsin,floor_box_table,16,right_hand_joints,normalized_mse,-1,0.03860073164105415
RA2_handsin,floor_box_table,16,right_hand_joints,final_position_error,-1,0.10932839661836624
RA2_handsin,floor_box_table,16,right_hand_joints,mean_squared_jerk_pred,-1,0.003720410168170929
RA2_handsin,floor_box_table,16,right_hand_joints,mean_squared_jerk_gt,-1,0.00017903179104905576
RA2_handsin,floor_box_table,16,right_hand_joints,jerk_ratio_pred_over_gt,-1,20.780723615458413
RA2_handsin,floor_box_table,16,right_hand_joints,chunk_boundary_discontinuity,-1,0.023879677057266235
RA2_handsin,floor_box_table,16,right_hand_joints,mse_proprio_ablated,-1,0.008627017959952354
RA2_handsin,floor_box_table,16,right_hand_joints,proprio_leakage_gap,-1,-0.00013052020221948624
RA2_handsin,floor_box_table,16,right_hand_joints,mse_at_horizon_idx,0,0.004881684668362141
RA2_handsin,floor_box_table,16,right_hand_joints,mse_at_horizon_idx,1,0.004807540215551853
RA2_handsin,floor_box_table,16,right_hand_joints,mse_at_horizon_idx,2,0.004642212297767401
RA2_handsin,floor_box_table,16,right_hand_joints,mse_at_horizon_idx,3,0.004861561581492424
RA2_handsin,floor_box_table,16,right_hand_joints,mse_at_horizon_idx,4,0.00474716117605567
RA2_handsin,floor_box_table,16,right_hand_joints,mse_at_horizon_idx,5,0.004859485197812319
RA2_handsin,floor_box_table,16,right_hand_joints,mse_at_horizon_idx,6,0.004863501992076635
RA2_handsin,floor_box_table,16,right_hand_joints,mse_at_horizon_idx,7,0.005973621737211943
RA2_handsin,floor_box_table,16,right_hand_joints,mse_at_horizon_idx,8,0.006648330483585596
RA2_handsin,floor_box_table,16,right_hand_joints,mse_at_horizon_idx,9,0.007670562714338303
RA2_handsin,floor_box_table,16,right_hand_joints,mse_at_horizon_idx,10,0.008498071692883968
RA2_handsin,floor_box_table,16,right_hand_joints,mse_at_horizon_idx,11,0.009238546714186668
RA2_handsin,floor_box_table,16,right_hand_joints,mse_at_horizon_idx,12,0.011137145571410656
RA2_handsin,floor_box_table,16,right_hand_joints,mse_at_horizon_idx,13,0.012534433975815773
RA2_handsin,floor_box_table,16,right_hand_joints,mse_at_horizon_idx,14,0.013365059159696102
RA2_handsin,floor_box_table,16,right_hand_joints,mse_at_horizon_idx,15,0.013504764065146446
RA2_handsin,floor_box_table,16,right_hand_joints,mse_at_horizon_idx,16,0.014309893362224102
RA2_handsin,floor_box_table,16,right_hand_joints,mse_at_horizon_idx,17,0.01396919321268797
RA2_handsin,floor_box_table,16,right_hand_joints,mse_at_horizon_idx,18,0.012784445658326149
RA2_handsin,floor_box_table,16,right_hand_joints,mse_at_horizon_idx,19,0.01255391351878643
RA2_handsin,floor_box_table,16,right_hand_joints,mse_at_horizon_idx,20,0.011435243301093578
RA2_handsin,floor_box_table,16,right_hand_joints,mse_at_horizon_idx,21,0.009242282249033451
RA2_handsin,floor_box_table,16,right_hand_joints,mse_at_horizon_idx,22,0.008292438462376595
RA2_handsin,floor_box_table,16,right_hand_joints,mse_at_horizon_idx,23,0.006282385438680649
RA2_handsin,floor_box_table,16,right_hand_joints,mse_at_horizon_idx,24,0.00578683614730835
RA2_handsin,floor_box_table,16,right_hand_joints,mse_at_horizon_idx,25,0.005521658342331648
RA2_handsin,floor_box_table,16,right_hand_joints,mse_at_horizon_idx,26,0.004956619348376989
RA2_handsin,floor_box_table,16,right_hand_joints,mse_at_horizon_idx,27,0.00446700444445014
RA2_handsin,floor_box_table,16,right_hand_joints,mse_at_horizon_idx,28,0.003904646495357156
RA2_handsin,floor_box_table,16,right_hand_joints,mse_at_horizon_idx,29,0.0033141407184302807
RA2_handsin,floor_box_table,16,right_hand_joints,mse_at_horizon_idx,30,0.0030520863365381956
RA2_handsin,floor_box_table,16,right_hand_joints,mse_at_horizon_idx,31,0.0029295780695974827
RA2_handsin,floor_box_table,16,right_hand_joints,mse_at_horizon_idx,32,0.003386211348697543
RA2_handsin,floor_box_table,16,right_hand_joints,mse_at_horizon_idx,33,0.004965641535818577
RA2_handsin,floor_box_table,16,right_hand_joints,mse_at_horizon_idx,34,0.007099574897438288
RA2_handsin,floor_box_table,16,right_hand_joints,mse_at_horizon_idx,35,0.011082780547440052
RA2_handsin,floor_box_table,16,right_hand_joints,mse_at_horizon_idx,36,0.015178779140114784
RA2_handsin,floor_box_table,16,right_hand_joints,mse_at_horizon_idx,37,0.01905198208987713
RA2_handsin,floor_box_table,16,right_hand_joints,mse_at_horizon_idx,38,0.023196350783109665
RA2_handsin,floor_box_table,16,right_hand_joints,mse_at_horizon_idx,39,0.023290593177080154
RA2_handsin,floor_box_table,16,right_hand_joints,grasp_precision,-1,0.3333333333333333
RA2_handsin,floor_box_table,16,right_hand_joints,grasp_recall,-1,0.3333333333333333
RA2_handsin,floor_box_table,16,right_hand_joints,grasp_f1,-1,0.3333333333333333
RA2_handsin,floor_box_table,16,right_hand_joints,grasp_n_gt_events,-1,3.0
RA2_handsin,floor_box_table,16,right_hand_joints,grasp_n_pred_events,-1,3.0
RA2_handsin,floor_box_table,16,right_hand_joints,grasp_onset_timing_error_signed_steps,-1,0.0
RA2_handsin,floor_box_table,16,right_hand_joints,grasp_spurious_transitions,-1,2.0
RA2_handsin,floor_box_table,16,all,mse,-1,0.006345237139612436
RA2_handsin,floor_box_table,16,all,mae,-1,0.056122951209545135
RA2_handsin,floor_box_table,16,all,normalized_mse,-1,0.6452627182006836
RA2_handsin,floor_box_table,16,all,final_position_error,-1,0.7946229577064514
RA2_handsin,floor_box_table,16,all,mean_squared_jerk_pred,-1,0.0024701026268303394
RA2_handsin,floor_box_table,16,all,mean_squared_jerk_gt,-1,0.0013714564265683293
RA2_handsin,floor_box_table,16,all,jerk_ratio_pred_over_gt,-1,1.8010799169252885
RA2_handsin,floor_box_table,16,all,chunk_boundary_discontinuity,-1,0.00652969628572464
RA2_handsin,floor_box_table,16,all,mse_proprio_ablated,-1,0.006654580123722553
RA2_handsin,floor_box_table,16,all,proprio_leakage_gap,-1,0.00030934298411011696
RA2_handsin,floor_box_table,16,all,mse_at_horizon_idx,0,0.005037643481045961
RA2_handsin,floor_box_table,16,all,mse_at_horizon_idx,1,0.005149442236870527
RA2_handsin,floor_box_table,16,all,mse_at_horizon_idx,2,0.00513033103197813
RA2_handsin,floor_box_table,16,all,mse_at_horizon_idx,3,0.005127692129462957
RA2_handsin,floor_box_table,16,all,mse_at_horizon_idx,4,0.005184788256883621
RA2_handsin,floor_box_table,16,all,mse_at_horizon_idx,5,0.005215698387473822
RA2_handsin,floor_box_table,16,all,mse_at_horizon_idx,6,0.00553692365065217
RA2_handsin,floor_box_table,16,all,mse_at_horizon_idx,7,0.005457592196762562
RA2_handsin,floor_box_table,16,all,mse_at_horizon_idx,8,0.005570092238485813
RA2_handsin,floor_box_table,16,all,mse_at_horizon_idx,9,0.00565148051828146
RA2_handsin,floor_box_table,16,all,mse_at_horizon_idx,10,0.005768110044300556
RA2_handsin,floor_box_table,16,all,mse_at_horizon_idx,11,0.005739543586969376
RA2_handsin,floor_box_table,16,all,mse_at_horizon_idx,12,0.005887347739189863
RA2_handsin,floor_box_table,16,all,mse_at_horizon_idx,13,0.006015863735228777
RA2_handsin,floor_box_table,16,all,mse_at_horizon_idx,14,0.006095586810261011
RA2_handsin,floor_box_table,16,all,mse_at_horizon_idx,15,0.00602004723623395
RA2_handsin,floor_box_table,16,all,mse_at_horizon_idx,16,0.006241972092539072
RA2_handsin,floor_box_table,16,all,mse_at_horizon_idx,17,0.006302185822278261
RA2_handsin,floor_box_table,16,all,mse_at_horizon_idx,18,0.006299023982137442
RA2_handsin,floor_box_table,16,all,mse_at_horizon_idx,19,0.006369259208440781
RA2_handsin,floor_box_table,16,all,mse_at_horizon_idx,20,0.006668272893875837
RA2_handsin,floor_box_table,16,all,mse_at_horizon_idx,21,0.0067676967009902
RA2_handsin,floor_box_table,16,all,mse_at_horizon_idx,22,0.0067227547988295555
RA2_handsin,floor_box_table,16,all,mse_at_horizon_idx,23,0.006759236566722393
RA2_handsin,floor_box_table,16,all,mse_at_horizon_idx,24,0.0068561057560145855
RA2_handsin,floor_box_table,16,all,mse_at_horizon_idx,25,0.006867983844131231
RA2_handsin,floor_box_table,16,all,mse_at_horizon_idx,26,0.006785104516893625
RA2_handsin,floor_box_table,16,all,mse_at_horizon_idx,27,0.0069891163147985935
RA2_handsin,floor_box_table,16,all,mse_at_horizon_idx,28,0.007053839974105358
RA2_handsin,floor_box_table,16,all,mse_at_horizon_idx,29,0.006921115797013044
RA2_handsin,floor_box_table,16,all,mse_at_horizon_idx,30,0.006907010916620493
RA2_handsin,floor_box_table,16,all,mse_at_horizon_idx,31,0.0067419689148664474
RA2_handsin,floor_box_table,16,all,mse_at_horizon_idx,32,0.006752755492925644
RA2_handsin,floor_box_table,16,all,mse_at_horizon_idx,33,0.0069040572270751
RA2_handsin,floor_box_table,16,all,mse_at_horizon_idx,34,0.007019658572971821
RA2_handsin,floor_box_table,16,all,mse_at_horizon_idx,35,0.007264370564371347
RA2_handsin,floor_box_table,16,all,mse_at_horizon_idx,36,0.007470141630619764
RA2_handsin,floor_box_table,16,all,mse_at_horizon_idx,37,0.007440241985023022
RA2_handsin,floor_box_table,16,all,mse_at_horizon_idx,38,0.0076431105844676495
RA2_handsin,floor_box_table,16,all,mse_at_horizon_idx,39,0.00768553139641881
RA_handsout@D1,bottle_cupnoodles_shelf,0,motion_token,mse,-1,0.008771885186433792
RA_handsout@D1,bottle_cupnoodles_shelf,0,motion_token,mae,-1,0.07040566205978394
RA_handsout@D1,bottle_cupnoodles_shelf,0,motion_token,normalized_mse,-1,1.4298996925354004
RA_handsout@D1,bottle_cupnoodles_shelf,0,motion_token,final_position_error,-1,0.5303300619125366
RA_handsout@D1,bottle_cupnoodles_shelf,0,motion_token,mean_squared_jerk_pred,-1,0.005299129523336887
RA_handsout@D1,bottle_cupnoodles_shelf,0,motion_token,mean_squared_jerk_gt,-1,0.0012229096610099077
RA_handsout@D1,bottle_cupnoodles_shelf,0,motion_token,jerk_ratio_pred_over_gt,-1,4.333214212209871
RA_handsout@D1,bottle_cupnoodles_shelf,0,motion_token,chunk_boundary_discontinuity,-1,0.00031270066392607987
RA_handsout@D1,bottle_cupnoodles_shelf,0,motion_token,on_grid_fraction,-1,1.0
RA_handsout@D1,bottle_cupnoodles_shelf,0,motion_token,mse_proprio_ablated,-1,0.01085637602955103
RA_handsout@D1,bottle_cupnoodles_shelf,0,motion_token,proprio_leakage_gap,-1,0.002084490843117237
RA_handsout@D1,bottle_cupnoodles_shelf,0,motion_token,mse_at_horizon_idx,0,0.008593585342168808
RA_handsout@D1,bottle_cupnoodles_shelf,0,motion_token,mse_at_horizon_idx,1,0.008508631028234959
RA_handsout@D1,bottle_cupnoodles_shelf,0,motion_token,mse_at_horizon_idx,2,0.008459142409265041
RA_handsout@D1,bottle_cupnoodles_shelf,0,motion_token,mse_at_horizon_idx,3,0.008671941235661507
RA_handsout@D1,bottle_cupnoodles_shelf,0,motion_token,mse_at_horizon_idx,4,0.008526775985956192
RA_handsout@D1,bottle_cupnoodles_shelf,0,motion_token,mse_at_horizon_idx,5,0.008405530825257301
RA_handsout@D1,bottle_cupnoodles_shelf,0,motion_token,mse_at_horizon_idx,6,0.008469040505588055
RA_handsout@D1,bottle_cupnoodles_shelf,0,motion_token,mse_at_horizon_idx,7,0.008471515029668808
RA_handsout@D1,bottle_cupnoodles_shelf,0,motion_token,mse_at_horizon_idx,8,0.008603482507169247
RA_handsout@D1,bottle_cupnoodles_shelf,0,motion_token,mse_at_horizon_idx,9,0.008815456181764603
RA_handsout@D1,bottle_cupnoodles_shelf,0,motion_token,mse_at_horizon_idx,10,0.008913607336580753
RA_handsout@D1,bottle_cupnoodles_shelf,0,motion_token,mse_at_horizon_idx,11,0.009005984291434288
RA_handsout@D1,bottle_cupnoodles_shelf,0,motion_token,mse_at_horizon_idx,12,0.00882040522992611
RA_handsout@D1,bottle_cupnoodles_shelf,0,motion_token,mse_at_horizon_idx,13,0.008878965862095356
RA_handsout@D1,bottle_cupnoodles_shelf,0,motion_token,mse_at_horizon_idx,14,0.008874841965734959
RA_handsout@D1,bottle_cupnoodles_shelf,0,motion_token,mse_at_horizon_idx,15,0.008968823589384556
RA_handsout@D1,bottle_cupnoodles_shelf,0,motion_token,mse_at_horizon_idx,16,0.009054942056536674
RA_handsout@D1,bottle_cupnoodles_shelf,0,motion_token,mse_at_horizon_idx,17,0.009123501367866993
RA_handsout@D1,bottle_cupnoodles_shelf,0,motion_token,mse_at_horizon_idx,18,0.009118485264480114
RA_handsout@D1,bottle_cupnoodles_shelf,0,motion_token,mse_at_horizon_idx,19,0.009201258420944214
RA_handsout@D1,bottle_cupnoodles_shelf,0,motion_token,mse_at_horizon_idx,20,0.009024006314575672
RA_handsout@D1,bottle_cupnoodles_shelf,0,motion_token,mse_at_horizon_idx,21,0.00897049531340599
RA_handsout@D1,bottle_cupnoodles_shelf,0,motion_token,mse_at_horizon_idx,22,0.008855950087308884
RA_handsout@D1,bottle_cupnoodles_shelf,0,motion_token,mse_at_horizon_idx,23,0.008797423914074898
RA_handsout@D1,bottle_cupnoodles_shelf,0,motion_token,mse_at_horizon_idx,24,0.008899427019059658
RA_handsout@D1,bottle_cupnoodles_shelf,0,motion_token,mse_at_horizon_idx,25,0.008895247243344784
RA_handsout@D1,bottle_cupnoodles_shelf,0,motion_token,mse_at_horizon_idx,26,0.009013136848807335
RA_handsout@D1,bottle_cupnoodles_shelf,0,motion_token,mse_at_horizon_idx,27,0.009044908918440342
RA_handsout@D1,bottle_cupnoodles_shelf,0,motion_token,mse_at_horizon_idx,28,0.00885177031159401
RA_handsout@D1,bottle_cupnoodles_shelf,0,motion_token,mse_at_horizon_idx,29,0.008677025325596333
RA_handsout@D1,bottle_cupnoodles_shelf,0,motion_token,mse_at_horizon_idx,30,0.008666155859827995
RA_handsout@D1,bottle_cupnoodles_shelf,0,motion_token,mse_at_horizon_idx,31,0.008519003167748451
RA_handsout@D1,bottle_cupnoodles_shelf,0,motion_token,mse_at_horizon_idx,32,0.008651942014694214
RA_handsout@D1,bottle_cupnoodles_shelf,0,motion_token,mse_at_horizon_idx,33,0.008621842600405216
RA_handsout@D1,bottle_cupnoodles_shelf,0,motion_token,mse_at_horizon_idx,34,0.00870461668819189
RA_handsout@D1,bottle_cupnoodles_shelf,0,motion_token,mse_at_horizon_idx,35,0.009000595659017563
RA_handsout@D1,bottle_cupnoodles_shelf,0,motion_token,mse_at_horizon_idx,36,0.008696255274116993
RA_handsout@D1,bottle_cupnoodles_shelf,0,motion_token,mse_at_horizon_idx,37,0.008570005185902119
RA_handsout@D1,bottle_cupnoodles_shelf,0,motion_token,mse_at_horizon_idx,38,0.008498936891555786
RA_handsout@D1,bottle_cupnoodles_shelf,0,motion_token,mse_at_horizon_idx,39,0.008452114649116993
RA_handsout@D1,bottle_cupnoodles_shelf,0,left_hand_joints,mse,-1,1.4807878869760316e-06
RA_handsout@D1,bottle_cupnoodles_shelf,0,left_hand_joints,mae,-1,0.0009953395929187536
RA_handsout@D1,bottle_cupnoodles_shelf,0,left_hand_joints,normalized_mse,-1,
RA_handsout@D1,bottle_cupnoodles_shelf,0,left_hand_joints,final_position_error,-1,0.0008852072060108185
RA_handsout@D1,bottle_cupnoodles_shelf,0,left_hand_joints,mean_squared_jerk_pred,-1,2.6312829248809066e-08
RA_handsout@D1,bottle_cupnoodles_shelf,0,left_hand_joints,mean_squared_jerk_gt,-1,0.0
RA_handsout@D1,bottle_cupnoodles_shelf,0,left_hand_joints,jerk_ratio_pred_over_gt,-1,
RA_handsout@D1,bottle_cupnoodles_shelf,0,left_hand_joints,chunk_boundary_discontinuity,-1,3.873604104143169e-09
RA_handsout@D1,bottle_cupnoodles_shelf,0,left_hand_joints,mse_proprio_ablated,-1,8.678026119923743e-07
RA_handsout@D1,bottle_cupnoodles_shelf,0,left_hand_joints,proprio_leakage_gap,-1,-6.129852749836573e-07
RA_handsout@D1,bottle_cupnoodles_shelf,0,left_hand_joints,mse_at_horizon_idx,0,1.4567673360943445e-06
RA_handsout@D1,bottle_cupnoodles_shelf,0,left_hand_joints,mse_at_horizon_idx,1,1.4657267684015096e-06
RA_handsout@D1,bottle_cupnoodles_shelf,0,left_hand_joints,mse_at_horizon_idx,2,1.483262508372718e-06
RA_handsout@D1,bottle_cupnoodles_shelf,0,left_hand_joints,mse_at_horizon_idx,3,1.3950099173598574e-06
RA_handsout@D1,bottle_cupnoodles_shelf,0,left_hand_joints,mse_at_horizon_idx,4,1.3913462453274406e-06
RA_handsout@D1,bottle_cupnoodles_shelf,0,left_hand_joints,mse_at_horizon_idx,5,1.426243898094981e-06
RA_handsout@D1,bottle_cupnoodles_shelf,0,left_hand_joints,mse_at_horizon_idx,6,1.471269570174627e-06
RA_handsout@D1,bottle_cupnoodles_shelf,0,left_hand_joints,mse_at_horizon_idx,7,1.4638302445746376e-06
RA_handsout@D1,bottle_cupnoodles_shelf,0,left_hand_joints,mse_at_horizon_idx,8,1.484337758483889e-06
RA_handsout@D1,bottle_cupnoodles_shelf,0,left_hand_joints,mse_at_horizon_idx,9,1.5192130149443983e-06
RA_handsout@D1,bottle_cupnoodles_shelf,0,left_hand_joints,mse_at_horizon_idx,10,1.5492208831346943e-06
RA_handsout@D1,bottle_cupnoodles_shelf,0,left_hand_joints,mse_at_horizon_idx,11,1.4153124539006967e-06
RA_handsout@D1,bottle_cupnoodles_shelf,0,left_hand_joints,mse_at_horizon_idx,12,1.3770729765383294e-06
RA_handsout@D1,bottle_cupnoodles_shelf,0,left_hand_joints,mse_at_horizon_idx,13,1.3870484281142126e-06
RA_handsout@D1,bottle_cupnoodles_shelf,0,left_hand_joints,mse_at_horizon_idx,14,1.4347604064823827e-06
RA_handsout@D1,bottle_cupnoodles_shelf,0,left_hand_joints,mse_at_horizon_idx,15,1.4720330909767654e-06
RA_handsout@D1,bottle_cupnoodles_shelf,0,left_hand_joints,mse_at_horizon_idx,16,1.5214047834888333e-06
RA_handsout@D1,bottle_cupnoodles_shelf,0,left_hand_joints,mse_at_horizon_idx,17,1.5765109537824173e-06
RA_handsout@D1,bottle_cupnoodles_shelf,0,left_hand_joints,mse_at_horizon_idx,18,1.6245320466623525e-06
RA_handsout@D1,bottle_cupnoodles_shelf,0,left_hand_joints,mse_at_horizon_idx,19,1.4628151348006213e-06
RA_handsout@D1,bottle_cupnoodles_shelf,0,left_hand_joints,mse_at_horizon_idx,20,1.4195494486557436e-06
RA_handsout@D1,bottle_cupnoodles_shelf,0,left_hand_joints,mse_at_horizon_idx,21,1.4249886817196966e-06
RA_handsout@D1,bottle_cupnoodles_shelf,0,left_hand_joints,mse_at_horizon_idx,22,1.4692684544570511e-06
RA_handsout@D1,bottle_cupnoodles_shelf,0,left_hand_joints,mse_at_horizon_idx,23,1.4773561360925669e-06
RA_handsout@D1,bottle_cupnoodles_shelf,0,left_hand_joints,mse_at_horizon_idx,24,1.5175213547991007e-06
RA_handsout@D1,bottle_cupnoodles_shelf,0,left_hand_joints,mse_at_horizon_idx,25,1.5576216583212954e-06
RA_handsout@D1,bottle_cupnoodles_shelf,0,left_hand_joints,mse_at_horizon_idx,26,1.6275398593279533e-06
RA_handsout@D1,bottle_cupnoodles_shelf,0,left_hand_joints,mse_at_horizon_idx,27,1.4691985370518523e-06
RA_handsout@D1,bottle_cupnoodles_shelf,0,left_hand_joints,mse_at_horizon_idx,28,1.4415252280741697e-06
RA_handsout@D1,bottle_cupnoodles_shelf,0,left_hand_joints,mse_at_horizon_idx,29,1.4717353451487725e-06
RA_handsout@D1,bottle_cupnoodles_shelf,0,left_hand_joints,mse_at_horizon_idx,30,1.523177274975751e-06
RA_handsout@D1,bottle_cupnoodles_shelf,0,left_hand_joints,mse_at_horizon_idx,31,1.5378911939478712e-06
RA_handsout@D1,bottle_cupnoodles_shelf,0,left_hand_joints,mse_at_horizon_idx,32,1.567409867675451e-06
RA_handsout@D1,bottle_cupnoodles_shelf,0,left_hand_joints,mse_at_horizon_idx,33,1.5877296846156241e-06
RA_handsout@D1,bottle_cupnoodles_shelf,0,left_hand_joints,mse_at_horizon_idx,34,1.611820607649861e-06
RA_handsout@D1,bottle_cupnoodles_shelf,0,left_hand_joints,mse_at_horizon_idx,35,1.4494205515802605e-06
RA_handsout@D1,bottle_cupnoodles_shelf,0,left_hand_joints,mse_at_horizon_idx,36,1.3982336213302915e-06
RA_handsout@D1,bottle_cupnoodles_shelf,0,left_hand_joints,mse_at_horizon_idx,37,1.4084471331443638e-06
RA_handsout@D1,bottle_cupnoodles_shelf,0,left_hand_joints,mse_at_horizon_idx,38,1.446286432837951e-06
RA_handsout@D1,bottle_cupnoodles_shelf,0,left_hand_joints,mse_at_horizon_idx,39,1.4538078403347754e-06
RA_handsout@D1,bottle_cupnoodles_shelf,0,left_hand_joints,grasp_precision,-1,0.0
RA_handsout@D1,bottle_cupnoodles_shelf,0,left_hand_joints,grasp_recall,-1,
RA_handsout@D1,bottle_cupnoodles_shelf,0,left_hand_joints,grasp_f1,-1,
RA_handsout@D1,bottle_cupnoodles_shelf,0,left_hand_joints,grasp_n_gt_events,-1,0.0
RA_handsout@D1,bottle_cupnoodles_shelf,0,left_hand_joints,grasp_n_pred_events,-1,15.0
RA_handsout@D1,bottle_cupnoodles_shelf,0,left_hand_joints,grasp_onset_timing_error_signed_steps,-1,
RA_handsout@D1,bottle_cupnoodles_shelf,0,left_hand_joints,grasp_spurious_transitions,-1,15.0
RA_handsout@D1,bottle_cupnoodles_shelf,0,right_hand_joints,mse,-1,7.196382512120181e-07
RA_handsout@D1,bottle_cupnoodles_shelf,0,right_hand_joints,mae,-1,0.0006813492509536445
RA_handsout@D1,bottle_cupnoodles_shelf,0,right_hand_joints,normalized_mse,-1,
RA_handsout@D1,bottle_cupnoodles_shelf,0,right_hand_joints,final_position_error,-1,0.001408036332577467
RA_handsout@D1,bottle_cupnoodles_shelf,0,right_hand_joints,mean_squared_jerk_pred,-1,1.9518514804417464e-08
RA_handsout@D1,bottle_cupnoodles_shelf,0,right_hand_joints,mean_squared_jerk_gt,-1,0.0
RA_handsout@D1,bottle_cupnoodles_shelf,0,right_hand_joints,jerk_ratio_pred_over_gt,-1,
RA_handsout@D1,bottle_cupnoodles_shelf,0,right_hand_joints,chunk_boundary_discontinuity,-1,2.7253606038613043e-09
RA_handsout@D1,bottle_cupnoodles_shelf,0,right_hand_joints,mse_proprio_ablated,-1,5.794670414616121e-07
RA_handsout@D1,bottle_cupnoodles_shelf,0,right_hand_joints,proprio_leakage_gap,-1,-1.4017120975040598e-07
RA_handsout@D1,bottle_cupnoodles_shelf,0,right_hand_joints,mse_at_horizon_idx,0,7.005306201790518e-07
RA_handsout@D1,bottle_cupnoodles_shelf,0,right_hand_joints,mse_at_horizon_idx,1,7.075009307300206e-07
RA_handsout@D1,bottle_cupnoodles_shelf,0,right_hand_joints,mse_at_horizon_idx,2,7.153509500312794e-07
RA_handsout@D1,bottle_cupnoodles_shelf,0,right_hand_joints,mse_at_horizon_idx,3,6.70637007260666e-07
RA_handsout@D1,bottle_cupnoodles_shelf,0,right_hand_joints,mse_at_horizon_idx,4,6.718285021634074e-07
RA_handsout@D1,bottle_cupnoodles_shelf,0,right_hand_joints,mse_at_horizon_idx,5,6.958056815165037e-07
RA_handsout@D1,bottle_cupnoodles_shelf,0,right_hand_joints,mse_at_horizon_idx,6,7.228607614706561e-07
RA_handsout@D1,bottle_cupnoodles_shelf,0,right_hand_joints,mse_at_horizon_idx,7,7.251454121615097e-07
RA_handsout@D1,bottle_cupnoodles_shelf,0,right_hand_joints,mse_at_horizon_idx,8,7.37629136438045e-07
RA_handsout@D1,bottle_cupnoodles_shelf,0,right_hand_joints,mse_at_horizon_idx,9,7.577897349619889e-07
RA_handsout@D1,bottle_cupnoodles_shelf,0,right_hand_joints,mse_at_horizon_idx,10,7.733503935014596e-07
RA_handsout@D1,bottle_cupnoodles_shelf,0,right_hand_joints,mse_at_horizon_idx,11,6.98326061865373e-07
RA_handsout@D1,bottle_cupnoodles_shelf,0,right_hand_joints,mse_at_horizon_idx,12,6.784645165680558e-07
RA_handsout@D1,bottle_cupnoodles_shelf,0,right_hand_joints,mse_at_horizon_idx,13,6.863899670861429e-07
RA_handsout@D1,bottle_cupnoodles_shelf,0,right_hand_joints,mse_at_horizon_idx,14,7.134955808396626e-07
RA_handsout@D1,bottle_cupnoodles_shelf,0,right_hand_joints,mse_at_horizon_idx,15,7.282451974788273e-07
RA_handsout@D1,bottle_cupnoodles_shelf,0,right_hand_joints,mse_at_horizon_idx,16,7.530366588071047e-07
RA_handsout@D1,bottle_cupnoodles_shelf,0,right_hand_joints,mse_at_horizon_idx,17,7.81543178618449e-07
RA_handsout@D1,bottle_cupnoodles_shelf,0,right_hand_joints,mse_at_horizon_idx,18,8.012902412701806e-07
RA_handsout@D1,bottle_cupnoodles_shelf,0,right_hand_joints,mse_at_horizon_idx,19,7.082550155246281e-07
RA_handsout@D1,bottle_cupnoodles_shelf,0,right_hand_joints,mse_at_horizon_idx,20,6.854004936940328e-07
RA_handsout@D1,bottle_cupnoodles_shelf,0,right_hand_joints,mse_at_horizon_idx,21,6.911425316502573e-07
RA_handsout@D1,bottle_cupnoodles_shelf,0,right_hand_joints,mse_at_horizon_idx,22,7.129590358090354e-07
RA_handsout@D1,bottle_cupnoodles_shelf,0,right_hand_joints,mse_at_horizon_idx,23,7.158265020734689e-07
RA_handsout@D1,bottle_cupnoodles_shelf,0,right_hand_joints,mse_at_horizon_idx,24,7.360104063991457e-07
RA_handsout@D1,bottle_cupnoodles_shelf,0,right_hand_joints,mse_at_horizon_idx,25,7.565217288174608e-07
RA_handsout@D1,bottle_cupnoodles_shelf,0,right_hand_joints,mse_at_horizon_idx,26,7.868420652812347e-07
RA_handsout@D1,bottle_cupnoodles_shelf,0,right_hand_joints,mse_at_horizon_idx,27,7.012111495896534e-07
RA_handsout@D1,bottle_cupnoodles_shelf,0,right_hand_joints,mse_at_horizon_idx,28,6.879783995827893e-07
RA_handsout@D1,bottle_cupnoodles_shelf,0,right_hand_joints,mse_at_horizon_idx,29,7.046692189760506e-07
RA_handsout@D1,bottle_cupnoodles_shelf,0,right_hand_joints,mse_at_horizon_idx,30,7.290595362974273e-07
RA_handsout@D1,bottle_cupnoodles_shelf,0,right_hand_joints,mse_at_horizon_idx,31,7.346956749643141e-07
RA_handsout@D1,bottle_cupnoodles_shelf,0,right_hand_joints,mse_at_horizon_idx,32,7.481989996449556e-07
RA_handsout@D1,bottle_cupnoodles_shelf,0,right_hand_joints,mse_at_horizon_idx,33,7.590925292788597e-07
RA_handsout@D1,bottle_cupnoodles_shelf,0,right_hand_joints,mse_at_horizon_idx,34,7.671806088183075e-07
RA_handsout@D1,bottle_cupnoodles_shelf,0,right_hand_joints,mse_at_horizon_idx,35,6.93719528044312e-07
RA_handsout@D1,bottle_cupnoodles_shelf,0,right_hand_joints,mse_at_horizon_idx,36,6.728467951688799e-07
RA_handsout@D1,bottle_cupnoodles_shelf,0,right_hand_joints,mse_at_horizon_idx,37,6.798640583838278e-07
RA_handsout@D1,bottle_cupnoodles_shelf,0,right_hand_joints,mse_at_horizon_idx,38,6.964442036405671e-07
RA_handsout@D1,bottle_cupnoodles_shelf,0,right_hand_joints,mse_at_horizon_idx,39,7.003005748629221e-07
RA_handsout@D1,bottle_cupnoodles_shelf,0,right_hand_joints,grasp_precision,-1,0.0
RA_handsout@D1,bottle_cupnoodles_shelf,0,right_hand_joints,grasp_recall,-1,
RA_handsout@D1,bottle_cupnoodles_shelf,0,right_hand_joints,grasp_f1,-1,
RA_handsout@D1,bottle_cupnoodles_shelf,0,right_hand_joints,grasp_n_gt_events,-1,0.0
RA_handsout@D1,bottle_cupnoodles_shelf,0,right_hand_joints,grasp_n_pred_events,-1,13.0
RA_handsout@D1,bottle_cupnoodles_shelf,0,right_hand_joints,grasp_onset_timing_error_signed_steps,-1,
RA_handsout@D1,bottle_cupnoodles_shelf,0,right_hand_joints,grasp_spurious_transitions,-1,13.0
RA_handsout@D1,bottle_cupnoodles_shelf,0,all,mse,-1,0.00719764269888401
RA_handsout@D1,bottle_cupnoodles_shelf,0,all,mae,-1,0.0579192154109478
RA_handsout@D1,bottle_cupnoodles_shelf,0,all,normalized_mse,-1,1.4298996925354004
RA_handsout@D1,bottle_cupnoodles_shelf,0,all,final_position_error,-1,0.5303326845169067
RA_handsout@D1,bottle_cupnoodles_shelf,0,all,mean_squared_jerk_pred,-1,0.004348007962107658
RA_handsout@D1,bottle_cupnoodles_shelf,0,all,mean_squared_jerk_gt,-1,0.0010034131119027734
RA_handsout@D1,bottle_cupnoodles_shelf,0,all,jerk_ratio_pred_over_gt,-1,4.333218203480047
RA_handsout@D1,bottle_cupnoodles_shelf,0,all,chunk_boundary_discontinuity,-1,0.0002565754984971136
RA_handsout@D1,bottle_cupnoodles_shelf,0,all,mse_proprio_ablated,-1,0.008907925337553024
RA_handsout@D1,bottle_cupnoodles_shelf,0,all,proprio_leakage_gap,-1,0.001710282638669014
RA_handsout@D1,bottle_cupnoodles_shelf,0,all,mse_at_horizon_idx,0,0.0070513407699763775
RA_handsout@D1,bottle_cupnoodles_shelf,0,all,mse_at_horizon_idx,1,0.006981635466217995
RA_handsout@D1,bottle_cupnoodles_shelf,0,all,mse_at_horizon_idx,2,0.006941031664609909
RA_handsout@D1,bottle_cupnoodles_shelf,0,all,mse_at_horizon_idx,3,0.007115624379366636
RA_handsout@D1,bottle_cupnoodles_shelf,0,all,mse_at_horizon_idx,4,0.006996513810008764
RA_handsout@D1,bottle_cupnoodles_shelf,0,all,mse_at_horizon_idx,5,0.006897036451846361
RA_handsout@D1,bottle_cupnoodles_shelf,0,all,mse_at_horizon_idx,6,0.006949153263121843
RA_handsout@D1,bottle_cupnoodles_shelf,0,all,mse_at_horizon_idx,7,0.006951183080673218
RA_handsout@D1,bottle_cupnoodles_shelf,0,all,mse_at_horizon_idx,8,0.007059467025101185
RA_handsout@D1,bottle_cupnoodles_shelf,0,all,mse_at_horizon_idx,9,0.007233398966491222
RA_handsout@D1,bottle_cupnoodles_shelf,0,all,mse_at_horizon_idx,10,0.00731393788009882
RA_handsout@D1,bottle_cupnoodles_shelf,0,all,mse_at_horizon_idx,11,0.0073897154070436954
RA_handsout@D1,bottle_cupnoodles_shelf,0,all,mse_at_horizon_idx,12,0.007237439975142479
RA_handsout@D1,bottle_cupnoodles_shelf,0,all,mse_at_horizon_idx,13,0.007285491097718477
RA_handsout@D1,bottle_cupnoodles_shelf,0,all,mse_at_horizon_idx,14,0.007282113656401634
RA_handsout@D1,bottle_cupnoodles_shelf,0,all,mse_at_horizon_idx,15,0.0073592327535152435
RA_handsout@D1,bottle_cupnoodles_shelf,0,all,mse_at_horizon_idx,16,0.007429900113493204
RA_handsout@D1,bottle_cupnoodles_shelf,0,all,mse_at_horizon_idx,17,0.0074861622415483
RA_handsout@D1,bottle_cupnoodles_shelf,0,all,mse_at_horizon_idx,18,0.007482051849365234
RA_handsout@D1,bottle_cupnoodles_shelf,0,all,mse_at_horizon_idx,19,0.007549946662038565
RA_handsout@D1,bottle_cupnoodles_shelf,0,all,mse_at_horizon_idx,20,0.007404501084238291
RA_handsout@D1,bottle_cupnoodles_shelf,0,all,mse_at_horizon_idx,21,0.007360596209764481
RA_handsout@D1,bottle_cupnoodles_shelf,0,all,mse_at_horizon_idx,22,0.00726661691442132
RA_handsout@D1,bottle_cupnoodles_shelf,0,all,mse_at_horizon_idx,23,0.007218595128506422
RA_handsout@D1,bottle_cupnoodles_shelf,0,all,mse_at_horizon_idx,24,0.007302296347916126
RA_handsout@D1,bottle_cupnoodles_shelf,0,all,mse_at_horizon_idx,25,0.007298871874809265
RA_handsout@D1,bottle_cupnoodles_shelf,0,all,mse_at_horizon_idx,26,0.007395611144602299
RA_handsout@D1,bottle_cupnoodles_shelf,0,all,mse_at_horizon_idx,27,0.0074216583743691444
RA_handsout@D1,bottle_cupnoodles_shelf,0,all,mse_at_horizon_idx,28,0.0072631812654435635
RA_handsout@D1,bottle_cupnoodles_shelf,0,all,mse_at_horizon_idx,29,0.00711980601772666
RA_handsout@D1,bottle_cupnoodles_shelf,0,all,mse_at_horizon_idx,30,0.007110893726348877
RA_handsout@D1,bottle_cupnoodles_shelf,0,all,mse_at_horizon_idx,31,0.006990155205130577
RA_handsout@D1,bottle_cupnoodles_shelf,0,all,mse_at_horizon_idx,32,0.00709923729300499
RA_handsout@D1,bottle_cupnoodles_shelf,0,all,mse_at_horizon_idx,33,0.00707454327493906
RA_handsout@D1,bottle_cupnoodles_shelf,0,all,mse_at_horizon_idx,34,0.007142462767660618
RA_handsout@D1,bottle_cupnoodles_shelf,0,all,mse_at_horizon_idx,35,0.00738529721274972
RA_handsout@D1,bottle_cupnoodles_shelf,0,all,mse_at_horizon_idx,36,0.007135575171560049
RA_handsout@D1,bottle_cupnoodles_shelf,0,all,mse_at_horizon_idx,37,0.007031985558569431
RA_handsout@D1,bottle_cupnoodles_shelf,0,all,mse_at_horizon_idx,38,0.006973678711801767
RA_handsout@D1,bottle_cupnoodles_shelf,0,all,mse_at_horizon_idx,39,0.0069352625869214535
RA_handsout@D1,cup_wipe_sponge_dryingrack,2,motion_token,mse,-1,0.0019311283249408007
RA_handsout@D1,cup_wipe_sponge_dryingrack,2,motion_token,mae,-1,0.02759479731321335
RA_handsout@D1,cup_wipe_sponge_dryingrack,2,motion_token,normalized_mse,-1,0.5565651655197144
RA_handsout@D1,cup_wipe_sponge_dryingrack,2,motion_token,final_position_error,-1,0.2651650309562683
RA_handsout@D1,cup_wipe_sponge_dryingrack,2,motion_token,mean_squared_jerk_pred,-1,0.0017252604011446238
RA_handsout@D1,cup_wipe_sponge_dryingrack,2,motion_token,mean_squared_jerk_gt,-1,0.0009948730003088713
RA_handsout@D1,cup_wipe_sponge_dryingrack,2,motion_token,jerk_ratio_pred_over_gt,-1,1.734151394810186
RA_handsout@D1,cup_wipe_sponge_dryingrack,2,motion_token,chunk_boundary_discontinuity,-1,0.00015563964552711695
RA_handsout@D1,cup_wipe_sponge_dryingrack,2,motion_token,on_grid_fraction,-1,1.0
RA_handsout@D1,cup_wipe_sponge_dryingrack,2,motion_token,mse_proprio_ablated,-1,0.00279575539752841
RA_handsout@D1,cup_wipe_sponge_dryingrack,2,motion_token,proprio_leakage_gap,-1,0.0008646270725876093
RA_handsout@D1,cup_wipe_sponge_dryingrack,2,motion_token,mse_at_horizon_idx,0,0.0019967216067016125
RA_handsout@D1,cup_wipe_sponge_dryingrack,2,motion_token,mse_at_horizon_idx,1,0.0020112537313252687
RA_handsout@D1,cup_wipe_sponge_dryingrack,2,motion_token,mse_at_horizon_idx,2,0.0020926338620483875
RA_handsout@D1,cup_wipe_sponge_dryingrack,2,motion_token,mse_at_horizon_idx,3,0.0018281482625752687
RA_handsout@D1,cup_wipe_sponge_dryingrack,2,motion_token,mse_at_horizon_idx,4,0.0018397739622741938
RA_handsout@D1,cup_wipe_sponge_dryingrack,2,motion_token,mse_at_horizon_idx,5,0.001819428987801075
RA_handsout@D1,cup_wipe_sponge_dryingrack,2,motion_token,mse_at_horizon_idx,6,0.0017729259561747313
RA_handsout@D1,cup_wipe_sponge_dryingrack,2,motion_token,mse_at_horizon_idx,7,0.0018484933534637094
RA_handsout@D1,cup_wipe_sponge_dryingrack,2,motion_token,mse_at_horizon_idx,8,0.0019356863340362906
RA_handsout@D1,cup_wipe_sponge_dryingrack,2,motion_token,mse_at_horizon_idx,9,0.0020606631878763437
RA_handsout@D1,cup_wipe_sponge_dryingrack,2,motion_token,mse_at_horizon_idx,10,0.0021885463502258062
RA_handsout@D1,cup_wipe_sponge_dryingrack,2,motion_token,mse_at_horizon_idx,11,0.001708984375
RA_handsout@D1,cup_wipe_sponge_dryingrack,2,motion_token,mse_at_horizon_idx,12,0.0017642066814005375
RA_handsout@D1,cup_wipe_sponge_dryingrack,2,motion_token,mse_at_horizon_idx,13,0.0017761230701580644
RA_handsout@D1,cup_wipe_sponge_dryingrack,2,motion_token,mse_at_horizon_idx,14,0.0018585205543786287
RA_handsout@D1,cup_wipe_sponge_dryingrack,2,motion_token,mse_at_horizon_idx,15,0.0018737793434411287
RA_handsout@D1,cup_wipe_sponge_dryingrack,2,motion_token,mse_at_horizon_idx,16,0.0019989013671875
RA_handsout@D1,cup_wipe_sponge_dryingrack,2,motion_token,mse_at_horizon_idx,17,0.0021392821799963713
RA_handsout@D1,cup_wipe_sponge_dryingrack,2,motion_token,mse_at_horizon_idx,18,0.0021636963356286287
RA_handsout@D1,cup_wipe_sponge_dryingrack,2,motion_token,mse_at_horizon_idx,19,0.0019134521717205644
RA_handsout@D1,cup_wipe_sponge_dryingrack,2,motion_token,mse_at_horizon_idx,20,0.0019348144996911287
RA_handsout@D1,cup_wipe_sponge_dryingrack,2,motion_token,mse_at_horizon_idx,21,0.0019165038829669356
RA_handsout@D1,cup_wipe_sponge_dryingrack,2,motion_token,mse_at_horizon_idx,22,0.0018341063987463713
RA_handsout@D1,cup_wipe_sponge_dryingrack,2,motion_token,mse_at_horizon_idx,23,0.0018310546875
RA_handsout@D1,cup_wipe_sponge_dryingrack,2,motion_token,mse_at_horizon_idx,24,0.0018646239768713713
RA_handsout@D1,cup_wipe_sponge_dryingrack,2,motion_token,mse_at_horizon_idx,25,0.0018951415549963713
RA_handsout@D1,cup_wipe_sponge_dryingrack,2,motion_token,mse_at_horizon_idx,26,0.0019195557106286287
RA_handsout@D1,cup_wipe_sponge_dryingrack,2,motion_token,mse_at_horizon_idx,27,0.0018035888206213713
RA_handsout@D1,cup_wipe_sponge_dryingrack,2,motion_token,mse_at_horizon_idx,28,0.0018371582264080644
RA_handsout@D1,cup_wipe_sponge_dryingrack,2,motion_token,mse_at_horizon_idx,29,0.0019012450939044356
RA_handsout@D1,cup_wipe_sponge_dryingrack,2,motion_token,mse_at_horizon_idx,30,0.0019317626720294356
RA_handsout@D1,cup_wipe_sponge_dryingrack,2,motion_token,mse_at_horizon_idx,31,0.0019378662109375
RA_handsout@D1,cup_wipe_sponge_dryingrack,2,motion_token,mse_at_horizon_idx,32,0.0020324706565588713
RA_handsout@D1,cup_wipe_sponge_dryingrack,2,motion_token,mse_at_horizon_idx,33,0.0021087646018713713
RA_handsout@D1,cup_wipe_sponge_dryingrack,2,motion_token,mse_at_horizon_idx,34,0.002197265625
RA_handsout@D1,cup_wipe_sponge_dryingrack,2,motion_token,mse_at_horizon_idx,35,0.0019683837890625
RA_handsout@D1,cup_wipe_sponge_dryingrack,2,motion_token,mse_at_horizon_idx,36,0.0019775391556322575
RA_handsout@D1,cup_wipe_sponge_dryingrack,2,motion_token,mse_at_horizon_idx,37,0.0019561767112463713
RA_handsout@D1,cup_wipe_sponge_dryingrack,2,motion_token,mse_at_horizon_idx,38,0.0018951415549963713
RA_handsout@D1,cup_wipe_sponge_dryingrack,2,motion_token,mse_at_horizon_idx,39,0.001922607421875
RA_handsout@D1,cup_wipe_sponge_dryingrack,2,left_hand_joints,mse,-1,2.2985791474638972e-06
RA_handsout@D1,cup_wipe_sponge_dryingrack,2,left_hand_joints,mae,-1,0.0011885336134582758
RA_handsout@D1,cup_wipe_sponge_dryingrack,2,left_hand_joints,normalized_mse,-1,
RA_handsout@D1,cup_wipe_sponge_dryingrack,2,left_hand_joints,final_position_error,-1,0.00599149102345109
RA_handsout@D1,cup_wipe_sponge_dryingrack,2,left_hand_joints,mean_squared_jerk_pred,-1,1.4469097919800333e-08
RA_handsout@D1,cup_wipe_sponge_dryingrack,2,left_hand_joints,mean_squared_jerk_gt,-1,0.0
RA_handsout@D1,cup_wipe_sponge_dryingrack,2,left_hand_joints,jerk_ratio_pred_over_gt,-1,
RA_handsout@D1,cup_wipe_sponge_dryingrack,2,left_hand_joints,chunk_boundary_discontinuity,-1,1.2540205318600783e-08
RA_handsout@D1,cup_wipe_sponge_dryingrack,2,left_hand_joints,mse_proprio_ablated,-1,2.0931247490807436e-06
RA_handsout@D1,cup_wipe_sponge_dryingrack,2,left_hand_joints,proprio_leakage_gap,-1,-2.054543983831536e-07
RA_handsout@D1,cup_wipe_sponge_dryingrack,2,left_hand_joints,mse_at_horizon_idx,0,2.21436562242161e-06
RA_handsout@D1,cup_wipe_sponge_dryingrack,2,left_hand_joints,mse_at_horizon_idx,1,2.1624905457429122e-06
RA_handsout@D1,cup_wipe_sponge_dryingrack,2,left_hand_joints,mse_at_horizon_idx,2,2.112927404596121e-06
RA_handsout@D1,cup_wipe_sponge_dryingrack,2,left_hand_joints,mse_at_horizon_idx,3,2.123387730534887e-06
RA_handsout@D1,cup_wipe_sponge_dryingrack,2,left_hand_joints,mse_at_horizon_idx,4,2.099758830809151e-06
RA_handsout@D1,cup_wipe_sponge_dryingrack,2,left_hand_joints,mse_at_horizon_idx,5,2.07832317755674e-06
RA_handsout@D1,cup_wipe_sponge_dryingrack,2,left_hand_joints,mse_at_horizon_idx,6,2.0718684936582576e-06
RA_handsout@D1,cup_wipe_sponge_dryingrack,2,left_hand_joints,mse_at_horizon_idx,7,2.098466211464256e-06
RA_handsout@D1,cup_wipe_sponge_dryingrack,2,left_hand_joints,mse_at_horizon_idx,8,2.0706029317807406e-06
RA_handsout@D1,cup_wipe_sponge_dryingrack,2,left_hand_joints,mse_at_horizon_idx,9,2.0667384887929074e-06
RA_handsout@D1,cup_wipe_sponge_dryingrack,2,left_hand_joints,mse_at_horizon_idx,10,2.0827756088692695e-06
RA_handsout@D1,cup_wipe_sponge_dryingrack,2,left_hand_joints,mse_at_horizon_idx,11,2.0696450064860983e-06
RA_handsout@D1,cup_wipe_sponge_dryingrack,2,left_hand_joints,mse_at_horizon_idx,12,2.067074774458888e-06
RA_handsout@D1,cup_wipe_sponge_dryingrack,2,left_hand_joints,mse_at_horizon_idx,13,1.908254034788115e-06
RA_handsout@D1,cup_wipe_sponge_dryingrack,2,left_hand_joints,mse_at_horizon_idx,14,1.9345234250067733e-06
RA_handsout@D1,cup_wipe_sponge_dryingrack,2,left_hand_joints,mse_at_horizon_idx,15,1.9548267573554767e-06
RA_handsout@D1,cup_wipe_sponge_dryingrack,2,left_hand_joints,mse_at_horizon_idx,16,1.9682690890476806e-06
RA_handsout@D1,cup_wipe_sponge_dryingrack,2,left_hand_joints,mse_at_horizon_idx,17,1.978288537429762e-06
RA_handsout@D1,cup_wipe_sponge_dryingrack,2,left_hand_joints,mse_at_horizon_idx,18,1.988448275369592e-06
RA_handsout@D1,cup_wipe_sponge_dryingrack,2,left_hand_joints,mse_at_horizon_idx,19,1.8832582782124518e-06
RA_handsout@D1,cup_wipe_sponge_dryingrack,2,left_hand_joints,mse_at_horizon_idx,20,1.8508042103348998e-06
RA_handsout@D1,cup_wipe_sponge_dryingrack,2,left_hand_joints,mse_at_horizon_idx,21,1.8644180954652256e-06
RA_handsout@D1,cup_wipe_sponge_dryingrack,2,left_hand_joints,mse_at_horizon_idx,22,1.9479755337670213e-06
RA_handsout@D1,cup_wipe_sponge_dryingrack,2,left_hand_joints,mse_at_horizon_idx,23,2.0826489617320476e-06
RA_handsout@D1,cup_wipe_sponge_dryingrack,2,left_hand_joints,mse_at_horizon_idx,24,2.2262404399953084e-06
RA_handsout@D1,cup_wipe_sponge_dryingrack,2,left_hand_joints,mse_at_horizon_idx,25,2.460716814312036e-06
RA_handsout@D1,cup_wipe_sponge_dryingrack,2,left_hand_joints,mse_at_horizon_idx,26,2.7155710995430127e-06
RA_handsout@D1,cup_wipe_sponge_dryingrack,2,left_hand_joints,mse_at_horizon_idx,27,2.822739588737022e-06
RA_handsout@D1,cup_wipe_sponge_dryingrack,2,left_hand_joints,mse_at_horizon_idx,28,2.9310335776244756e-06
RA_handsout@D1,cup_wipe_sponge_dryingrack,2,left_hand_joints,mse_at_horizon_idx,29,2.9663679015357047e-06
RA_handsout@D1,cup_wipe_sponge_dryingrack,2,left_hand_joints,mse_at_horizon_idx,30,2.9968527996970806e-06
RA_handsout@D1,cup_wipe_sponge_dryingrack,2,left_hand_joints,mse_at_horizon_idx,31,2.9950597308925353e-06
RA_handsout@D1,cup_wipe_sponge_dryingrack,2,left_hand_joints,mse_at_horizon_idx,32,2.92970207738108e-06
RA_handsout@D1,cup_wipe_sponge_dryingrack,2,left_hand_joints,mse_at_horizon_idx,33,2.889991947085946e-06
RA_handsout@D1,cup_wipe_sponge_dryingrack,2,left_hand_joints,mse_at_horizon_idx,34,2.8193392154207686e-06
RA_handsout@D1,cup_wipe_sponge_dryingrack,2,left_hand_joints,mse_at_horizon_idx,35,2.7267417408438632e-06
RA_handsout@D1,cup_wipe_sponge_dryingrack,2,left_hand_joints,mse_at_horizon_idx,36,2.6294312647223705e-06
RA_handsout@D1,cup_wipe_sponge_dryingrack,2,left_hand_joints,mse_at_horizon_idx,37,2.514925427021808e-06
RA_handsout@D1,cup_wipe_sponge_dryingrack,2,left_hand_joints,mse_at_horizon_idx,38,2.411764626231161e-06
RA_handsout@D1,cup_wipe_sponge_dryingrack,2,left_hand_joints,mse_at_horizon_idx,39,2.354697471673717e-06
RA_handsout@D1,cup_wipe_sponge_dryingrack,2,left_hand_joints,grasp_precision,-1,0.0
RA_handsout@D1,cup_wipe_sponge_dryingrack,2,left_hand_joints,grasp_recall,-1,
RA_handsout@D1,cup_wipe_sponge_dryingrack,2,left_hand_joints,grasp_f1,-1,
RA_handsout@D1,cup_wipe_sponge_dryingrack,2,left_hand_joints,grasp_n_gt_events,-1,0.0
RA_handsout@D1,cup_wipe_sponge_dryingrack,2,left_hand_joints,grasp_n_pred_events,-1,17.0
RA_handsout@D1,cup_wipe_sponge_dryingrack,2,left_hand_joints,grasp_onset_timing_error_signed_steps,-1,
RA_handsout@D1,cup_wipe_sponge_dryingrack,2,left_hand_joints,grasp_spurious_transitions,-1,17.0
RA_handsout@D1,cup_wipe_sponge_dryingrack,2,right_hand_joints,mse,-1,1.611241032151156e-06
RA_handsout@D1,cup_wipe_sponge_dryingrack,2,right_hand_joints,mae,-1,0.0010439364705234766
RA_handsout@D1,cup_wipe_sponge_dryingrack,2,right_hand_joints,normalized_mse,-1,
RA_handsout@D1,cup_wipe_sponge_dryingrack,2,right_hand_joints,final_position_error,-1,0.004681444261223078
RA_handsout@D1,cup_wipe_sponge_dryingrack,2,right_hand_joints,mean_squared_jerk_pred,-1,1.2930196469085331e-08
RA_handsout@D1,cup_wipe_sponge_dryingrack,2,right_hand_joints,mean_squared_jerk_gt,-1,0.0
RA_handsout@D1,cup_wipe_sponge_dryingrack,2,right_hand_joints,jerk_ratio_pred_over_gt,-1,
RA_handsout@D1,cup_wipe_sponge_dryingrack,2,right_hand_joints,chunk_boundary_discontinuity,-1,6.3278320361348506e-09
RA_handsout@D1,cup_wipe_sponge_dryingrack,2,right_hand_joints,mse_proprio_ablated,-1,1.4873378404445248e-06
RA_handsout@D1,cup_wipe_sponge_dryingrack,2,right_hand_joints,proprio_leakage_gap,-1,-1.2390319170663133e-07
RA_handsout@D1,cup_wipe_sponge_dryingrack,2,right_hand_joints,mse_at_horizon_idx,0,1.6279082046821713e-06
RA_handsout@D1,cup_wipe_sponge_dryingrack,2,right_hand_joints,mse_at_horizon_idx,1,1.6286337540805107e-06
RA_handsout@D1,cup_wipe_sponge_dryingrack,2,right_hand_joints,mse_at_horizon_idx,2,1.630278575248667e-06
RA_handsout@D1,cup_wipe_sponge_dryingrack,2,right_hand_joints,mse_at_horizon_idx,3,1.6146652797033312e-06
RA_handsout@D1,cup_wipe_sponge_dryingrack,2,right_hand_joints,mse_at_horizon_idx,4,1.5935105466269306e-06
RA_handsout@D1,cup_wipe_sponge_dryingrack,2,right_hand_joints,mse_at_horizon_idx,5,1.5788460814292193e-06
RA_handsout@D1,cup_wipe_sponge_dryingrack,2,right_hand_joints,mse_at_horizon_idx,6,1.5631279666195042e-06
RA_handsout@D1,cup_wipe_sponge_dryingrack,2,right_hand_joints,mse_at_horizon_idx,7,1.563714022267959e-06
RA_handsout@D1,cup_wipe_sponge_dryingrack,2,right_hand_joints,mse_at_horizon_idx,8,1.5373592532341718e-06
RA_handsout@D1,cup_wipe_sponge_dryingrack,2,right_hand_joints,mse_at_horizon_idx,9,1.5217665350064635e-06
RA_handsout@D1,cup_wipe_sponge_dryingrack,2,right_hand_joints,mse_at_horizon_idx,10,1.522903289696842e-06
RA_handsout@D1,cup_wipe_sponge_dryingrack,2,right_hand_joints,mse_at_horizon_idx,11,1.5166513094300171e-06
RA_handsout@D1,cup_wipe_sponge_dryingrack,2,right_hand_joints,mse_at_horizon_idx,12,1.525534912616422e-06
RA_handsout@D1,cup_wipe_sponge_dryingrack,2,right_hand_joints,mse_at_horizon_idx,13,1.4541221844410757e-06
RA_handsout@D1,cup_wipe_sponge_dryingrack,2,right_hand_joints,mse_at_horizon_idx,14,1.4787840427743504e-06
RA_handsout@D1,cup_wipe_sponge_dryingrack,2,right_hand_joints,mse_at_horizon_idx,15,1.499396830695332e-06
RA_handsout@D1,cup_wipe_sponge_dryingrack,2,right_hand_joints,mse_at_horizon_idx,16,1.5073449048941256e-06
RA_handsout@D1,cup_wipe_sponge_dryingrack,2,right_hand_joints,mse_at_horizon_idx,17,1.5100606560736196e-06
RA_handsout@D1,cup_wipe_sponge_dryingrack,2,right_hand_joints,mse_at_horizon_idx,18,1.505092541265185e-06
RA_handsout@D1,cup_wipe_sponge_dryingrack,2,right_hand_joints,mse_at_horizon_idx,19,1.4128083876130404e-06
RA_handsout@D1,cup_wipe_sponge_dryingrack,2,right_hand_joints,mse_at_horizon_idx,20,1.3753209486822016e-06
RA_handsout@D1,cup_wipe_sponge_dryingrack,2,right_hand_joints,mse_at_horizon_idx,21,1.35967650294333e-06
RA_handsout@D1,cup_wipe_sponge_dryingrack,2,right_hand_joints,mse_at_horizon_idx,22,1.384071197207959e-06
RA_handsout@D1,cup_wipe_sponge_dryingrack,2,right_hand_joints,mse_at_horizon_idx,23,1.4483196082437644e-06
RA_handsout@D1,cup_wipe_sponge_dryingrack,2,right_hand_joints,mse_at_horizon_idx,24,1.5214147879305528e-06
RA_handsout@D1,cup_wipe_sponge_dryingrack,2,right_hand_joints,mse_at_horizon_idx,25,1.6446558674942935e-06
RA_handsout@D1,cup_wipe_sponge_dryingrack,2,right_hand_joints,mse_at_horizon_idx,26,1.7725557199810282e-06
RA_handsout@D1,cup_wipe_sponge_dryingrack,2,right_hand_joints,mse_at_horizon_idx,27,1.809504965422093e-06
RA_handsout@D1,cup_wipe_sponge_dryingrack,2,right_hand_joints,mse_at_horizon_idx,28,1.8508557104723877e-06
RA_handsout@D1,cup_wipe_sponge_dryingrack,2,right_hand_joints,mse_at_horizon_idx,29,1.8606215235195123e-06
RA_handsout@D1,cup_wipe_sponge_dryingrack,2,right_hand_joints,mse_at_horizon_idx,30,1.8679875211091712e-06
RA_handsout@D1,cup_wipe_sponge_dryingrack,2,right_hand_joints,mse_at_horizon_idx,31,1.8555526821728563e-06
RA_handsout@D1,cup_wipe_sponge_dryingrack,2,right_hand_joints,mse_at_horizon_idx,32,1.8221023765363498e-06
RA_handsout@D1,cup_wipe_sponge_dryingrack,2,right_hand_joints,mse_at_horizon_idx,33,1.8058144632959738e-06
RA_handsout@D1,cup_wipe_sponge_dryingrack,2,right_hand_joints,mse_at_horizon_idx,34,1.7845217143985792e-06
RA_handsout@D1,cup_wipe_sponge_dryingrack,2,right_hand_joints,mse_at_horizon_idx,35,1.7509149756733677e-06
RA_handsout@D1,cup_wipe_sponge_dryingrack,2,right_hand_joints,mse_at_horizon_idx,36,1.7203350353156566e-06
RA_handsout@D1,cup_wipe_sponge_dryingrack,2,right_hand_joints,mse_at_horizon_idx,37,1.693181161499524e-06
RA_handsout@D1,cup_wipe_sponge_dryingrack,2,right_hand_joints,mse_at_horizon_idx,38,1.6802666777948616e-06
RA_handsout@D1,cup_wipe_sponge_dryingrack,2,right_hand_joints,mse_at_horizon_idx,39,1.6755226397435763e-06
RA_handsout@D1,cup_wipe_sponge_dryingrack,2,right_hand_joints,grasp_precision,-1,0.0
RA_handsout@D1,cup_wipe_sponge_dryingrack,2,right_hand_joints,grasp_recall,-1,
RA_handsout@D1,cup_wipe_sponge_dryingrack,2,right_hand_joints,grasp_f1,-1,
RA_handsout@D1,cup_wipe_sponge_dryingrack,2,right_hand_joints,grasp_n_gt_events,-1,0.0
RA_handsout@D1,cup_wipe_sponge_dryingrack,2,right_hand_joints,grasp_n_pred_events,-1,12.0
RA_handsout@D1,cup_wipe_sponge_dryingrack,2,right_hand_joints,grasp_onset_timing_error_signed_steps,-1,
RA_handsout@D1,cup_wipe_sponge_dryingrack,2,right_hand_joints,grasp_spurious_transitions,-1,12.0
RA_handsout@D1,cup_wipe_sponge_dryingrack,2,all,mse,-1,0.0015848663169890642
RA_handsout@D1,cup_wipe_sponge_dryingrack,2,all,mae,-1,0.02284223400056362
RA_handsout@D1,cup_wipe_sponge_dryingrack,2,all,normalized_mse,-1,0.5565651655197144
RA_handsout@D1,cup_wipe_sponge_dryingrack,2,all,final_position_error,-1,0.2652740478515625
RA_handsout@D1,cup_wipe_sponge_dryingrack,2,all,mean_squared_jerk_pred,-1,0.0014156006509438157
RA_handsout@D1,cup_wipe_sponge_dryingrack,2,all,mean_squared_jerk_gt,-1,0.0008163060992956161
RA_handsout@D1,cup_wipe_sponge_dryingrack,2,all,jerk_ratio_pred_over_gt,-1,1.734154200446776
RA_handsout@D1,cup_wipe_sponge_dryingrack,2,all,chunk_boundary_discontinuity,-1,0.00012770600733347237
RA_handsout@D1,cup_wipe_sponge_dryingrack,2,all,mse_proprio_ablated,-1,0.0022942745126783848
RA_handsout@D1,cup_wipe_sponge_dryingrack,2,all,proprio_leakage_gap,-1,0.0007094081956893206
RA_handsout@D1,cup_wipe_sponge_dryingrack,2,all,mse_at_horizon_idx,0,0.0016386806964874268
RA_handsout@D1,cup_wipe_sponge_dryingrack,2,all,mse_at_horizon_idx,1,0.0016505996463820338
RA_handsout@D1,cup_wipe_sponge_dryingrack,2,all,mse_at_horizon_idx,2,0.0017173687228932977
RA_handsout@D1,cup_wipe_sponge_dryingrack,2,all,mse_at_horizon_idx,3,0.0015003546141088009
RA_handsout@D1,cup_wipe_sponge_dryingrack,2,all,mse_at_horizon_idx,4,0.0015098893782123923
RA_handsout@D1,cup_wipe_sponge_dryingrack,2,all,mse_at_horizon_idx,5,0.0014931929763406515
RA_handsout@D1,cup_wipe_sponge_dryingrack,2,all,mse_at_horizon_idx,6,0.0014550347113981843
RA_handsout@D1,cup_wipe_sponge_dryingrack,2,all,mse_at_horizon_idx,7,0.0015170411206781864
RA_handsout@D1,cup_wipe_sponge_dryingrack,2,all,mse_at_horizon_idx,8,0.0015885792672634125
RA_handsout@D1,cup_wipe_sponge_dryingrack,2,all,mse_at_horizon_idx,9,0.0016911225393414497
RA_handsout@D1,cup_wipe_sponge_dryingrack,2,all,mse_at_horizon_idx,10,0.0017960539553314447
RA_handsout@D1,cup_wipe_sponge_dryingrack,2,all,mse_at_horizon_idx,11,0.001402565510943532
RA_handsout@D1,cup_wipe_sponge_dryingrack,2,all,mse_at_horizon_idx,12,0.0014478766825050116
RA_handsout@D1,cup_wipe_sponge_dryingrack,2,all,mse_at_horizon_idx,13,0.001457633450627327
RA_handsout@D1,cup_wipe_sponge_dryingrack,2,all,mse_at_horizon_idx,14,0.0015252463053911924
RA_handsout@D1,cup_wipe_sponge_dryingrack,2,all,mse_at_horizon_idx,15,0.0015377700328826904
RA_handsout@D1,cup_wipe_sponge_dryingrack,2,all,mse_at_horizon_idx,16,0.0016404360067099333
RA_handsout@D1,cup_wipe_sponge_dryingrack,2,all,mse_at_horizon_idx,17,0.0017556216334924102
RA_handsout@D1,cup_wipe_sponge_dryingrack,2,all,mse_at_horizon_idx,18,0.0017756540328264236
RA_handsout@D1,cup_wipe_sponge_dryingrack,2,all,mse_at_horizon_idx,19,0.0015703076496720314
RA_handsout@D1,cup_wipe_sponge_dryingrack,2,all,mse_at_horizon_idx,20,0.001587829552590847
RA_handsout@D1,cup_wipe_sponge_dryingrack,2,all,mse_at_horizon_idx,21,0.0015728052239865065
RA_handsout@D1,cup_wipe_sponge_dryingrack,2,all,mse_at_horizon_idx,22,0.0015052069211378694
RA_handsout@D1,cup_wipe_sponge_dryingrack,2,all,mse_at_horizon_idx,23,0.0015027206391096115
RA_handsout@D1,cup_wipe_sponge_dryingrack,2,all,mse_at_horizon_idx,24,0.0015302842948585749
RA_handsout@D1,cup_wipe_sponge_dryingrack,2,all,mse_at_horizon_idx,25,0.0015553563134744763
RA_handsout@D1,cup_wipe_sponge_dryingrack,2,all,mse_at_horizon_idx,26,0.001575422822497785
RA_handsout@D1,cup_wipe_sponge_dryingrack,2,all,mse_at_horizon_idx,27,0.001480283448472619
RA_handsout@D1,cup_wipe_sponge_dryingrack,2,all,mse_at_horizon_idx,28,0.0015078408177942038
RA_handsout@D1,cup_wipe_sponge_dryingrack,2,all,mse_at_horizon_idx,29,0.0015604293439537287
RA_handsout@D1,cup_wipe_sponge_dryingrack,2,all,mse_at_horizon_idx,30,0.001585472607985139
RA_handsout@D1,cup_wipe_sponge_dryingrack,2,all,mse_at_horizon_idx,31,0.0015904795145615935
RA_handsout@D1,cup_wipe_sponge_dryingrack,2,all,mse_at_horizon_idx,32,0.0016680946573615074
RA_handsout@D1,cup_wipe_sponge_dryingrack,2,all,mse_at_horizon_idx,33,0.0017306897789239883
RA_handsout@D1,cup_wipe_sponge_dryingrack,2,all,mse_at_horizon_idx,34,0.001803297782316804
RA_handsout@D1,cup_wipe_sponge_dryingrack,2,all,mse_at_horizon_idx,35,0.0016154858749359846
RA_handsout@D1,cup_wipe_sponge_dryingrack,2,all,mse_at_horizon_idx,36,0.0016229866305366158
RA_handsout@D1,cup_wipe_sponge_dryingrack,2,all,mse_at_horizon_idx,37,0.0016054458683356643
RA_handsout@D1,cup_wipe_sponge_dryingrack,2,all,mse_at_horizon_idx,38,0.0015553550329059362
RA_handsout@D1,cup_wipe_sponge_dryingrack,2,all,mse_at_horizon_idx,39,0.001577885588631034
RA_handsout@D1,floor_box_table,16,motion_token,mse,-1,0.00575129734352231
RA_handsout@D1,floor_box_table,16,motion_token,mae,-1,0.05303288623690605
RA_handsout@D1,floor_box_table,16,motion_token,normalized_mse,-1,0.6349923014640808
RA_handsout@D1,floor_box_table,16,motion_token,final_position_error,-1,0.8196797966957092
RA_handsout@D1,floor_box_table,16,motion_token,mean_squared_jerk_pred,-1,0.0037307655438780785
RA_handsout@D1,floor_box_table,16,motion_token,mean_squared_jerk_gt,-1,0.001409223536029458
RA_handsout@D1,floor_box_table,16,motion_token,jerk_ratio_pred_over_gt,-1,2.6473908847631478
RA_handsout@D1,floor_box_table,16,motion_token,chunk_boundary_discontinuity,-1,0.00024691494763828814
RA_handsout@D1,floor_box_table,16,motion_token,on_grid_fraction,-1,1.0
RA_handsout@D1,floor_box_table,16,motion_token,mse_proprio_ablated,-1,0.006398696452379227
RA_handsout@D1,floor_box_table,16,motion_token,proprio_leakage_gap,-1,0.0006473991088569164
RA_handsout@D1,floor_box_table,16,motion_token,mse_at_horizon_idx,0,0.005681577138602734
RA_handsout@D1,floor_box_table,16,motion_token,mse_at_horizon_idx,1,0.005742612294852734
RA_handsout@D1,floor_box_table,16,motion_token,mse_at_horizon_idx,2,0.005724036134779453
RA_handsout@D1,floor_box_table,16,motion_token,mse_at_horizon_idx,3,0.0049093496054410934
RA_handsout@D1,floor_box_table,16,motion_token,mse_at_horizon_idx,4,0.00492261815816164
RA_handsout@D1,floor_box_table,16,motion_token,mse_at_horizon_idx,5,0.00507653271779418
RA_handsout@D1,floor_box_table,16,motion_token,mse_at_horizon_idx,6,0.005413553211838007
RA_handsout@D1,floor_box_table,16,motion_token,mse_at_horizon_idx,7,0.0055090864188969135
RA_handsout@D1,floor_box_table,16,motion_token,mse_at_horizon_idx,8,0.0054055918008089066
RA_handsout@D1,floor_box_table,16,motion_token,mse_at_horizon_idx,9,0.005633810069411993
RA_handsout@D1,floor_box_table,16,motion_token,mse_at_horizon_idx,10,0.00570811377838254
RA_handsout@D1,floor_box_table,16,motion_token,mse_at_horizon_idx,11,0.005426821298897266
RA_handsout@D1,floor_box_table,16,motion_token,mse_at_horizon_idx,12,0.00563646387308836
RA_handsout@D1,floor_box_table,16,motion_token,mse_at_horizon_idx,13,0.00556481396779418
RA_handsout@D1,floor_box_table,16,motion_token,mse_at_horizon_idx,14,0.00563646387308836
RA_handsout@D1,floor_box_table,16,motion_token,mse_at_horizon_idx,15,0.0056603471748530865
RA_handsout@D1,floor_box_table,16,motion_token,mse_at_horizon_idx,16,0.005976137705147266
RA_handsout@D1,floor_box_table,16,motion_token,mse_at_horizon_idx,17,0.006095554679632187
RA_handsout@D1,floor_box_table,16,motion_token,mse_at_horizon_idx,18,0.00615393603220582
RA_handsout@D1,floor_box_table,16,motion_token,mse_at_horizon_idx,19,0.0054480512626469135
RA_handsout@D1,floor_box_table,16,motion_token,mse_at_horizon_idx,20,0.00572668993845582
RA_handsout@D1,floor_box_table,16,motion_token,mse_at_horizon_idx,21,0.00576649559661746
RA_handsout@D1,floor_box_table,16,motion_token,mse_at_horizon_idx,22,0.005739958491176367
RA_handsout@D1,floor_box_table,16,motion_token,mse_at_horizon_idx,23,0.005854067392647266
RA_handsout@D1,floor_box_table,16,motion_token,mse_at_horizon_idx,24,0.006045134272426367
RA_handsout@D1,floor_box_table,16,motion_token,mse_at_horizon_idx,25,0.006156589835882187
RA_handsout@D1,floor_box_table,16,motion_token,mse_at_horizon_idx,26,0.0061990488320589066
RA_handsout@D1,floor_box_table,16,motion_token,mse_at_horizon_idx,27,0.0064246137626469135
RA_handsout@D1,floor_box_table,16,motion_token,mse_at_horizon_idx,28,0.006212317384779453
RA_handsout@D1,floor_box_table,16,motion_token,mse_at_horizon_idx,29,0.005944293458014727
RA_handsout@D1,floor_box_table,16,motion_token,mse_at_horizon_idx,30,0.0059549082070589066
RA_handsout@D1,floor_box_table,16,motion_token,mse_at_horizon_idx,31,0.005793032236397266
RA_handsout@D1,floor_box_table,16,motion_token,mse_at_horizon_idx,32,0.005867335945367813
RA_handsout@D1,floor_box_table,16,motion_token,mse_at_horizon_idx,33,0.005785071291029453
RA_handsout@D1,floor_box_table,16,motion_token,mse_at_horizon_idx,34,0.0058248769491910934
RA_handsout@D1,floor_box_table,16,motion_token,mse_at_horizon_idx,35,0.006108823232352734
RA_handsout@D1,floor_box_table,16,motion_token,mse_at_horizon_idx,36,0.005939830560237169
RA_handsout@D1,floor_box_table,16,motion_token,mse_at_horizon_idx,37,0.005803888663649559
RA_handsout@D1,floor_box_table,16,motion_token,mse_at_horizon_idx,38,0.00578446825966239
RA_handsout@D1,floor_box_table,16,motion_token,mse_at_horizon_idx,39,0.005809437017887831
RA_handsout@D1,floor_box_table,16,left_hand_joints,mse,-1,1.3155403166820179e-06
RA_handsout@D1,floor_box_table,16,left_hand_joints,mae,-1,0.0009290518355555832
RA_handsout@D1,floor_box_table,16,left_hand_joints,normalized_mse,-1,
RA_handsout@D1,floor_box_table,16,left_hand_joints,final_position_error,-1,0.0009564620559103787
RA_handsout@D1,floor_box_table,16,left_hand_joints,mean_squared_jerk_pred,-1,2.169221069436844e-08
RA_handsout@D1,floor_box_table,16,left_hand_joints,mean_squared_jerk_gt,-1,0.0
RA_handsout@D1,floor_box_table,16,left_hand_joints,jerk_ratio_pred_over_gt,-1,
RA_handsout@D1,floor_box_table,16,left_hand_joints,chunk_boundary_discontinuity,-1,5.325526686306148e-09
RA_handsout@D1,floor_box_table,16,left_hand_joints,mse_proprio_ablated,-1,1.5612855577273876e-06
RA_handsout@D1,floor_box_table,16,left_hand_joints,proprio_leakage_gap,-1,2.4574524104536977e-07
RA_handsout@D1,floor_box_table,16,left_hand_joints,mse_at_horizon_idx,0,1.5301653775168234e-06
RA_handsout@D1,floor_box_table,16,left_hand_joints,mse_at_horizon_idx,1,1.5668632613596856e-06
RA_handsout@D1,floor_box_table,16,left_hand_joints,mse_at_horizon_idx,2,1.570248969073873e-06
RA_handsout@D1,floor_box_table,16,left_hand_joints,mse_at_horizon_idx,3,1.4224394817574648e-06
RA_handsout@D1,floor_box_table,16,left_hand_joints,mse_at_horizon_idx,4,1.3851922631147318e-06
RA_handsout@D1,floor_box_table,16,left_hand_joints,mse_at_horizon_idx,5,1.3770577425020747e-06
RA_handsout@D1,floor_box_table,16,left_hand_joints,mse_at_horizon_idx,6,1.372244014419266e-06
RA_handsout@D1,floor_box_table,16,left_hand_joints,mse_at_horizon_idx,7,1.374495013806154e-06
RA_handsout@D1,floor_box_table,16,left_hand_joints,mse_at_horizon_idx,8,1.3725475582759827e-06
RA_handsout@D1,floor_box_table,16,left_hand_joints,mse_at_horizon_idx,9,1.3632781019623508e-06
RA_handsout@D1,floor_box_table,16,left_hand_joints,mse_at_horizon_idx,10,1.3389783362072194e-06
RA_handsout@D1,floor_box_table,16,left_hand_joints,mse_at_horizon_idx,11,1.1435943179094465e-06
RA_handsout@D1,floor_box_table,16,left_hand_joints,mse_at_horizon_idx,12,1.0792770126499818e-06
RA_handsout@D1,floor_box_table,16,left_hand_joints,mse_at_horizon_idx,13,1.094456024475221e-06
RA_handsout@D1,floor_box_table,16,left_hand_joints,mse_at_horizon_idx,14,1.1100249821538455e-06
RA_handsout@D1,floor_box_table,16,left_hand_joints,mse_at_horizon_idx,15,1.1567535693757236e-06
RA_handsout@D1,floor_box_table,16,left_hand_joints,mse_at_horizon_idx,16,1.2055552360834554e-06
RA_handsout@D1,floor_box_table,16,left_hand_joints,mse_at_horizon_idx,17,1.2395453268254641e-06
RA_handsout@D1,floor_box_table,16,left_hand_joints,mse_at_horizon_idx,18,1.2944607306053513e-06
RA_handsout@D1,floor_box_table,16,left_hand_joints,mse_at_horizon_idx,19,1.1477648058644263e-06
RA_handsout@D1,floor_box_table,16,left_hand_joints,mse_at_horizon_idx,20,1.1161812381033087e-06
RA_handsout@D1,floor_box_table,16,left_hand_joints,mse_at_horizon_idx,21,1.128221015278541e-06
RA_handsout@D1,floor_box_table,16,left_hand_joints,mse_at_horizon_idx,22,1.154018491433817e-06
RA_handsout@D1,floor_box_table,16,left_hand_joints,mse_at_horizon_idx,23,1.1970539617323084e-06
RA_handsout@D1,floor_box_table,16,left_hand_joints,mse_at_horizon_idx,24,1.2343715525275911e-06
RA_handsout@D1,floor_box_table,16,left_hand_joints,mse_at_horizon_idx,25,1.2636767223739298e-06
RA_handsout@D1,floor_box_table,16,left_hand_joints,mse_at_horizon_idx,26,1.3428846159513341e-06
RA_handsout@D1,floor_box_table,16,left_hand_joints,mse_at_horizon_idx,27,1.2329171568126185e-06
RA_handsout@D1,floor_box_table,16,left_hand_joints,mse_at_horizon_idx,28,1.2426934290488134e-06
RA_handsout@D1,floor_box_table,16,left_hand_joints,mse_at_horizon_idx,29,1.2909821407447453e-06
RA_handsout@D1,floor_box_table,16,left_hand_joints,mse_at_horizon_idx,30,1.3489571983882342e-06
RA_handsout@D1,floor_box_table,16,left_hand_joints,mse_at_horizon_idx,31,1.3880111282560392e-06
RA_handsout@D1,floor_box_table,16,left_hand_joints,mse_at_horizon_idx,32,1.4309742937257397e-06
RA_handsout@D1,floor_box_table,16,left_hand_joints,mse_at_horizon_idx,33,1.4487635553450673e-06
RA_handsout@D1,floor_box_table,16,left_hand_joints,mse_at_horizon_idx,34,1.4689912859466858e-06
RA_handsout@D1,floor_box_table,16,left_hand_joints,mse_at_horizon_idx,35,1.3495729263013345e-06
RA_handsout@D1,floor_box_table,16,left_hand_joints,mse_at_horizon_idx,36,1.3960561773274094e-06
RA_handsout@D1,floor_box_table,16,left_hand_joints,mse_at_horizon_idx,37,1.4406349464479717e-06
RA_handsout@D1,floor_box_table,16,left_hand_joints,mse_at_horizon_idx,38,1.4965236232455936e-06
RA_handsout@D1,floor_box_table,16,left_hand_joints,mse_at_horizon_idx,39,1.5313769381464226e-06
RA_handsout@D1,floor_box_table,16,left_hand_joints,grasp_precision,-1,0.0
RA_handsout@D1,floor_box_table,16,left_hand_joints,grasp_recall,-1,
RA_handsout@D1,floor_box_table,16,left_hand_joints,grasp_f1,-1,
RA_handsout@D1,floor_box_table,16,left_hand_joints,grasp_n_gt_events,-1,0.0
RA_handsout@D1,floor_box_table,16,left_hand_joints,grasp_n_pred_events,-1,12.0
RA_handsout@D1,floor_box_table,16,left_hand_joints,grasp_onset_timing_error_signed_steps,-1,
RA_handsout@D1,floor_box_table,16,left_hand_joints,grasp_spurious_transitions,-1,12.0
RA_handsout@D1,floor_box_table,16,right_hand_joints,mse,-1,1.08132292098162e-06
RA_handsout@D1,floor_box_table,16,right_hand_joints,mae,-1,0.0008372097508981824
RA_handsout@D1,floor_box_table,16,right_hand_joints,normalized_mse,-1,
RA_handsout@D1,floor_box_table,16,right_hand_joints,final_position_error,-1,0.002296352991834283
RA_handsout@D1,floor_box_table,16,right_hand_joints,mean_squared_jerk_pred,-1,1.595046406066558e-08
RA_handsout@D1,floor_box_table,16,right_hand_joints,mean_squared_jerk_gt,-1,0.0
RA_handsout@D1,floor_box_table,16,right_hand_joints,jerk_ratio_pred_over_gt,-1,
RA_handsout@D1,floor_box_table,16,right_hand_joints,chunk_boundary_discontinuity,-1,3.016420668799924e-09
RA_handsout@D1,floor_box_table,16,right_hand_joints,mse_proprio_ablated,-1,1.236437583429506e-06
RA_handsout@D1,floor_box_table,16,right_hand_joints,proprio_leakage_gap,-1,1.5511466244788608e-07
RA_handsout@D1,floor_box_table,16,right_hand_joints,mse_at_horizon_idx,0,1.201122017846501e-06
RA_handsout@D1,floor_box_table,16,right_hand_joints,mse_at_horizon_idx,1,1.220605895468907e-06
RA_handsout@D1,floor_box_table,16,right_hand_joints,mse_at_horizon_idx,2,1.2132132951592212e-06
RA_handsout@D1,floor_box_table,16,right_hand_joints,mse_at_horizon_idx,3,1.1225785101487418e-06
RA_handsout@D1,floor_box_table,16,right_hand_joints,mse_at_horizon_idx,4,1.1030825817215373e-06
RA_handsout@D1,floor_box_table,16,right_hand_joints,mse_at_horizon_idx,5,1.0984661003021756e-06
RA_handsout@D1,floor_box_table,16,right_hand_joints,mse_at_horizon_idx,6,1.105631440623256e-06
RA_handsout@D1,floor_box_table,16,right_hand_joints,mse_at_horizon_idx,7,1.1097599781351164e-06
RA_handsout@D1,floor_box_table,16,right_hand_joints,mse_at_horizon_idx,8,1.1071116432503914e-06
RA_handsout@D1,floor_box_table,16,right_hand_joints,mse_at_horizon_idx,9,1.1123781860078452e-06
RA_handsout@D1,floor_box_table,16,right_hand_joints,mse_at_horizon_idx,10,1.0992196166625945e-06
RA_handsout@D1,floor_box_table,16,right_hand_joints,mse_at_horizon_idx,11,9.305996400144068e-07
RA_handsout@D1,floor_box_table,16,right_hand_joints,mse_at_horizon_idx,12,8.798450039648742e-07
RA_handsout@D1,floor_box_table,16,right_hand_joints,mse_at_horizon_idx,13,8.866755365488643e-07
RA_handsout@D1,floor_box_table,16,right_hand_joints,mse_at_horizon_idx,14,9.030934506881749e-07
RA_handsout@D1,floor_box_table,16,right_hand_joints,mse_at_horizon_idx,15,9.331251362709736e-07
RA_handsout@D1,floor_box_table,16,right_hand_joints,mse_at_horizon_idx,16,9.639021527618752e-07
RA_handsout@D1,floor_box_table,16,right_hand_joints,mse_at_horizon_idx,17,9.964936680262326e-07
RA_handsout@D1,floor_box_table,16,right_hand_joints,mse_at_horizon_idx,18,1.0416027862447663e-06
RA_handsout@D1,floor_box_table,16,right_hand_joints,mse_at_horizon_idx,19,9.662844604463317e-07
RA_handsout@D1,floor_box_table,16,right_hand_joints,mse_at_horizon_idx,20,9.599124268788728e-07
RA_handsout@D1,floor_box_table,16,right_hand_joints,mse_at_horizon_idx,21,9.815930752665736e-07
RA_handsout@D1,floor_box_table,16,right_hand_joints,mse_at_horizon_idx,22,1.0082701464853017e-06
RA_handsout@D1,floor_box_table,16,right_hand_joints,mse_at_horizon_idx,23,1.0453796903675538e-06
RA_handsout@D1,floor_box_table,16,right_hand_joints,mse_at_horizon_idx,24,1.073486032510118e-06
RA_handsout@D1,floor_box_table,16,right_hand_joints,mse_at_horizon_idx,25,1.10489224880439e-06
RA_handsout@D1,floor_box_table,16,right_hand_joints,mse_at_horizon_idx,26,1.1662571068882244e-06
RA_handsout@D1,floor_box_table,16,right_hand_joints,mse_at_horizon_idx,27,1.0937228580587544e-06
RA_handsout@D1,floor_box_table,16,right_hand_joints,mse_at_horizon_idx,28,1.0897839501922135e-06
RA_handsout@D1,floor_box_table,16,right_hand_joints,mse_at_horizon_idx,29,1.113543362407654e-06
RA_handsout@D1,floor_box_table,16,right_hand_joints,mse_at_horizon_idx,30,1.1389469136702246e-06
RA_handsout@D1,floor_box_table,16,right_hand_joints,mse_at_horizon_idx,31,1.1546826499397866e-06
RA_handsout@D1,floor_box_table,16,right_hand_joints,mse_at_horizon_idx,32,1.17260435672506e-06
RA_handsout@D1,floor_box_table,16,right_hand_joints,mse_at_horizon_idx,33,1.1798766763604362e-06
RA_handsout@D1,floor_box_table,16,right_hand_joints,mse_at_horizon_idx,34,1.1917612710021785e-06
RA_handsout@D1,floor_box_table,16,right_hand_joints,mse_at_horizon_idx,35,1.1178982504134183e-06
RA_handsout@D1,floor_box_table,16,right_hand_joints,mse_at_horizon_idx,36,1.1247976772210677e-06
RA_handsout@D1,floor_box_table,16,right_hand_joints,mse_at_horizon_idx,37,1.1530274832693976e-06
RA_handsout@D1,floor_box_table,16,right_hand_joints,mse_at_horizon_idx,38,1.1906194004041026e-06
RA_handsout@D1,floor_box_table,16,right_hand_joints,mse_at_horizon_idx,39,1.2125326520617818e-06
RA_handsout@D1,floor_box_table,16,right_hand_joints,grasp_precision,-1,0.0
RA_handsout@D1,floor_box_table,16,right_hand_joints,grasp_recall,-1,
RA_handsout@D1,floor_box_table,16,right_hand_joints,grasp_f1,-1,
RA_handsout@D1,floor_box_table,16,right_hand_joints,grasp_n_gt_events,-1,0.0
RA_handsout@D1,floor_box_table,16,right_hand_joints,grasp_n_pred_events,-1,8.0
RA_handsout@D1,floor_box_table,16,right_hand_joints,grasp_onset_timing_error_signed_steps,-1,
RA_handsout@D1,floor_box_table,16,right_hand_joints,grasp_spurious_transitions,-1,8.0
RA_handsout@D1,floor_box_table,16,all,mse,-1,0.004719228483736515
RA_handsout@D1,floor_box_table,16,all,mae,-1,0.043672677129507065
RA_handsout@D1,floor_box_table,16,all,normalized_mse,-1,0.6349923014640808
RA_handsout@D1,floor_box_table,16,all,final_position_error,-1,0.8196836113929749
RA_handsout@D1,floor_box_table,16,all,mean_squared_jerk_pred,-1,0.003061144147068262
RA_handsout@D1,floor_box_table,16,all,mean_squared_jerk_gt,-1,0.0011562859872356057
RA_handsout@D1,floor_box_table,16,all,jerk_ratio_pred_over_gt,-1,2.6473936213537463
RA_handsout@D1,floor_box_table,16,all,chunk_boundary_discontinuity,-1,0.00020259764278307557
RA_handsout@D1,floor_box_table,16,all,mse_proprio_ablated,-1,0.0052504632622003555
RA_handsout@D1,floor_box_table,16,all,proprio_leakage_gap,-1,0.0005312347784638405
RA_handsout@D1,floor_box_table,16,all,mse_at_horizon_idx,0,0.004662051796913147
RA_handsout@D1,floor_box_table,16,all,mse_at_horizon_idx,1,0.004712137393653393
RA_handsout@D1,floor_box_table,16,all,mse_at_horizon_idx,2,0.004696895368397236
RA_handsout@D1,floor_box_table,16,all,mse_at_horizon_idx,3,0.004028412513434887
RA_handsout@D1,floor_box_table,16,all,mse_at_horizon_idx,4,0.0040392945520579815
RA_handsout@D1,floor_box_table,16,all,mse_at_horizon_idx,5,0.004165582358837128
RA_handsout@D1,floor_box_table,16,all,mse_at_horizon_idx,6,0.0044421120546758175
RA_handsout@D1,floor_box_table,16,all,mse_at_horizon_idx,7,0.0045204986818134785
RA_handsout@D1,floor_box_table,16,all,mse_at_horizon_idx,8,0.004435580223798752
RA_handsout@D1,floor_box_table,16,all,mse_at_horizon_idx,9,0.004622835665941238
RA_handsout@D1,floor_box_table,16,all,mse_at_horizon_idx,10,0.00468379957601428
RA_handsout@D1,floor_box_table,16,all,mse_at_horizon_idx,11,0.004452962428331375
RA_handsout@D1,floor_box_table,16,all,mse_at_horizon_idx,12,0.004624966997653246
RA_handsout@D1,floor_box_table,16,all,mse_at_horizon_idx,13,0.004566179122775793
RA_handsout@D1,floor_box_table,16,all,mse_at_horizon_idx,14,0.004624971654266119
RA_handsout@D1,floor_box_table,16,all,mse_at_horizon_idx,15,0.0046445755288004875
RA_handsout@D1,floor_box_table,16,all,mse_at_horizon_idx,16,0.004903692286461592
RA_handsout@D1,floor_box_table,16,all,mse_at_horizon_idx,17,0.005001680459827185
RA_handsout@D1,floor_box_table,16,all,mse_at_horizon_idx,18,0.005049593281000853
RA_handsout@D1,floor_box_table,16,all,mse_at_horizon_idx,19,0.0044703856110572815
RA_handsout@D1,floor_box_table,16,all,mse_at_horizon_idx,20,0.004699009004980326
RA_handsout@D1,floor_box_table,16,all,mse_at_horizon_idx,21,0.004731672815978527
RA_handsout@D1,floor_box_table,16,all,mse_at_horizon_idx,22,0.00470990315079689
RA_handsout@D1,floor_box_table,16,all,mse_at_horizon_idx,23,0.004803539253771305
RA_handsout@D1,floor_box_table,16,all,mse_at_horizon_idx,24,0.0049603171646595
RA_handsout@D1,floor_box_table,16,all,mse_at_horizon_idx,25,0.005051773507148027
RA_handsout@D1,floor_box_table,16,all,mse_at_horizon_idx,26,0.005086624063551426
RA_handsout@D1,floor_box_table,16,all,mse_at_horizon_idx,27,0.00527168670669198
RA_handsout@D1,floor_box_table,16,all,mse_at_horizon_idx,28,0.005097495391964912
RA_handsout@D1,floor_box_table,16,all,mse_at_horizon_idx,29,0.004877584986388683
RA_handsout@D1,floor_box_table,16,all,mse_at_horizon_idx,30,0.004886301700025797
RA_handsout@D1,floor_box_table,16,all,mse_at_horizon_idx,31,0.0047534857876598835
RA_handsout@D1,floor_box_table,16,all,mse_at_horizon_idx,32,0.00481445761397481
RA_handsout@D1,floor_box_table,16,all,mse_at_horizon_idx,33,0.0047469609417021275
RA_handsout@D1,floor_box_table,16,all,mse_at_horizon_idx,34,0.004779624752700329
RA_handsout@D1,floor_box_table,16,all,mse_at_horizon_idx,35,0.005012589506804943
RA_handsout@D1,floor_box_table,16,all,mse_at_horizon_idx,36,0.004873933270573616
RA_handsout@D1,floor_box_table,16,all,mse_at_horizon_idx,37,0.004762398079037666
RA_handsout@D1,floor_box_table,16,all,mse_at_horizon_idx,38,0.00474647106602788
RA_handsout@D1,floor_box_table,16,all,mse_at_horizon_idx,39,0.004766963887959719
RA_handsout,bottle_cupnoodles_shelf,0,motion_token,mse,-1,0.009457121603190899
RA_handsout,bottle_cupnoodles_shelf,0,motion_token,mae,-1,0.07327280193567276
RA_handsout,bottle_cupnoodles_shelf,0,motion_token,normalized_mse,-1,1.5253831148147583
RA_handsout,bottle_cupnoodles_shelf,0,motion_token,final_position_error,-1,0.5376453399658203
RA_handsout,bottle_cupnoodles_shelf,0,motion_token,mean_squared_jerk_pred,-1,0.0035663931630551815
RA_handsout,bottle_cupnoodles_shelf,0,motion_token,mean_squared_jerk_gt,-1,0.0012229096610099077
RA_handsout,bottle_cupnoodles_shelf,0,motion_token,jerk_ratio_pred_over_gt,-1,2.916317759817164
RA_handsout,bottle_cupnoodles_shelf,0,motion_token,chunk_boundary_discontinuity,-1,0.008413654752075672
RA_handsout,bottle_cupnoodles_shelf,0,motion_token,on_grid_fraction,-1,1.0
RA_handsout,bottle_cupnoodles_shelf,0,motion_token,mse_proprio_ablated,-1,0.00998734775930643
RA_handsout,bottle_cupnoodles_shelf,0,motion_token,proprio_leakage_gap,-1,0.0005302261561155319
RA_handsout,bottle_cupnoodles_shelf,0,motion_token,mse_at_horizon_idx,0,0.010025436989963055
RA_handsout,bottle_cupnoodles_shelf,0,motion_token,mse_at_horizon_idx,1,0.009890994057059288
RA_handsout,bottle_cupnoodles_shelf,0,motion_token,mse_at_horizon_idx,2,0.009785420261323452
RA_handsout,bottle_cupnoodles_shelf,0,motion_token,mse_at_horizon_idx,3,0.009649327956140041
RA_handsout,bottle_cupnoodles_shelf,0,motion_token,mse_at_horizon_idx,4,0.009481069631874561
RA_handsout,bottle_cupnoodles_shelf,0,motion_token,mse_at_horizon_idx,5,0.00932435691356659
RA_handsout,bottle_cupnoodles_shelf,0,motion_token,mse_at_horizon_idx,6,0.009180017746984959
RA_handsout,bottle_cupnoodles_shelf,0,motion_token,mse_at_horizon_idx,7,0.009159397333860397
RA_handsout,bottle_cupnoodles_shelf,0,motion_token,mse_at_horizon_idx,8,0.009137127548456192
RA_handsout,bottle_cupnoodles_shelf,0,motion_token,mse_at_horizon_idx,9,0.009133003652095795
RA_handsout,bottle_cupnoodles_shelf,0,motion_token,mse_at_horizon_idx,10,0.009078566916286945
RA_handsout,bottle_cupnoodles_shelf,0,motion_token,mse_at_horizon_idx,11,0.009053823538124561
RA_handsout,bottle_cupnoodles_shelf,0,motion_token,mse_at_horizon_idx,12,0.009143725968897343
RA_handsout,bottle_cupnoodles_shelf,0,motion_token,mse_at_horizon_idx,13,0.00901918113231659
RA_handsout,bottle_cupnoodles_shelf,0,motion_token,mse_at_horizon_idx,14,0.008977117016911507
RA_handsout,bottle_cupnoodles_shelf,0,motion_token,mse_at_horizon_idx,15,0.00909591093659401
RA_handsout,bottle_cupnoodles_shelf,0,motion_token,mse_at_horizon_idx,16,0.009068319573998451
RA_handsout,bottle_cupnoodles_shelf,0,motion_token,mse_at_horizon_idx,17,0.00903069507330656
RA_handsout,bottle_cupnoodles_shelf,0,motion_token,mse_at_horizon_idx,18,0.009006448090076447
RA_handsout,bottle_cupnoodles_shelf,0,motion_token,mse_at_horizon_idx,19,0.009088385850191116
RA_handsout,bottle_cupnoodles_shelf,0,motion_token,mse_at_horizon_idx,20,0.00897467602044344
RA_handsout,bottle_cupnoodles_shelf,0,motion_token,mse_at_horizon_idx,21,0.009003940038383007
RA_handsout,bottle_cupnoodles_shelf,0,motion_token,mse_at_horizon_idx,22,0.008981364779174328
RA_handsout,bottle_cupnoodles_shelf,0,motion_token,mse_at_horizon_idx,23,0.008997251279652119
RA_handsout,bottle_cupnoodles_shelf,0,motion_token,mse_at_horizon_idx,24,0.009098418988287449
RA_handsout,bottle_cupnoodles_shelf,0,motion_token,mse_at_horizon_idx,25,0.009024841710925102
RA_handsout,bottle_cupnoodles_shelf,0,motion_token,mse_at_horizon_idx,26,0.00907082762569189
RA_handsout,bottle_cupnoodles_shelf,0,motion_token,mse_at_horizon_idx,27,0.00911514088511467
RA_handsout,bottle_cupnoodles_shelf,0,motion_token,mse_at_horizon_idx,28,0.009058286435902119
RA_handsout,bottle_cupnoodles_shelf,0,motion_token,mse_at_horizon_idx,29,0.00913604348897934
RA_handsout,bottle_cupnoodles_shelf,0,motion_token,mse_at_horizon_idx,30,0.009389380924403667
RA_handsout,bottle_cupnoodles_shelf,0,motion_token,mse_at_horizon_idx,31,0.009392725303769112
RA_handsout,bottle_cupnoodles_shelf,0,motion_token,mse_at_horizon_idx,32,0.009688704274594784
RA_handsout,bottle_cupnoodles_shelf,0,motion_token,mse_at_horizon_idx,33,0.00992950052022934
RA_handsout,bottle_cupnoodles_shelf,0,motion_token,mse_at_horizon_idx,34,0.010309924371540546
RA_handsout,bottle_cupnoodles_shelf,0,motion_token,mse_at_horizon_idx,35,0.01043701171875
RA_handsout,bottle_cupnoodles_shelf,0,motion_token,mse_at_horizon_idx,36,0.010693693533539772
RA_handsout,bottle_cupnoodles_shelf,0,motion_token,mse_at_horizon_idx,37,0.010877635329961777
RA_handsout,bottle_cupnoodles_shelf,0,motion_token,mse_at_horizon_idx,38,0.01082663331180811
RA_handsout,bottle_cupnoodles_shelf,0,motion_token,mse_at_horizon_idx,39,0.010975458659231663
RA_handsout,bottle_cupnoodles_shelf,0,left_hand_joints,mse,-1,0.0007536376942880452
RA_handsout,bottle_cupnoodles_shelf,0,left_hand_joints,mae,-1,0.0216615442186594
RA_handsout,bottle_cupnoodles_shelf,0,left_hand_joints,normalized_mse,-1,
RA_handsout,bottle_cupnoodles_shelf,0,left_hand_joints,final_position_error,-1,0.043989866971969604
RA_handsout,bottle_cupnoodles_shelf,0,left_hand_joints,mean_squared_jerk_pred,-1,0.0003555454022716731
RA_handsout,bottle_cupnoodles_shelf,0,left_hand_joints,mean_squared_jerk_gt,-1,0.0
RA_handsout,bottle_cupnoodles_shelf,0,left_hand_joints,jerk_ratio_pred_over_gt,-1,
RA_handsout,bottle_cupnoodles_shelf,0,left_hand_joints,chunk_boundary_discontinuity,-1,0.0016480416525155306
RA_handsout,bottle_cupnoodles_shelf,0,left_hand_joints,mse_proprio_ablated,-1,0.0007799306185916066
RA_handsout,bottle_cupnoodles_shelf,0,left_hand_joints,proprio_leakage_gap,-1,2.629292430356145e-05
RA_handsout,bottle_cupnoodles_shelf,0,left_hand_joints,mse_at_horizon_idx,0,0.0008818824426271021
RA_handsout,bottle_cupnoodles_shelf,0,left_hand_joints,mse_at_horizon_idx,1,0.0008814788889139891
RA_handsout,bottle_cupnoodles_shelf,0,left_hand_joints,mse_at_horizon_idx,2,0.0008803086238913238
RA_handsout,bottle_cupnoodles_shelf,0,left_hand_joints,mse_at_horizon_idx,3,0.0008728156099095941
RA_handsout,bottle_cupnoodles_shelf,0,left_hand_joints,mse_at_horizon_idx,4,0.00087452691514045
RA_handsout,bottle_cupnoodles_shelf,0,left_hand_joints,mse_at_horizon_idx,5,0.0008649762603454292
RA_handsout,bottle_cupnoodles_shelf,0,left_hand_joints,mse_at_horizon_idx,6,0.0008559522102586925
RA_handsout,bottle_cupnoodles_shelf,0,left_hand_joints,mse_at_horizon_idx,7,0.0008514733053743839
RA_handsout,bottle_cupnoodles_shelf,0,left_hand_joints,mse_at_horizon_idx,8,0.0008382184314541519
RA_handsout,bottle_cupnoodles_shelf,0,left_hand_joints,mse_at_horizon_idx,9,0.0008207900682464242
RA_handsout,bottle_cupnoodles_shelf,0,left_hand_joints,mse_at_horizon_idx,10,0.0008173365495167673
RA_handsout,bottle_cupnoodles_shelf,0,left_hand_joints,mse_at_horizon_idx,11,0.0007897507166489959
RA_handsout,bottle_cupnoodles_shelf,0,left_hand_joints,mse_at_horizon_idx,12,0.0007849381654523313
RA_handsout,bottle_cupnoodles_shelf,0,left_hand_joints,mse_at_horizon_idx,13,0.0007533856551162899
RA_handsout,bottle_cupnoodles_shelf,0,left_hand_joints,mse_at_horizon_idx,14,0.0007388897356577218
RA_handsout,bottle_cupnoodles_shelf,0,left_hand_joints,mse_at_horizon_idx,15,0.0007172941695898771
RA_handsout,bottle_cupnoodles_shelf,0,left_hand_joints,mse_at_horizon_idx,16,0.0007032741559669375
RA_handsout,bottle_cupnoodles_shelf,0,left_hand_joints,mse_at_horizon_idx,17,0.0006799683906137943
RA_handsout,bottle_cupnoodles_shelf,0,left_hand_joints,mse_at_horizon_idx,18,0.0006737434305250645
RA_handsout,bottle_cupnoodles_shelf,0,left_hand_joints,mse_at_horizon_idx,19,0.0006709226290695369
RA_handsout,bottle_cupnoodles_shelf,0,left_hand_joints,mse_at_horizon_idx,20,0.0006603506626561284
RA_handsout,bottle_cupnoodles_shelf,0,left_hand_joints,mse_at_horizon_idx,21,0.0006758514791727066
RA_handsout,bottle_cupnoodles_shelf,0,left_hand_joints,mse_at_horizon_idx,22,0.0006588513497263193
RA_handsout,bottle_cupnoodles_shelf,0,left_hand_joints,mse_at_horizon_idx,23,0.0006753349443897605
RA_handsout,bottle_cupnoodles_shelf,0,left_hand_joints,mse_at_horizon_idx,24,0.0006987181259319186
RA_handsout,bottle_cupnoodles_shelf,0,left_hand_joints,mse_at_horizon_idx,25,0.0006709829322062433
RA_handsout,bottle_cupnoodles_shelf,0,left_hand_joints,mse_at_horizon_idx,26,0.0006964841741137207
RA_handsout,bottle_cupnoodles_shelf,0,left_hand_joints,mse_at_horizon_idx,27,0.0006942981272004545
RA_handsout,bottle_cupnoodles_shelf,0,left_hand_joints,mse_at_horizon_idx,28,0.0007119745132513344
RA_handsout,bottle_cupnoodles_shelf,0,left_hand_joints,mse_at_horizon_idx,29,0.0007167294970713556
RA_handsout,bottle_cupnoodles_shelf,0,left_hand_joints,mse_at_horizon_idx,30,0.000723561504855752
RA_handsout,bottle_cupnoodles_shelf,0,left_hand_joints,mse_at_horizon_idx,31,0.0007249834015965462
RA_handsout,bottle_cupnoodles_shelf,0,left_hand_joints,mse_at_horizon_idx,32,0.0007390345563180745
RA_handsout,bottle_cupnoodles_shelf,0,left_hand_joints,mse_at_horizon_idx,33,0.0007187048904597759
RA_handsout,bottle_cupnoodles_shelf,0,left_hand_joints,mse_at_horizon_idx,34,0.000732879969291389
RA_handsout,bottle_cupnoodles_shelf,0,left_hand_joints,mse_at_horizon_idx,35,0.000727976206690073
RA_handsout,bottle_cupnoodles_shelf,0,left_hand_joints,mse_at_horizon_idx,36,0.0007350827218033373
RA_handsout,bottle_cupnoodles_shelf,0,left_hand_joints,mse_at_horizon_idx,37,0.0007433393620885909
RA_handsout,bottle_cupnoodles_shelf,0,left_hand_joints,mse_at_horizon_idx,38,0.0007256591925397515
RA_handsout,bottle_cupnoodles_shelf,0,left_hand_joints,mse_at_horizon_idx,39,0.0007463153451681137
RA_handsout,bottle_cupnoodles_shelf,0,left_hand_joints,grasp_precision,-1,0.0
RA_handsout,bottle_cupnoodles_shelf,0,left_hand_joints,grasp_recall,-1,
RA_handsout,bottle_cupnoodles_shelf,0,left_hand_joints,grasp_f1,-1,
RA_handsout,bottle_cupnoodles_shelf,0,left_hand_joints,grasp_n_gt_events,-1,0.0
RA_handsout,bottle_cupnoodles_shelf,0,left_hand_joints,grasp_n_pred_events,-1,41.0
RA_handsout,bottle_cupnoodles_shelf,0,left_hand_joints,grasp_onset_timing_error_signed_steps,-1,
RA_handsout,bottle_cupnoodles_shelf,0,left_hand_joints,grasp_spurious_transitions,-1,41.0
RA_handsout,bottle_cupnoodles_shelf,0,right_hand_joints,mse,-1,0.0006971701513975859
RA_handsout,bottle_cupnoodles_shelf,0,right_hand_joints,mae,-1,0.020912207663059235
RA_handsout,bottle_cupnoodles_shelf,0,right_hand_joints,normalized_mse,-1,
RA_handsout,bottle_cupnoodles_shelf,0,right_hand_joints,final_position_error,-1,0.05923210829496384
RA_handsout,bottle_cupnoodles_shelf,0,right_hand_joints,mean_squared_jerk_pred,-1,0.00034296989906579256
RA_handsout,bottle_cupnoodles_shelf,0,right_hand_joints,mean_squared_jerk_gt,-1,0.0
RA_handsout,bottle_cupnoodles_shelf,0,right_hand_joints,jerk_ratio_pred_over_gt,-1,
RA_handsout,bottle_cupnoodles_shelf,0,right_hand_joints,chunk_boundary_discontinuity,-1,0.0015317555516958237
RA_handsout,bottle_cupnoodles_shelf,0,right_hand_joints,mse_proprio_ablated,-1,0.0007408024976029992
RA_handsout,bottle_cupnoodles_shelf,0,right_hand_joints,proprio_leakage_gap,-1,4.363234620541334e-05
RA_handsout,bottle_cupnoodles_shelf,0,right_hand_joints,mse_at_horizon_idx,0,0.0008980976417660713
RA_handsout,bottle_cupnoodles_shelf,0,right_hand_joints,mse_at_horizon_idx,1,0.000899473438039422
RA_handsout,bottle_cupnoodles_shelf,0,right_hand_joints,mse_at_horizon_idx,2,0.0008907243609428406
RA_handsout,bottle_cupnoodles_shelf,0,right_hand_joints,mse_at_horizon_idx,3,0.0008827958372421563
RA_handsout,bottle_cupnoodles_shelf,0,right_hand_joints,mse_at_horizon_idx,4,0.000862207671161741
RA_handsout,bottle_cupnoodles_shelf,0,right_hand_joints,mse_at_horizon_idx,5,0.000851780700031668
RA_handsout,bottle_cupnoodles_shelf,0,right_hand_joints,mse_at_horizon_idx,6,0.0008372835000045598
RA_handsout,bottle_cupnoodles_shelf,0,right_hand_joints,mse_at_horizon_idx,7,0.0008178465068340302
RA_handsout,bottle_cupnoodles_shelf,0,right_hand_joints,mse_at_horizon_idx,8,0.0008007257129065692
RA_handsout,bottle_cupnoodles_shelf,0,right_hand_joints,mse_at_horizon_idx,9,0.0007832756382413208
RA_handsout,bottle_cupnoodles_shelf,0,right_hand_joints,mse_at_horizon_idx,10,0.0007490625721402466
RA_handsout,bottle_cupnoodles_shelf,0,right_hand_joints,mse_at_horizon_idx,11,0.0007386509096249938
RA_handsout,bottle_cupnoodles_shelf,0,right_hand_joints,mse_at_horizon_idx,12,0.0007143797702156007
RA_handsout,bottle_cupnoodles_shelf,0,right_hand_joints,mse_at_horizon_idx,13,0.0006936339777894318
RA_handsout,bottle_cupnoodles_shelf,0,right_hand_joints,mse_at_horizon_idx,14,0.0006752972840331495
RA_handsout,bottle_cupnoodles_shelf,0,right_hand_joints,mse_at_horizon_idx,15,0.0006432211957871914
RA_handsout,bottle_cupnoodles_shelf,0,right_hand_joints,mse_at_horizon_idx,16,0.0006226683617569506
RA_handsout,bottle_cupnoodles_shelf,0,right_hand_joints,mse_at_horizon_idx,17,0.000630752241704613
RA_handsout,bottle_cupnoodles_shelf,0,right_hand_joints,mse_at_horizon_idx,18,0.0005836386699229479
RA_handsout,bottle_cupnoodles_shelf,0,right_hand_joints,mse_at_horizon_idx,19,0.0006040467415004969
RA_handsout,bottle_cupnoodles_shelf,0,right_hand_joints,mse_at_horizon_idx,20,0.0005998095730319619
RA_handsout,bottle_cupnoodles_shelf,0,right_hand_joints,mse_at_horizon_idx,21,0.0006191692664287984
RA_handsout,bottle_cupnoodles_shelf,0,right_hand_joints,mse_at_horizon_idx,22,0.0005992393125779927
RA_handsout,bottle_cupnoodles_shelf,0,right_hand_joints,mse_at_horizon_idx,23,0.000612010364420712
RA_handsout,bottle_cupnoodles_shelf,0,right_hand_joints,mse_at_horizon_idx,24,0.0006283319089561701
RA_handsout,bottle_cupnoodles_shelf,0,right_hand_joints,mse_at_horizon_idx,25,0.0006176700117066503
RA_handsout,bottle_cupnoodles_shelf,0,right_hand_joints,mse_at_horizon_idx,26,0.0006171135464683175
RA_handsout,bottle_cupnoodles_shelf,0,right_hand_joints,mse_at_horizon_idx,27,0.0006014264654368162
RA_handsout,bottle_cupnoodles_shelf,0,right_hand_joints,mse_at_horizon_idx,28,0.0006077184225432575
RA_handsout,bottle_cupnoodles_shelf,0,right_hand_joints,mse_at_horizon_idx,29,0.0006266850396059453
RA_handsout,bottle_cupnoodles_shelf,0,right_hand_joints,mse_at_horizon_idx,30,0.0006205757963471115
RA_handsout,bottle_cupnoodles_shelf,0,right_hand_joints,mse_at_horizon_idx,31,0.000618437014054507
RA_handsout,bottle_cupnoodles_shelf,0,right_hand_joints,mse_at_horizon_idx,32,0.0006297473446466029
RA_handsout,bottle_cupnoodles_shelf,0,right_hand_joints,mse_at_horizon_idx,33,0.0006231219740584493
RA_handsout,bottle_cupnoodles_shelf,0,right_hand_joints,mse_at_horizon_idx,34,0.0006457234267145395
RA_handsout,bottle_cupnoodles_shelf,0,right_hand_joints,mse_at_horizon_idx,35,0.000650842091999948
RA_handsout,bottle_cupnoodles_shelf,0,right_hand_joints,mse_at_horizon_idx,36,0.0006822299328632653
RA_handsout,bottle_cupnoodles_shelf,0,right_hand_joints,mse_at_horizon_idx,37,0.0006955274729989469
RA_handsout,bottle_cupnoodles_shelf,0,right_hand_joints,mse_at_horizon_idx,38,0.0006864998722448945
RA_handsout,bottle_cupnoodles_shelf,0,right_hand_joints,mse_at_horizon_idx,39,0.0007029304979369044
RA_handsout,bottle_cupnoodles_shelf,0,right_hand_joints,grasp_precision,-1,0.0
RA_handsout,bottle_cupnoodles_shelf,0,right_hand_joints,grasp_recall,-1,
RA_handsout,bottle_cupnoodles_shelf,0,right_hand_joints,grasp_f1,-1,
RA_handsout,bottle_cupnoodles_shelf,0,right_hand_joints,grasp_n_gt_events,-1,0.0
RA_handsout,bottle_cupnoodles_shelf,0,right_hand_joints,grasp_n_pred_events,-1,62.0
RA_handsout,bottle_cupnoodles_shelf,0,right_hand_joints,grasp_onset_timing_error_signed_steps,-1,
RA_handsout,bottle_cupnoodles_shelf,0,right_hand_joints,grasp_spurious_transitions,-1,62.0
RA_handsout,bottle_cupnoodles_shelf,0,all,mse,-1,0.007889891043305397
RA_handsout,bottle_cupnoodles_shelf,0,all,mae,-1,0.06394198536872864
RA_handsout,bottle_cupnoodles_shelf,0,all,normalized_mse,-1,1.5253831148147583
RA_handsout,bottle_cupnoodles_shelf,0,all,final_position_error,-1,0.5426841378211975
RA_handsout,bottle_cupnoodles_shelf,0,all,mean_squared_jerk_pred,-1,0.0029889584984630346
RA_handsout,bottle_cupnoodles_shelf,0,all,mean_squared_jerk_gt,-1,0.0010034131119027734
RA_handsout,bottle_cupnoodles_shelf,0,all,jerk_ratio_pred_over_gt,-1,2.9787915495693187
RA_handsout,bottle_cupnoodles_shelf,0,all,chunk_boundary_discontinuity,-1,0.007188878022134304
RA_handsout,bottle_cupnoodles_shelf,0,all,mse_proprio_ablated,-1,0.008331222459673882
RA_handsout,bottle_cupnoodles_shelf,0,all,proprio_leakage_gap,-1,0.0004413314163684845
RA_handsout,bottle_cupnoodles_shelf,0,all,mse_at_horizon_idx,0,0.008385741151869297
RA_handsout,bottle_cupnoodles_shelf,0,all,mse_at_horizon_idx,1,0.008275517262518406
RA_handsout,bottle_cupnoodles_shelf,0,all,mse_at_horizon_idx,2,0.008188001811504364
RA_handsout,bottle_cupnoodles_shelf,0,all,mse_at_horizon_idx,3,0.008074953220784664
RA_handsout,bottle_cupnoodles_shelf,0,all,mse_at_horizon_idx,4,0.00793519988656044
RA_handsout,bottle_cupnoodles_shelf,0,all,mse_at_horizon_idx,5,0.00780482217669487
RA_handsout,bottle_cupnoodles_shelf,0,all,mse_at_horizon_idx,6,0.007684279233217239
RA_handsout,bottle_cupnoodles_shelf,0,all,mse_at_horizon_idx,7,0.007665213663130999
RA_handsout,bottle_cupnoodles_shelf,0,all,mse_at_horizon_idx,8,0.007644214201718569
RA_handsout,bottle_cupnoodles_shelf,0,all,mse_at_horizon_idx,9,0.007637701462954283
RA_handsout,bottle_cupnoodles_shelf,0,all,mse_at_horizon_idx,10,0.007589655928313732
RA_handsout,bottle_cupnoodles_shelf,0,all,mse_at_horizon_idx,11,0.007565941195935011
RA_handsout,bottle_cupnoodles_shelf,0,all,mse_at_horizon_idx,12,0.007637097965925932
RA_handsout,bottle_cupnoodles_shelf,0,all,mse_at_horizon_idx,13,0.007530215661972761
RA_handsout,bottle_cupnoodles_shelf,0,all,mse_at_horizon_idx,14,0.0074927532114088535
RA_handsout,bottle_cupnoodles_shelf,0,all,mse_at_horizon_idx,15,0.007585408631712198
RA_handsout,bottle_cupnoodles_shelf,0,all,mse_at_horizon_idx,16,0.007559667807072401
RA_handsout,bottle_cupnoodles_shelf,0,all,mse_at_horizon_idx,17,0.007527429610490799
RA_handsout,bottle_cupnoodles_shelf,0,all,mse_at_horizon_idx,18,0.0075027476996183395
RA_handsout,bottle_cupnoodles_shelf,0,all,mse_at_horizon_idx,19,0.007571556139737368
RA_handsout,bottle_cupnoodles_shelf,0,all,mse_at_horizon_idx,20,0.007476928178220987
RA_handsout,bottle_cupnoodles_shelf,0,all,mse_at_horizon_idx,21,0.00750406738370657
RA_handsout,bottle_cupnoodles_shelf,0,all,mse_at_horizon_idx,22,0.0074822306632995605
RA_handsout,bottle_cupnoodles_shelf,0,all,mse_at_horizon_idx,23,0.007497889455407858
RA_handsout,bottle_cupnoodles_shelf,0,all,mse_at_horizon_idx,24,0.0075844633392989635
RA_handsout,bottle_cupnoodles_shelf,0,all,mse_at_horizon_idx,25,0.007520646322518587
RA_handsout,bottle_cupnoodles_shelf,0,all,mse_at_horizon_idx,26,0.0075606172904372215
RA_handsout,bottle_cupnoodles_shelf,0,all,mse_at_horizon_idx,27,0.007595374248921871
RA_handsout,bottle_cupnoodles_shelf,0,all,mse_at_horizon_idx,28,0.007550873328000307
RA_handsout,bottle_cupnoodles_shelf,0,all,mse_at_horizon_idx,29,0.007616803050041199
RA_handsout,bottle_cupnoodles_shelf,0,all,mse_at_horizon_idx,30,0.007824735715985298
RA_handsout,bottle_cupnoodles_shelf,0,all,mse_at_horizon_idx,31,0.007827414199709892
RA_handsout,bottle_cupnoodles_shelf,0,all,mse_at_horizon_idx,32,0.008072544820606709
RA_handsout,bottle_cupnoodles_shelf,0,all,mse_at_horizon_idx,33,0.008267702534794807
RA_handsout,bottle_cupnoodles_shelf,0,all,mse_at_horizon_idx,34,0.008583146147429943
RA_handsout,bottle_cupnoodles_shelf,0,all,mse_at_horizon_idx,35,0.008687441237270832
RA_handsout,bottle_cupnoodles_shelf,0,all,mse_at_horizon_idx,36,0.008901507593691349
RA_handsout,bottle_cupnoodles_shelf,0,all,mse_at_horizon_idx,37,0.009054368361830711
RA_handsout,bottle_cupnoodles_shelf,0,all,mse_at_horizon_idx,38,0.009010124020278454
RA_handsout,bottle_cupnoodles_shelf,0,all,mse_at_horizon_idx,39,0.009135564789175987
RA_handsout,cup_wipe_sponge_dryingrack,2,motion_token,mse,-1,0.002440505428239703
RA_handsout,cup_wipe_sponge_dryingrack,2,motion_token,mae,-1,0.03230944275856018
RA_handsout,cup_wipe_sponge_dryingrack,2,motion_token,normalized_mse,-1,0.6912906169891357
RA_handsout,cup_wipe_sponge_dryingrack,2,motion_token,final_position_error,-1,0.2997394800186157
RA_handsout,cup_wipe_sponge_dryingrack,2,motion_token,mean_squared_jerk_pred,-1,0.001037220936268568
RA_handsout,cup_wipe_sponge_dryingrack,2,motion_token,mean_squared_jerk_gt,-1,0.0009948730003088713
RA_handsout,cup_wipe_sponge_dryingrack,2,motion_token,jerk_ratio_pred_over_gt,-1,1.0425661727140543
RA_handsout,cup_wipe_sponge_dryingrack,2,motion_token,chunk_boundary_discontinuity,-1,0.0020965575240552425
RA_handsout,cup_wipe_sponge_dryingrack,2,motion_token,on_grid_fraction,-1,1.0
RA_handsout,cup_wipe_sponge_dryingrack,2,motion_token,mse_proprio_ablated,-1,0.0029349427204579115
RA_handsout,cup_wipe_sponge_dryingrack,2,motion_token,proprio_leakage_gap,-1,0.0004944372922182083
RA_handsout,cup_wipe_sponge_dryingrack,2,motion_token,mse_at_horizon_idx,0,0.0018833705689758062
RA_handsout,cup_wipe_sponge_dryingrack,2,motion_token,mse_at_horizon_idx,1,0.0018397739622741938
RA_handsout,cup_wipe_sponge_dryingrack,2,motion_token,mse_at_horizon_idx,2,0.0018223354127258062
RA_handsout,cup_wipe_sponge_dryingrack,2,motion_token,mse_at_horizon_idx,3,0.0017758323810994625
RA_handsout,cup_wipe_sponge_dryingrack,2,motion_token,mse_at_horizon_idx,4,0.0018165225628763437
RA_handsout,cup_wipe_sponge_dryingrack,2,motion_token,mse_at_horizon_idx,5,0.001819428987801075
RA_handsout,cup_wipe_sponge_dryingrack,2,motion_token,mse_at_horizon_idx,6,0.0018281482625752687
RA_handsout,cup_wipe_sponge_dryingrack,2,motion_token,mse_at_horizon_idx,7,0.0019153413595631719
RA_handsout,cup_wipe_sponge_dryingrack,2,motion_token,mse_at_horizon_idx,8,0.0020170665811747313
RA_handsout,cup_wipe_sponge_dryingrack,2,motion_token,mse_at_horizon_idx,9,0.0021420433185994625
RA_handsout,cup_wipe_sponge_dryingrack,2,motion_token,mse_at_horizon_idx,10,0.0023135230876505375
RA_handsout,cup_wipe_sponge_dryingrack,2,motion_token,mse_at_horizon_idx,11,0.0023048038128763437
RA_handsout,cup_wipe_sponge_dryingrack,2,motion_token,mse_at_horizon_idx,12,0.0023222423624247313
RA_handsout,cup_wipe_sponge_dryingrack,2,motion_token,mse_at_horizon_idx,13,0.0024261474609375
RA_handsout,cup_wipe_sponge_dryingrack,2,motion_token,mse_at_horizon_idx,14,0.0025238036178052425
RA_handsout,cup_wipe_sponge_dryingrack,2,motion_token,mse_at_horizon_idx,15,0.0026214600075036287
RA_handsout,cup_wipe_sponge_dryingrack,2,motion_token,mse_at_horizon_idx,16,0.0026733397971838713
RA_handsout,cup_wipe_sponge_dryingrack,2,motion_token,mse_at_horizon_idx,17,0.0027587891090661287
RA_handsout,cup_wipe_sponge_dryingrack,2,motion_token,mse_at_horizon_idx,18,0.0028198242653161287
RA_handsout,cup_wipe_sponge_dryingrack,2,motion_token,mse_at_horizon_idx,19,0.0027832030318677425
RA_handsout,cup_wipe_sponge_dryingrack,2,motion_token,mse_at_horizon_idx,20,0.0028472901321947575
RA_handsout,cup_wipe_sponge_dryingrack,2,motion_token,mse_at_horizon_idx,21,0.0028076171875
RA_handsout,cup_wipe_sponge_dryingrack,2,motion_token,mse_at_horizon_idx,22,0.0027923583984375
RA_handsout,cup_wipe_sponge_dryingrack,2,motion_token,mse_at_horizon_idx,23,0.0027832030318677425
RA_handsout,cup_wipe_sponge_dryingrack,2,motion_token,mse_at_horizon_idx,24,0.0027313232421875
RA_handsout,cup_wipe_sponge_dryingrack,2,motion_token,mse_at_horizon_idx,25,0.0027374266646802425
RA_handsout,cup_wipe_sponge_dryingrack,2,motion_token,mse_at_horizon_idx,26,0.0026947022415697575
RA_handsout,cup_wipe_sponge_dryingrack,2,motion_token,mse_at_horizon_idx,27,0.00274658203125
RA_handsout,cup_wipe_sponge_dryingrack,2,motion_token,mse_at_horizon_idx,28,0.002685546875
RA_handsout,cup_wipe_sponge_dryingrack,2,motion_token,mse_at_horizon_idx,29,0.0027526854537427425
RA_handsout,cup_wipe_sponge_dryingrack,2,motion_token,mse_at_horizon_idx,30,0.0026489258743822575
RA_handsout,cup_wipe_sponge_dryingrack,2,motion_token,mse_at_horizon_idx,31,0.0026397705078125
RA_handsout,cup_wipe_sponge_dryingrack,2,motion_token,mse_at_horizon_idx,32,0.0026336670853197575
RA_handsout,cup_wipe_sponge_dryingrack,2,motion_token,mse_at_horizon_idx,33,0.0026000975631177425
RA_handsout,cup_wipe_sponge_dryingrack,2,motion_token,mse_at_horizon_idx,34,0.0025970458518713713
RA_handsout,cup_wipe_sponge_dryingrack,2,motion_token,mse_at_horizon_idx,35,0.0025878907181322575
RA_handsout,cup_wipe_sponge_dryingrack,2,motion_token,mse_at_horizon_idx,36,0.0025756836403161287
RA_handsout,cup_wipe_sponge_dryingrack,2,motion_token,mse_at_horizon_idx,37,0.0025482177734375
RA_handsout,cup_wipe_sponge_dryingrack,2,motion_token,mse_at_horizon_idx,38,0.0025115967728197575
RA_handsout,cup_wipe_sponge_dryingrack,2,motion_token,mse_at_horizon_idx,39,0.0025878907181322575
RA_handsout,cup_wipe_sponge_dryingrack,2,left_hand_joints,mse,-1,0.00043322419514879584
RA_handsout,cup_wipe_sponge_dryingrack,2,left_hand_joints,mae,-1,0.016941368579864502
RA_handsout,cup_wipe_sponge_dryingrack,2,left_hand_joints,normalized_mse,-1,
RA_handsout,cup_wipe_sponge_dryingrack,2,left_hand_joints,final_position_error,-1,0.03602300211787224
RA_handsout,cup_wipe_sponge_dryingrack,2,left_hand_joints,mean_squared_jerk_pred,-1,0.00019688051543198526
RA_handsout,cup_wipe_sponge_dryingrack,2,left_hand_joints,mean_squared_jerk_gt,-1,0.0
RA_handsout,cup_wipe_sponge_dryingrack,2,left_hand_joints,jerk_ratio_pred_over_gt,-1,
RA_handsout,cup_wipe_sponge_dryingrack,2,left_hand_joints,chunk_boundary_discontinuity,-1,0.0008029247401282191
RA_handsout,cup_wipe_sponge_dryingrack,2,left_hand_joints,mse_proprio_ablated,-1,0.0005638165166601539
RA_handsout,cup_wipe_sponge_dryingrack,2,left_hand_joints,proprio_leakage_gap,-1,0.00013059232151135802
RA_handsout,cup_wipe_sponge_dryingrack,2,left_hand_joints,mse_at_horizon_idx,0,0.0004424035141710192
RA_handsout,cup_wipe_sponge_dryingrack,2,left_hand_joints,mse_at_horizon_idx,1,0.0004195975780021399
RA_handsout,cup_wipe_sponge_dryingrack,2,left_hand_joints,mse_at_horizon_idx,2,0.00042873737402260303
RA_handsout,cup_wipe_sponge_dryingrack,2,left_hand_joints,mse_at_horizon_idx,3,0.00042820695671252906
RA_handsout,cup_wipe_sponge_dryingrack,2,left_hand_joints,mse_at_horizon_idx,4,0.0004143216065131128
RA_handsout,cup_wipe_sponge_dryingrack,2,left_hand_joints,mse_at_horizon_idx,5,0.0004249913617968559
RA_handsout,cup_wipe_sponge_dryingrack,2,left_hand_joints,mse_at_horizon_idx,6,0.0004198590759187937
RA_handsout,cup_wipe_sponge_dryingrack,2,left_hand_joints,mse_at_horizon_idx,7,0.0004217661917209625
RA_handsout,cup_wipe_sponge_dryingrack,2,left_hand_joints,mse_at_horizon_idx,8,0.00041446820250712335
RA_handsout,cup_wipe_sponge_dryingrack,2,left_hand_joints,mse_at_horizon_idx,9,0.0004332106909714639
RA_handsout,cup_wipe_sponge_dryingrack,2,left_hand_joints,mse_at_horizon_idx,10,0.0004240471462253481
RA_handsout,cup_wipe_sponge_dryingrack,2,left_hand_joints,mse_at_horizon_idx,11,0.0004222633724566549
RA_handsout,cup_wipe_sponge_dryingrack,2,left_hand_joints,mse_at_horizon_idx,12,0.00042153336107730865
RA_handsout,cup_wipe_sponge_dryingrack,2,left_hand_joints,mse_at_horizon_idx,13,0.0004594364727381617
RA_handsout,cup_wipe_sponge_dryingrack,2,left_hand_joints,mse_at_horizon_idx,14,0.00043016462586820126
RA_handsout,cup_wipe_sponge_dryingrack,2,left_hand_joints,mse_at_horizon_idx,15,0.00044267578050494194
RA_handsout,cup_wipe_sponge_dryingrack,2,left_hand_joints,mse_at_horizon_idx,16,0.0004445367376320064
RA_handsout,cup_wipe_sponge_dryingrack,2,left_hand_joints,mse_at_horizon_idx,17,0.00039996355189941823
RA_handsout,cup_wipe_sponge_dryingrack,2,left_hand_joints,mse_at_horizon_idx,18,0.00039831787580624223
RA_handsout,cup_wipe_sponge_dryingrack,2,left_hand_joints,mse_at_horizon_idx,19,0.0003735266509465873
RA_handsout,cup_wipe_sponge_dryingrack,2,left_hand_joints,mse_at_horizon_idx,20,0.00039253331487998366
RA_handsout,cup_wipe_sponge_dryingrack,2,left_hand_joints,mse_at_horizon_idx,21,0.0003911564126610756
RA_handsout,cup_wipe_sponge_dryingrack,2,left_hand_joints,mse_at_horizon_idx,22,0.0003946184297092259
RA_handsout,cup_wipe_sponge_dryingrack,2,left_hand_joints,mse_at_horizon_idx,23,0.0004163590201642364
RA_handsout,cup_wipe_sponge_dryingrack,2,left_hand_joints,mse_at_horizon_idx,24,0.00042413087794557214
RA_handsout,cup_wipe_sponge_dryingrack,2,left_hand_joints,mse_at_horizon_idx,25,0.0004428738320712
RA_handsout,cup_wipe_sponge_dryingrack,2,left_hand_joints,mse_at_horizon_idx,26,0.00045503341243602335
RA_handsout,cup_wipe_sponge_dryingrack,2,left_hand_joints,mse_at_horizon_idx,27,0.0004539064539130777
RA_handsout,cup_wipe_sponge_dryingrack,2,left_hand_joints,mse_at_horizon_idx,28,0.00045177986612543464
RA_handsout,cup_wipe_sponge_dryingrack,2,left_hand_joints,mse_at_horizon_idx,29,0.0004507616686169058
RA_handsout,cup_wipe_sponge_dryingrack,2,left_hand_joints,mse_at_horizon_idx,30,0.00045642792247235775
RA_handsout,cup_wipe_sponge_dryingrack,2,left_hand_joints,mse_at_horizon_idx,31,0.0004608950112015009
RA_handsout,cup_wipe_sponge_dryingrack,2,left_hand_joints,mse_at_horizon_idx,32,0.00044783554039895535
RA_handsout,cup_wipe_sponge_dryingrack,2,left_hand_joints,mse_at_horizon_idx,33,0.0004493348824325949
RA_handsout,cup_wipe_sponge_dryingrack,2,left_hand_joints,mse_at_horizon_idx,34,0.0004555043706204742
RA_handsout,cup_wipe_sponge_dryingrack,2,left_hand_joints,mse_at_horizon_idx,35,0.00045259841135703027
RA_handsout,cup_wipe_sponge_dryingrack,2,left_hand_joints,mse_at_horizon_idx,36,0.0004603220149874687
RA_handsout,cup_wipe_sponge_dryingrack,2,left_hand_joints,mse_at_horizon_idx,37,0.0004617345111910254
RA_handsout,cup_wipe_sponge_dryingrack,2,left_hand_joints,mse_at_horizon_idx,38,0.0004727260093204677
RA_handsout,cup_wipe_sponge_dryingrack,2,left_hand_joints,mse_at_horizon_idx,39,0.0004802335170097649
RA_handsout,cup_wipe_sponge_dryingrack,2,left_hand_joints,grasp_precision,-1,0.0
RA_handsout,cup_wipe_sponge_dryingrack,2,left_hand_joints,grasp_recall,-1,
RA_handsout,cup_wipe_sponge_dryingrack,2,left_hand_joints,grasp_f1,-1,
RA_handsout,cup_wipe_sponge_dryingrack,2,left_hand_joints,grasp_n_gt_events,-1,0.0
RA_handsout,cup_wipe_sponge_dryingrack,2,left_hand_joints,grasp_n_pred_events,-1,14.0
RA_handsout,cup_wipe_sponge_dryingrack,2,left_hand_joints,grasp_onset_timing_error_signed_steps,-1,
RA_handsout,cup_wipe_sponge_dryingrack,2,left_hand_joints,grasp_spurious_transitions,-1,14.0
RA_handsout,cup_wipe_sponge_dryingrack,2,right_hand_joints,mse,-1,0.00035273394314572215
RA_handsout,cup_wipe_sponge_dryingrack,2,right_hand_joints,mae,-1,0.01474339421838522
RA_handsout,cup_wipe_sponge_dryingrack,2,right_hand_joints,normalized_mse,-1,
RA_handsout,cup_wipe_sponge_dryingrack,2,right_hand_joints,final_position_error,-1,0.03392723202705383
RA_handsout,cup_wipe_sponge_dryingrack,2,right_hand_joints,mean_squared_jerk_pred,-1,0.0001690564095042646
RA_handsout,cup_wipe_sponge_dryingrack,2,right_hand_joints,mean_squared_jerk_gt,-1,0.0
RA_handsout,cup_wipe_sponge_dryingrack,2,right_hand_joints,jerk_ratio_pred_over_gt,-1,
RA_handsout,cup_wipe_sponge_dryingrack,2,right_hand_joints,chunk_boundary_discontinuity,-1,0.0006199834169819951
RA_handsout,cup_wipe_sponge_dryingrack,2,right_hand_joints,mse_proprio_ablated,-1,0.00036085359170101583
RA_handsout,cup_wipe_sponge_dryingrack,2,right_hand_joints,proprio_leakage_gap,-1,8.11964855529368e-06
RA_handsout,cup_wipe_sponge_dryingrack,2,right_hand_joints,mse_at_horizon_idx,0,0.0003767384623643011
RA_handsout,cup_wipe_sponge_dryingrack,2,right_hand_joints,mse_at_horizon_idx,1,0.0003576884919311851
RA_handsout,cup_wipe_sponge_dryingrack,2,right_hand_joints,mse_at_horizon_idx,2,0.0003628925187513232
RA_handsout,cup_wipe_sponge_dryingrack,2,right_hand_joints,mse_at_horizon_idx,3,0.0003615274326875806
RA_handsout,cup_wipe_sponge_dryingrack,2,right_hand_joints,mse_at_horizon_idx,4,0.00035427516559138894
RA_handsout,cup_wipe_sponge_dryingrack,2,right_hand_joints,mse_at_horizon_idx,5,0.00035819574259221554
RA_handsout,cup_wipe_sponge_dryingrack,2,right_hand_joints,mse_at_horizon_idx,6,0.0003560936020221561
RA_handsout,cup_wipe_sponge_dryingrack,2,right_hand_joints,mse_at_horizon_idx,7,0.0003540712932590395
RA_handsout,cup_wipe_sponge_dryingrack,2,right_hand_joints,mse_at_horizon_idx,8,0.00035198271507397294
RA_handsout,cup_wipe_sponge_dryingrack,2,right_hand_joints,mse_at_horizon_idx,9,0.00034810384386219084
RA_handsout,cup_wipe_sponge_dryingrack,2,right_hand_joints,mse_at_horizon_idx,10,0.0003516674041748047
RA_handsout,cup_wipe_sponge_dryingrack,2,right_hand_joints,mse_at_horizon_idx,11,0.0003552443231455982
RA_handsout,cup_wipe_sponge_dryingrack,2,right_hand_joints,mse_at_horizon_idx,12,0.0003615760651882738
RA_handsout,cup_wipe_sponge_dryingrack,2,right_hand_joints,mse_at_horizon_idx,13,0.0003685567935463041
RA_handsout,cup_wipe_sponge_dryingrack,2,right_hand_joints,mse_at_horizon_idx,14,0.0003842507430817932
RA_handsout,cup_wipe_sponge_dryingrack,2,right_hand_joints,mse_at_horizon_idx,15,0.0003723998961504549
RA_handsout,cup_wipe_sponge_dryingrack,2,right_hand_joints,mse_at_horizon_idx,16,0.00036934175295755267
RA_handsout,cup_wipe_sponge_dryingrack,2,right_hand_joints,mse_at_horizon_idx,17,0.0003549185930751264
RA_handsout,cup_wipe_sponge_dryingrack,2,right_hand_joints,mse_at_horizon_idx,18,0.0003683616523630917
RA_handsout,cup_wipe_sponge_dryingrack,2,right_hand_joints,mse_at_horizon_idx,19,0.00039051828207448125
RA_handsout,cup_wipe_sponge_dryingrack,2,right_hand_joints,mse_at_horizon_idx,20,0.00037076816079206765
RA_handsout,cup_wipe_sponge_dryingrack,2,right_hand_joints,mse_at_horizon_idx,21,0.00036782058305107057
RA_handsout,cup_wipe_sponge_dryingrack,2,right_hand_joints,mse_at_horizon_idx,22,0.00035511868190951645
RA_handsout,cup_wipe_sponge_dryingrack,2,right_hand_joints,mse_at_horizon_idx,23,0.0003500433231238276
RA_handsout,cup_wipe_sponge_dryingrack,2,right_hand_joints,mse_at_horizon_idx,24,0.00035464324173517525
RA_handsout,cup_wipe_sponge_dryingrack,2,right_hand_joints,mse_at_horizon_idx,25,0.00032887994893826544
RA_handsout,cup_wipe_sponge_dryingrack,2,right_hand_joints,mse_at_horizon_idx,26,0.0003194658493157476
RA_handsout,cup_wipe_sponge_dryingrack,2,right_hand_joints,mse_at_horizon_idx,27,0.0003198700142093003
RA_handsout,cup_wipe_sponge_dryingrack,2,right_hand_joints,mse_at_horizon_idx,28,0.00030660719494335353
RA_handsout,cup_wipe_sponge_dryingrack,2,right_hand_joints,mse_at_horizon_idx,29,0.0003232377930544317
RA_handsout,cup_wipe_sponge_dryingrack,2,right_hand_joints,mse_at_horizon_idx,30,0.0003321118128951639
RA_handsout,cup_wipe_sponge_dryingrack,2,right_hand_joints,mse_at_horizon_idx,31,0.0003375059459358454
RA_handsout,cup_wipe_sponge_dryingrack,2,right_hand_joints,mse_at_horizon_idx,32,0.0003416245453990996
RA_handsout,cup_wipe_sponge_dryingrack,2,right_hand_joints,mse_at_horizon_idx,33,0.0003287781437393278
RA_handsout,cup_wipe_sponge_dryingrack,2,right_hand_joints,mse_at_horizon_idx,34,0.00033112402888946235
RA_handsout,cup_wipe_sponge_dryingrack,2,right_hand_joints,mse_at_horizon_idx,35,0.00034536010934971273
RA_handsout,cup_wipe_sponge_dryingrack,2,right_hand_joints,mse_at_horizon_idx,36,0.0003452787932474166
RA_handsout,cup_wipe_sponge_dryingrack,2,right_hand_joints,mse_at_horizon_idx,37,0.00036391819594427943
RA_handsout,cup_wipe_sponge_dryingrack,2,right_hand_joints,mse_at_horizon_idx,38,0.0003627522964961827
RA_handsout,cup_wipe_sponge_dryingrack,2,right_hand_joints,mse_at_horizon_idx,39,0.0003628186823334545
RA_handsout,cup_wipe_sponge_dryingrack,2,right_hand_joints,grasp_precision,-1,0.0
RA_handsout,cup_wipe_sponge_dryingrack,2,right_hand_joints,grasp_recall,-1,
RA_handsout,cup_wipe_sponge_dryingrack,2,right_hand_joints,grasp_f1,-1,
RA_handsout,cup_wipe_sponge_dryingrack,2,right_hand_joints,grasp_n_gt_events,-1,0.0
RA_handsout,cup_wipe_sponge_dryingrack,2,right_hand_joints,grasp_n_pred_events,-1,21.0
RA_handsout,cup_wipe_sponge_dryingrack,2,right_hand_joints,grasp_onset_timing_error_signed_steps,-1,
RA_handsout,cup_wipe_sponge_dryingrack,2,right_hand_joints,grasp_spurious_transitions,-1,21.0
RA_handsout,cup_wipe_sponge_dryingrack,2,all,mse,-1,0.0020730006508529186
RA_handsout,cup_wipe_sponge_dryingrack,2,all,mae,-1,0.02935381606221199
RA_handsout,cup_wipe_sponge_dryingrack,2,all,normalized_mse,-1,0.6912906169891357
RA_handsout,cup_wipe_sponge_dryingrack,2,all,final_position_error,-1,0.3037967383861542
RA_handsout,cup_wipe_sponge_dryingrack,2,all,mean_squared_jerk_pred,-1,0.0008838935173116624
RA_handsout,cup_wipe_sponge_dryingrack,2,all,mean_squared_jerk_gt,-1,0.0008163060992956161
RA_handsout,cup_wipe_sponge_dryingrack,2,all,jerk_ratio_pred_over_gt,-1,1.0827966593344909
RA_handsout,cup_wipe_sponge_dryingrack,2,all,chunk_boundary_discontinuity,-1,0.0018479492282494903
RA_handsout,cup_wipe_sponge_dryingrack,2,all,mse_proprio_ablated,-1,0.0024911414366215467
RA_handsout,cup_wipe_sponge_dryingrack,2,all,proprio_leakage_gap,-1,0.0004181407857686281
RA_handsout,cup_wipe_sponge_dryingrack,2,all,mse_at_horizon_idx,0,0.0016188425943255424
RA_handsout,cup_wipe_sponge_dryingrack,2,all,mse_at_horizon_idx,1,0.0015793147031217813
RA_handsout,cup_wipe_sponge_dryingrack,2,all,mse_at_horizon_idx,2,0.0015662933001294732
RA_handsout,cup_wipe_sponge_dryingrack,2,all,mse_at_horizon_idx,3,0.001527966815046966
RA_handsout,cup_wipe_sponge_dryingrack,2,all,mse_at_horizon_idx,4,0.0015594566939398646
RA_handsout,cup_wipe_sponge_dryingrack,2,all,mse_at_horizon_idx,5,0.001563150784932077
RA_handsout,cup_wipe_sponge_dryingrack,2,all,mse_at_horizon_idx,6,0.0015696558402851224
RA_handsout,cup_wipe_sponge_dryingrack,2,all,mse_at_horizon_idx,7,0.0016411883989349008
RA_handsout,cup_wipe_sponge_dryingrack,2,all,mse_at_horizon_idx,8,0.0017238130094483495
RA_handsout,cup_wipe_sponge_dryingrack,2,all,mse_at_horizon_idx,9,0.001827692030929029
RA_handsout,cup_wipe_sponge_dryingrack,2,all,mse_at_horizon_idx,10,0.001967890653759241
RA_handsout,cup_wipe_sponge_dryingrack,2,all,mse_at_horizon_idx,11,0.00196089711971581
RA_handsout,cup_wipe_sponge_dryingrack,2,all,mse_at_horizon_idx,12,0.0019757088739424944
RA_handsout,cup_wipe_sponge_dryingrack,2,all,mse_at_horizon_idx,13,0.0020649922080338
RA_handsout,cup_wipe_sponge_dryingrack,2,all,mse_at_horizon_idx,14,0.0021439017727971077
RA_handsout,cup_wipe_sponge_dryingrack,2,all,mse_at_horizon_idx,15,0.0022240893449634314
RA_handsout,cup_wipe_sponge_dryingrack,2,all,mse_at_horizon_idx,16,0.0022665499709546566
RA_handsout,cup_wipe_sponge_dryingrack,2,all,mse_at_horizon_idx,17,0.0023313676938414574
RA_handsout,cup_wipe_sponge_dryingrack,2,all,mse_at_horizon_idx,18,0.0023825063835829496
RA_handsout,cup_wipe_sponge_dryingrack,2,all,mse_at_horizon_idx,19,0.002352222101762891
RA_handsout,cup_wipe_sponge_dryingrack,2,all,mse_at_horizon_idx,20,0.0024047396145761013
RA_handsout,cup_wipe_sponge_dryingrack,2,all,mse_at_horizon_idx,21,0.0023717989679425955
RA_handsout,cup_wipe_sponge_dryingrack,2,all,mse_at_horizon_idx,22,0.0023584498558193445
RA_handsout,cup_wipe_sponge_dryingrack,2,all,mse_at_horizon_idx,23,0.002352433744817972
RA_handsout,cup_wipe_sponge_dryingrack,2,all,mse_at_horizon_idx,24,0.002310975920408964
RA_handsout,cup_wipe_sponge_dryingrack,2,all,mse_at_horizon_idx,25,0.0023153533693403006
RA_handsout,cup_wipe_sponge_dryingrack,2,all,mse_at_horizon_idx,26,0.002280543791130185
RA_handsout,cup_wipe_sponge_dryingrack,2,all,mse_at_horizon_idx,27,0.002323047025129199
RA_handsout,cup_wipe_sponge_dryingrack,2,all,mse_at_horizon_idx,28,0.0022715856321156025
RA_handsout,cup_wipe_sponge_dryingrack,2,all,mse_at_horizon_idx,29,0.002328075235709548
RA_handsout,cup_wipe_sponge_dryingrack,2,all,mse_at_horizon_idx,30,0.002244244096800685
RA_handsout,cup_wipe_sponge_dryingrack,2,all,mse_at_horizon_idx,31,0.002237617038190365
RA_handsout,cup_wipe_sponge_dryingrack,2,all,mse_at_horizon_idx,32,0.002231806516647339
RA_handsout,cup_wipe_sponge_dryingrack,2,all,mse_at_horizon_idx,33,0.0022032437846064568
RA_handsout,cup_wipe_sponge_dryingrack,2,all,mse_at_horizon_idx,34,0.0022015045396983624
RA_handsout,cup_wipe_sponge_dryingrack,2,all,mse_at_horizon_idx,35,0.0021950092632323503
RA_handsout,cup_wipe_sponge_dryingrack,2,all,mse_at_horizon_idx,36,0.002185678808018565
RA_handsout,cup_wipe_sponge_dryingrack,2,all,mse_at_horizon_idx,37,0.002164942678064108
RA_handsout,cup_wipe_sponge_dryingrack,2,all,mse_at_horizon_idx,38,0.0021357762161642313
RA_handsout,cup_wipe_sponge_dryingrack,2,all,mse_at_horizon_idx,39,0.0021990560926496983
RA_handsout,floor_box_table,16,motion_token,mse,-1,0.0065185679122805595
RA_handsout,floor_box_table,16,motion_token,mae,-1,0.05640074983239174
RA_handsout,floor_box_table,16,motion_token,normalized_mse,-1,0.6678369045257568
RA_handsout,floor_box_table,16,motion_token,final_position_error,-1,0.7705517411231995
RA_handsout,floor_box_table,16,motion_token,mean_squared_jerk_pred,-1,0.0025222294498234987
RA_handsout,floor_box_table,16,motion_token,mean_squared_jerk_gt,-1,0.001409223536029458
RA_handsout,floor_box_table,16,motion_token,jerk_ratio_pred_over_gt,-1,1.7898008267233303
RA_handsout,floor_box_table,16,motion_token,chunk_boundary_discontinuity,-1,0.00630326708778739
RA_handsout,floor_box_table,16,motion_token,on_grid_fraction,-1,1.0
RA_handsout,floor_box_table,16,motion_token,mse_proprio_ablated,-1,0.0068084183149039745
RA_handsout,floor_box_table,16,motion_token,proprio_leakage_gap,-1,0.000289850402623415
RA_handsout,floor_box_table,16,motion_token,mse_at_horizon_idx,0,0.00548254931345582
RA_handsout,floor_box_table,16,motion_token,mse_at_horizon_idx,1,0.005307404790073633
RA_handsout,floor_box_table,16,motion_token,mse_at_horizon_idx,2,0.00521983252838254
RA_handsout,floor_box_table,16,motion_token,mse_at_horizon_idx,3,0.00510572362691164
RA_handsout,floor_box_table,16,motion_token,mse_at_horizon_idx,4,0.005113684572279453
RA_handsout,floor_box_table,16,motion_token,mse_at_horizon_idx,5,0.005235754884779453
RA_handsout,floor_box_table,16,motion_token,mse_at_horizon_idx,6,0.0055090864188969135
RA_handsout,floor_box_table,16,motion_token,mse_at_horizon_idx,7,0.005445397458970547
RA_handsout,floor_box_table,16,motion_token,mse_at_horizon_idx,8,0.00546397315338254
RA_handsout,floor_box_table,16,motion_token,mse_at_horizon_idx,9,0.00566565478220582
RA_handsout,floor_box_table,16,motion_token,mse_at_horizon_idx,10,0.005785071291029453
RA_handsout,floor_box_table,16,motion_token,mse_at_horizon_idx,11,0.005750573240220547
RA_handsout,floor_box_table,16,motion_token,mse_at_horizon_idx,12,0.0059814453125
RA_handsout,floor_box_table,16,motion_token,mse_at_horizon_idx,13,0.006023904774338007
RA_handsout,floor_box_table,16,motion_token,mse_at_horizon_idx,14,0.00600267481058836
RA_handsout,floor_box_table,16,motion_token,mse_at_horizon_idx,15,0.00608228612691164
RA_handsout,floor_box_table,16,motion_token,mse_at_horizon_idx,16,0.00621497118845582
RA_handsout,floor_box_table,16,motion_token,mse_at_horizon_idx,17,0.0064962636679410934
RA_handsout,floor_box_table,16,motion_token,mse_at_horizon_idx,18,0.006599757820367813
RA_handsout,floor_box_table,16,motion_token,mse_at_horizon_idx,19,0.006634256336838007
RA_handsout,floor_box_table,16,motion_token,mse_at_horizon_idx,20,0.0070641557686030865
RA_handsout,floor_box_table,16,motion_token,mse_at_horizon_idx,21,0.00715172803029418
RA_handsout,floor_box_table,16,motion_token,mse_at_horizon_idx,22,0.0072791059501469135
RA_handsout,floor_box_table,16,motion_token,mse_at_horizon_idx,23,0.007377292960882187
RA_handsout,floor_box_table,16,motion_token,mse_at_horizon_idx,24,0.007647970225661993
RA_handsout,floor_box_table,16,motion_token,mse_at_horizon_idx,25,0.00787353515625
RA_handsout,floor_box_table,16,motion_token,mse_at_horizon_idx,26,0.00750732421875
RA_handsout,floor_box_table,16,motion_token,mse_at_horizon_idx,27,0.007560398429632187
RA_handsout,floor_box_table,16,motion_token,mse_at_horizon_idx,28,0.007451596669852734
RA_handsout,floor_box_table,16,motion_token,mse_at_horizon_idx,29,0.007249915041029453
RA_handsout,floor_box_table,16,motion_token,mse_at_horizon_idx,30,0.0071570356376469135
RA_handsout,floor_box_table,16,motion_token,mse_at_horizon_idx,31,0.007183572743088007
RA_handsout,floor_box_table,16,motion_token,mse_at_horizon_idx,32,0.007077424321323633
RA_handsout,floor_box_table,16,motion_token,mse_at_horizon_idx,33,0.007183572743088007
RA_handsout,floor_box_table,16,motion_token,mse_at_horizon_idx,34,0.007422405760735273
RA_handsout,floor_box_table,16,motion_token,mse_at_horizon_idx,35,0.007085385732352734
RA_handsout,floor_box_table,16,motion_token,mse_at_horizon_idx,36,0.006999622564762831
RA_handsout,floor_box_table,16,motion_token,mse_at_horizon_idx,37,0.007010720204561949
RA_handsout,floor_box_table,16,motion_token,mse_at_horizon_idx,38,0.007182728033512831
RA_handsout,floor_box_table,16,motion_token,mse_at_horizon_idx,39,0.0072604091838002205
RA_handsout,floor_box_table,16,left_hand_joints,mse,-1,0.0006005836767144501
RA_handsout,floor_box_table,16,left_hand_joints,mae,-1,0.01932585798203945
RA_handsout,floor_box_table,16,left_hand_joints,normalized_mse,-1,
RA_handsout,floor_box_table,16,left_hand_joints,final_position_error,-1,0.0677393302321434
RA_handsout,floor_box_table,16,left_hand_joints,mean_squared_jerk_pred,-1,0.00026395011809654534
RA_handsout,floor_box_table,16,left_hand_joints,mean_squared_jerk_gt,-1,0.0
RA_handsout,floor_box_table,16,left_hand_joints,jerk_ratio_pred_over_gt,-1,
RA_handsout,floor_box_table,16,left_hand_joints,chunk_boundary_discontinuity,-1,0.0012776260264217854
RA_handsout,floor_box_table,16,left_hand_joints,mse_proprio_ablated,-1,0.000584120221901685
RA_handsout,floor_box_table,16,left_hand_joints,proprio_leakage_gap,-1,-1.646345481276512e-05
RA_handsout,floor_box_table,16,left_hand_joints,mse_at_horizon_idx,0,0.0007699712878093123
RA_handsout,floor_box_table,16,left_hand_joints,mse_at_horizon_idx,1,0.0007739742286503315
RA_handsout,floor_box_table,16,left_hand_joints,mse_at_horizon_idx,2,0.0007553172763437033
RA_handsout,floor_box_table,16,left_hand_joints,mse_at_horizon_idx,3,0.0007503838278353214
RA_handsout,floor_box_table,16,left_hand_joints,mse_at_horizon_idx,4,0.0007437305757775903
RA_handsout,floor_box_table,16,left_hand_joints,mse_at_horizon_idx,5,0.0007235260563902557
RA_handsout,floor_box_table,16,left_hand_joints,mse_at_horizon_idx,6,0.0007174144848249853
RA_handsout,floor_box_table,16,left_hand_joints,mse_at_horizon_idx,7,0.0006928956718184054
RA_handsout,floor_box_table,16,left_hand_joints,mse_at_horizon_idx,8,0.0006817030371166766
RA_handsout,floor_box_table,16,left_hand_joints,mse_at_horizon_idx,9,0.0006616576574742794
RA_handsout,floor_box_table,16,left_hand_joints,mse_at_horizon_idx,10,0.0006538245943374932
RA_handsout,floor_box_table,16,left_hand_joints,mse_at_horizon_idx,11,0.000646852538920939
RA_handsout,floor_box_table,16,left_hand_joints,mse_at_horizon_idx,12,0.0006556898588314652
RA_handsout,floor_box_table,16,left_hand_joints,mse_at_horizon_idx,13,0.0006335873040370643
RA_handsout,floor_box_table,16,left_hand_joints,mse_at_horizon_idx,14,0.0006210999563336372
RA_handsout,floor_box_table,16,left_hand_joints,mse_at_horizon_idx,15,0.0006197373731993139
RA_handsout,floor_box_table,16,left_hand_joints,mse_at_horizon_idx,16,0.000597610604017973
RA_handsout,floor_box_table,16,left_hand_joints,mse_at_horizon_idx,17,0.0005576862604357302
RA_handsout,floor_box_table,16,left_hand_joints,mse_at_horizon_idx,18,0.0005645197234116495
RA_handsout,floor_box_table,16,left_hand_joints,mse_at_horizon_idx,19,0.0005592909292317927
RA_handsout,floor_box_table,16,left_hand_joints,mse_at_horizon_idx,20,0.0005119796842336655
RA_handsout,floor_box_table,16,left_hand_joints,mse_at_horizon_idx,21,0.000532893871422857
RA_handsout,floor_box_table,16,left_hand_joints,mse_at_horizon_idx,22,0.0005149626522324979
RA_handsout,floor_box_table,16,left_hand_joints,mse_at_horizon_idx,23,0.0004835030413232744
RA_handsout,floor_box_table,16,left_hand_joints,mse_at_horizon_idx,24,0.0004893558798357844
RA_handsout,floor_box_table,16,left_hand_joints,mse_at_horizon_idx,25,0.0004674541123677045
RA_handsout,floor_box_table,16,left_hand_joints,mse_at_horizon_idx,26,0.0004803005140274763
RA_handsout,floor_box_table,16,left_hand_joints,mse_at_horizon_idx,27,0.000485224969452247
RA_handsout,floor_box_table,16,left_hand_joints,mse_at_horizon_idx,28,0.0004945890395902097
RA_handsout,floor_box_table,16,left_hand_joints,mse_at_horizon_idx,29,0.0004881484783254564
RA_handsout,floor_box_table,16,left_hand_joints,mse_at_horizon_idx,30,0.0005227560759522021
RA_handsout,floor_box_table,16,left_hand_joints,mse_at_horizon_idx,31,0.0005266822990961373
RA_handsout,floor_box_table,16,left_hand_joints,mse_at_horizon_idx,32,0.0005359519273042679
RA_handsout,floor_box_table,16,left_hand_joints,mse_at_horizon_idx,33,0.0005384753458201885
RA_handsout,floor_box_table,16,left_hand_joints,mse_at_horizon_idx,34,0.0005556854302994907
RA_handsout,floor_box_table,16,left_hand_joints,mse_at_horizon_idx,35,0.0005762120126746595
RA_handsout,floor_box_table,16,left_hand_joints,mse_at_horizon_idx,36,0.0005747232935391366
RA_handsout,floor_box_table,16,left_hand_joints,mse_at_horizon_idx,37,0.000593499920796603
RA_handsout,floor_box_table,16,left_hand_joints,mse_at_horizon_idx,38,0.0006241087685339153
RA_handsout,floor_box_table,16,left_hand_joints,mse_at_horizon_idx,39,0.0006480172160081565
RA_handsout,floor_box_table,16,left_hand_joints,grasp_precision,-1,0.0
RA_handsout,floor_box_table,16,left_hand_joints,grasp_recall,-1,
RA_handsout,floor_box_table,16,left_hand_joints,grasp_f1,-1,
RA_handsout,floor_box_table,16,left_hand_joints,grasp_n_gt_events,-1,0.0
RA_handsout,floor_box_table,16,left_hand_joints,grasp_n_pred_events,-1,21.0
RA_handsout,floor_box_table,16,left_hand_joints,grasp_onset_timing_error_signed_steps,-1,
RA_handsout,floor_box_table,16,left_hand_joints,grasp_spurious_transitions,-1,21.0
RA_handsout,floor_box_table,16,right_hand_joints,mse,-1,0.0004521734081208706
RA_handsout,floor_box_table,16,right_hand_joints,mae,-1,0.017183199524879456
RA_handsout,floor_box_table,16,right_hand_joints,normalized_mse,-1,
RA_handsout,floor_box_table,16,right_hand_joints,final_position_error,-1,0.08588418364524841
RA_handsout,floor_box_table,16,right_hand_joints,mean_squared_jerk_pred,-1,0.00022777309641242027
RA_handsout,floor_box_table,16,right_hand_joints,mean_squared_jerk_gt,-1,0.0
RA_handsout,floor_box_table,16,right_hand_joints,jerk_ratio_pred_over_gt,-1,
RA_handsout,floor_box_table,16,right_hand_joints,chunk_boundary_discontinuity,-1,0.0010465512750670314
RA_handsout,floor_box_table,16,right_hand_joints,mse_proprio_ablated,-1,0.0004705025639850646
RA_handsout,floor_box_table,16,right_hand_joints,proprio_leakage_gap,-1,1.8329155864194036e-05
RA_handsout,floor_box_table,16,right_hand_joints,mse_at_horizon_idx,0,0.0004717646224889904
RA_handsout,floor_box_table,16,right_hand_joints,mse_at_horizon_idx,1,0.0004656879755202681
RA_handsout,floor_box_table,16,right_hand_joints,mse_at_horizon_idx,2,0.00044923831592313945
RA_handsout,floor_box_table,16,right_hand_joints,mse_at_horizon_idx,3,0.00043603815720416605
RA_handsout,floor_box_table,16,right_hand_joints,mse_at_horizon_idx,4,0.00041799049358814955
RA_handsout,floor_box_table,16,right_hand_joints,mse_at_horizon_idx,5,0.0004054091696161777
RA_handsout,floor_box_table,16,right_hand_joints,mse_at_horizon_idx,6,0.00039242225466296077
RA_handsout,floor_box_table,16,right_hand_joints,mse_at_horizon_idx,7,0.0003822559956461191
RA_handsout,floor_box_table,16,right_hand_joints,mse_at_horizon_idx,8,0.0003665167896542698
RA_handsout,floor_box_table,16,right_hand_joints,mse_at_horizon_idx,9,0.0003620344796217978
RA_handsout,floor_box_table,16,right_hand_joints,mse_at_horizon_idx,10,0.00035584394936449826
RA_handsout,floor_box_table,16,right_hand_joints,mse_at_horizon_idx,11,0.0003556641167961061
RA_handsout,floor_box_table,16,right_hand_joints,mse_at_horizon_idx,12,0.0003488213988021016
RA_handsout,floor_box_table,16,right_hand_joints,mse_at_horizon_idx,13,0.00034253497142344713
RA_handsout,floor_box_table,16,right_hand_joints,mse_at_horizon_idx,14,0.000356435077264905
RA_handsout,floor_box_table,16,right_hand_joints,mse_at_horizon_idx,15,0.0003606050740927458
RA_handsout,floor_box_table,16,right_hand_joints,mse_at_horizon_idx,16,0.00036870077019557357
RA_handsout,floor_box_table,16,right_hand_joints,mse_at_horizon_idx,17,0.0003723704721778631
RA_handsout,floor_box_table,16,right_hand_joints,mse_at_horizon_idx,18,0.0003956446598749608
RA_handsout,floor_box_table,16,right_hand_joints,mse_at_horizon_idx,19,0.0004009749391116202
RA_handsout,floor_box_table,16,right_hand_joints,mse_at_horizon_idx,20,0.000422575423726812
RA_handsout,floor_box_table,16,right_hand_joints,mse_at_horizon_idx,21,0.0004641046398319304
RA_handsout,floor_box_table,16,right_hand_joints,mse_at_horizon_idx,22,0.0004445248923730105
RA_handsout,floor_box_table,16,right_hand_joints,mse_at_horizon_idx,23,0.00045982879237271845
RA_handsout,floor_box_table,16,right_hand_joints,mse_at_horizon_idx,24,0.00048355842591263354
RA_handsout,floor_box_table,16,right_hand_joints,mse_at_horizon_idx,25,0.0004993597976863384
RA_handsout,floor_box_table,16,right_hand_joints,mse_at_horizon_idx,26,0.0005030325846746564
RA_handsout,floor_box_table,16,right_hand_joints,mse_at_horizon_idx,27,0.0004905746318399906
RA_handsout,floor_box_table,16,right_hand_joints,mse_at_horizon_idx,28,0.0005094746593385935
RA_handsout,floor_box_table,16,right_hand_joints,mse_at_horizon_idx,29,0.0005004160339012742
RA_handsout,floor_box_table,16,right_hand_joints,mse_at_horizon_idx,30,0.0005091773346066475
RA_handsout,floor_box_table,16,right_hand_joints,mse_at_horizon_idx,31,0.000524091359693557
RA_handsout,floor_box_table,16,right_hand_joints,mse_at_horizon_idx,32,0.0005285348743200302
RA_handsout,floor_box_table,16,right_hand_joints,mse_at_horizon_idx,33,0.000544423412065953
RA_handsout,floor_box_table,16,right_hand_joints,mse_at_horizon_idx,34,0.0005465223803184927
RA_handsout,floor_box_table,16,right_hand_joints,mse_at_horizon_idx,35,0.0005683245253749192
RA_handsout,floor_box_table,16,right_hand_joints,mse_at_horizon_idx,36,0.0005524043226614594
RA_handsout,floor_box_table,16,right_hand_joints,mse_at_horizon_idx,37,0.0005494360812008381
RA_handsout,floor_box_table,16,right_hand_joints,mse_at_horizon_idx,38,0.0005933883949182928
RA_handsout,floor_box_table,16,right_hand_joints,mse_at_horizon_idx,39,0.000607719412073493
RA_handsout,floor_box_table,16,right_hand_joints,grasp_precision,-1,0.0
RA_handsout,floor_box_table,16,right_hand_joints,grasp_recall,-1,
RA_handsout,floor_box_table,16,right_hand_joints,grasp_f1,-1,
RA_handsout,floor_box_table,16,right_hand_joints,grasp_n_gt_events,-1,0.0
RA_handsout,floor_box_table,16,right_hand_joints,grasp_n_pred_events,-1,14.0
RA_handsout,floor_box_table,16,right_hand_joints,grasp_onset_timing_error_signed_steps,-1,
RA_handsout,floor_box_table,16,right_hand_joints,grasp_spurious_transitions,-1,14.0
RA_handsout,floor_box_table,16,all,mse,-1,0.0054430472664535046
RA_handsout,floor_box_table,16,all,mae,-1,0.049553994089365005
RA_handsout,floor_box_table,16,all,normalized_mse,-1,0.6678369045257568
RA_handsout,floor_box_table,16,all,final_position_error,-1,0.778276801109314
RA_handsout,floor_box_table,16,all,mean_squared_jerk_pred,-1,0.002113650320097804
RA_handsout,floor_box_table,16,all,mean_squared_jerk_gt,-1,0.0011562859872356057
RA_handsout,floor_box_table,16,all,jerk_ratio_pred_over_gt,-1,1.827965004705298
RA_handsout,floor_box_table,16,all,chunk_boundary_discontinuity,-1,0.00538049079477787
RA_handsout,floor_box_table,16,all,mse_proprio_ablated,-1,0.0056810397654771805
RA_handsout,floor_box_table,16,all,proprio_leakage_gap,-1,0.00023799249902367592
RA_handsout,floor_box_table,16,all,mse_at_horizon_idx,0,0.0046099391765892506
RA_handsout,floor_box_table,16,all,mse_at_horizon_idx,1,0.004466045647859573
RA_handsout,floor_box_table,16,all,mse_at_horizon_idx,2,0.0043910411186516285
RA_handsout,floor_box_table,16,all,mse_at_horizon_idx,3,0.004295785445719957
RA_handsout,floor_box_table,16,all,mse_at_horizon_idx,4,0.0043001011945307255
RA_handsout,floor_box_table,16,all,mse_at_horizon_idx,5,0.004397318232804537
RA_handsout,floor_box_table,16,all,mse_at_horizon_idx,6,0.004619876854121685
RA_handsout,floor_box_table,16,all,mse_at_horizon_idx,7,0.004564506467431784
RA_handsout,floor_box_table,16,all,mse_at_horizon_idx,8,0.004577331244945526
RA_handsout,floor_box_table,16,all,mse_at_horizon_idx,9,0.004740612115710974
RA_handsout,floor_box_table,16,all,mse_at_horizon_idx,10,0.0048373364843428135
RA_handsout,floor_box_table,16,all,mse_at_horizon_idx,11,0.004808388184756041
RA_handsout,floor_box_table,16,all,mse_at_horizon_idx,12,0.004998001269996166
RA_handsout,floor_box_table,16,all,mse_at_horizon_idx,13,0.0050302911549806595
RA_handsout,floor_box_table,16,all,mse_at_horizon_idx,14,0.005012999288737774
RA_handsout,floor_box_table,16,all,mse_at_horizon_idx,15,0.005078572779893875
RA_handsout,floor_box_table,16,all,mse_at_horizon_idx,16,0.0051861838437616825
RA_handsout,floor_box_table,16,all,mse_at_horizon_idx,17,0.005413734819740057
RA_handsout,floor_box_table,16,all,mse_at_horizon_idx,18,0.005501354578882456
RA_handsout,floor_box_table,16,all,mse_at_horizon_idx,19,0.0055296700447797775
RA_handsout,floor_box_table,16,all,mse_at_horizon_idx,20,0.005880100652575493
RA_handsout,floor_box_table,16,all,mse_at_horizon_idx,21,0.005957558751106262
RA_handsout,floor_box_table,16,all,mse_at_horizon_idx,22,0.006058707367628813
RA_handsout,floor_box_table,16,all,mse_at_horizon_idx,23,0.0061378213576972485
RA_handsout,floor_box_table,16,all,mse_at_horizon_idx,24,0.00636257091537118
RA_handsout,floor_box_table,16,all,mse_at_horizon_idx,25,0.006547101773321629
RA_handsout,floor_box_table,16,all,mse_at_horizon_idx,26,0.006248104386031628
RA_handsout,floor_box_table,16,all,mse_at_horizon_idx,27,0.006290975958108902
RA_handsout,floor_box_table,16,all,mse_at_horizon_idx,28,0.006204239092767239
RA_handsout,floor_box_table,16,all,mse_at_horizon_idx,29,0.006037366110831499
RA_handsout,floor_box_table,16,all,mse_at_horizon_idx,30,0.005965048912912607
RA_handsout,floor_box_table,16,all,mse_at_horizon_idx,31,0.005988513585180044
RA_handsout,floor_box_table,16,all,mse_at_horizon_idx,32,0.005902648437768221
RA_handsout,floor_box_table,16,all,mse_at_horizon_idx,33,0.005991396494209766
RA_handsout,floor_box_table,16,all,mse_at_horizon_idx,34,0.006189095787703991
RA_handsout,floor_box_table,16,all,mse_at_horizon_idx,35,0.005916364025324583
RA_handsout,floor_box_table,16,all,mse_at_horizon_idx,36,0.005844431929290295
RA_handsout,floor_box_table,16,all,mse_at_horizon_idx,37,0.005854956340044737
RA_handsout,floor_box_table,16,all,mse_at_horizon_idx,38,0.00600278377532959
RA_handsout,floor_box_table,16,all,mse_at_horizon_idx,39,0.006069952622056007
